{"mean":{"confidence_interval":{"confidence_level":0.95,"lower_bound":67.10918709074966,"upper_bound":68.95027373747216},"point_estimate":68.063713169026,"standard_error":0.47035498664741004},"median":{"confidence_interval":{"confidence_level":0.95,"lower_bound":67.39848362609557,"upper_bound":69.66459509883018},"point_estimate":68.49920522868284,"standard_error":0.6064811582219035},"median_abs_dev":{"confidence_interval":{"confidence_level":0.95,"lower_bound":2.8691191697784997,"upper_bound":4.298746644036581},"point_estimate":3.589442070937541,"standard_error":0.3602175102866666},"slope":{"confidence_interval":{"confidence_level":0.95,"lower_bound":69.78722381290687,"upper_bound":71.15256062901517},"point_estimate":70.48919081180394,"standard_error":0.34816252249285384},"std_dev":{"confidence_interval":{"confidence_level":0.95,"lower_bound":3.5737678555241166,"upper_bound":5.775986035681801},"point_estimate":4.731266740150933,"standard_error":0.5636596151376564}}