{"mean":{"confidence_interval":{"confidence_level":0.95,"lower_bound":61.433353266587346,"upper_bound":62.70369214904533},"point_estimate":62.09539906705823,"standard_error":0.3245343952949838},"median":{"confidence_interval":{"confidence_level":0.95,"lower_bound":63.5140382751938,"upper_bound":63.64737679955703},"point_estimate":63.58450676041103,"standard_error":0.0371529448425785},"median_abs_dev":{"confidence_interval":{"confidence_level":0.95,"lower_bound":0.319475781793365,"upper_bound":0.6189817421567194},"point_estimate":0.43771970518803965,"standard_error":0.07463992576539343},"slope":{"confidence_interval":{"confidence_level":0.95,"lower_bound":63.520311407728016,"upper_bound":63.665331041095044},"point_estimate":63.595906446354455,"standard_error":0.03695534485257414},"std_dev":{"confidence_interval":{"confidence_level":0.95,"lower_bound":2.550805282802336,"upper_bound":3.8334537125990176},"point_estimate":3.2586336470007184,"standard_error":0.3276018019762082}}