{"mean":{"confidence_interval":{"confidence_level":0.95,"lower_bound":56.46135575612997,"upper_bound":57.485404078084045},"point_estimate":56.92065865100825,"standard_error":0.2629824605285901},"median":{"confidence_interval":{"confidence_level":0.95,"lower_bound":56.08848137070383,"upper_bound":56.82631132432674},"point_estimate":56.53453346171095,"standard_error":0.1987875780452162},"median_abs_dev":{"confidence_interval":{"confidence_level":0.95,"lower_bound":1.0239780719249878,"upper_bound":1.7321058499685884},"point_estimate":1.3666161632018408,"standard_error":0.1760819283037752},"slope":{"confidence_interval":{"confidence_level":0.95,"lower_bound":56.36740352630859,"upper_bound":57.390142054593014},"point_estimate":56.81781137776504,"standard_error":0.2617953454401055},"std_dev":{"confidence_interval":{"confidence_level":0.95,"lower_bound":1.4119440572959228,"upper_bound":3.8645531648952773},"point_estimate":2.6381381406932323,"standard_error":0.676095566524533}}