{"mean":{"confidence_interval":{"confidence_level":0.95,"lower_bound":57.496915993771886,"upper_bound":58.919908450218244},"point_estimate":58.16565268168672,"standard_error":0.36373394035841644},"median":{"confidence_interval":{"confidence_level":0.95,"lower_bound":57.01251328847404,"upper_bound":58.09940461476191},"point_estimate":57.427811692750765,"standard_error":0.2734446376475556},"median_abs_dev":{"confidence_interval":{"confidence_level":0.95,"lower_bound":1.7548665689132448,"upper_bound":2.954435178150636},"point_estimate":2.3856536930273267,"standard_error":0.30927239674008233},"slope":{"confidence_interval":{"confidence_level":0.95,"lower_bound":57.0605163302143,"upper_bound":58.67266826361012},"point_estimate":57.79035366841292,"standard_error":0.4134468348888148},"std_dev":{"confidence_interval":{"confidence_level":0.95,"lower_bound":2.4639073107525884,"upper_bound":4.748350609071178},"point_estimate":3.6739301520794414,"standard_error":0.5828927207496724}}