{"mean":{"confidence_interval":{"confidence_level":0.95,"lower_bound":56.796549218579905,"upper_bound":57.77576285093161},"point_estimate":57.26483266116745,"standard_error":0.24907589527284085},"median":{"confidence_interval":{"confidence_level":0.95,"lower_bound":56.7105615329551,"upper_bound":57.56274841235735},"point_estimate":57.02653043830474,"standard_error":0.22432081906572468},"median_abs_dev":{"confidence_interval":{"confidence_level":0.95,"lower_bound":1.345421954651947,"upper_bound":2.1717714676605073},"point_estimate":1.6738578686560455,"standard_error":0.2113178452633807},"slope":{"confidence_interval":{"confidence_level":0.95,"lower_bound":57.32314995534983,"upper_bound":58.35110455199468},"point_estimate":57.78337190940294,"standard_error":0.26329968021607403},"std_dev":{"confidence_interval":{"confidence_level":0.95,"lower_bound":1.762100915354479,"upper_bound":3.3342142153285907},"point_estimate":2.511449144330278,"standard_error":0.42240434869329874}}