{"mean":{"confidence_interval":{"confidence_level":0.95,"lower_bound":37.23160437667978,"upper_bound":37.48903597411525},"point_estimate":37.36496058917835,"standard_error":0.06569543169359056},"median":{"confidence_interval":{"confidence_level":0.95,"lower_bound":37.323305430071834,"upper_bound":37.52321668085615},"point_estimate":37.41856138271439,"standard_error":0.047317138254450775},"median_abs_dev":{"confidence_interval":{"confidence_level":0.95,"lower_bound":0.28671799853950053,"upper_bound":0.5266021561401337},"point_estimate":0.358759077376967,"standard_error":0.0637425536426269},"slope":{"confidence_interval":{"confidence_level":0.95,"lower_bound":37.39883377259954,"upper_bound":37.60222666192058},"point_estimate":37.4943141658041,"standard_error":0.05207079319616479},"std_dev":{"confidence_interval":{"confidence_level":0.95,"lower_bound":0.5009965461553989,"upper_bound":0.7962810321057834},"point_estimate":0.6601470932049243,"standard_error":0.07531819590948287}}