{"mean":{"confidence_interval":{"confidence_level":0.95,"lower_bound":253.096649444858,"upper_bound":260.01327915261743},"point_estimate":256.42109756673284,"standard_error":1.764677117708944},"median":{"confidence_interval":{"confidence_level":0.95,"lower_bound":251.16397945887383,"upper_bound":257.2173759580476},"point_estimate":253.05329288778233,"standard_error":1.6175705278505346},"median_abs_dev":{"confidence_interval":{"confidence_level":0.95,"lower_bound":10.944989225220764,"upper_bound":18.333406724889333},"point_estimate":15.152843673472237,"standard_error":1.8838195920538356},"slope":{"confidence_interval":{"confidence_level":0.95,"lower_bound":258.6226709111049,"upper_bound":265.4530896104054},"point_estimate":262.1818445536567,"standard_error":1.7380576162843135},"std_dev":{"confidence_interval":{"confidence_level":0.95,"lower_bound":12.99206965532455,"upper_bound":22.539692869667977},"point_estimate":17.809827063691383,"standard_error":2.471820769481202}}