{"mean":{"confidence_interval":{"confidence_level":0.95,"lower_bound":261.96805658240663,"upper_bound":294.99517213326084},"point_estimate":274.89816426163975,"standard_error":8.732673910289618},"median":{"confidence_interval":{"confidence_level":0.95,"lower_bound":257.9735271968951,"upper_bound":264.8315045564441},"point_estimate":262.2474577934825,"standard_error":1.6006648245105424},"median_abs_dev":{"confidence_interval":{"confidence_level":0.95,"lower_bound":15.990241141793156,"upper_bound":26.993951195915272},"point_estimate":22.69964283616963,"standard_error":2.9713377129348792},"slope":{"confidence_interval":{"confidence_level":0.95,"lower_bound":258.76933268450875,"upper_bound":274.64609744971085},"point_estimate":266.23875901603134,"standard_error":4.051571053702791},"std_dev":{"confidence_interval":{"confidence_level":0.95,"lower_bound":27.01054279359255,"upper_bound":143.01902321655197},"point_estimate":87.26374946534946,"standard_error":38.38742471691326}}