{"mean":{"confidence_interval":{"confidence_level":0.95,"lower_bound":780.4628983891554,"upper_bound":781.6958248709225},"point_estimate":781.0021379022094,"standard_error":0.3170411451318311},"median":{"confidence_interval":{"confidence_level":0.95,"lower_bound":779.9631996715095,"upper_bound":780.4552519418114},"point_estimate":780.1852018090017,"standard_error":0.11778631822823478},"median_abs_dev":{"confidence_interval":{"confidence_level":0.95,"lower_bound":0.5988209975881338,"upper_bound":1.10207985773356},"point_estimate":0.780602664971253,"standard_error":0.13078377369981978},"slope":{"confidence_interval":{"confidence_level":0.95,"lower_bound":779.7665181083688,"upper_bound":779.9843983361096},"point_estimate":779.8664827661235,"standard_error":0.05564993654930929},"std_dev":{"confidence_interval":{"confidence_level":0.95,"lower_bound":1.2979248201838725,"upper_bound":4.747900311110987},"point_estimate":3.1911526539656725,"standard_error":0.8981583226696261}}