{"mean":{"confidence_interval":{"confidence_level":0.95,"lower_bound":3418.0586010406882,"upper_bound":3451.681660510116},"point_estimate":3432.6072297564997,"standard_error":8.413749895291565},"median":{"confidence_interval":{"confidence_level":0.95,"lower_bound":3410.651553364668,"upper_bound":3419.491515906496},"point_estimate":3412.0700670674355,"standard_error":2.1609092975984927},"median_abs_dev":{"confidence_interval":{"confidence_level":0.95,"lower_bound":2.465488610988106,"upper_bound":13.846112044027352},"point_estimate":5.454656804384318,"standard_error":2.754393179002195},"slope":{"confidence_interval":{"confidence_level":0.95,"lower_bound":3412.275840558172,"upper_bound":3416.5776887025017},"point_estimate":3414.292815380275,"standard_error":1.10043019682199},"std_dev":{"confidence_interval":{"confidence_level":0.95,"lower_bound":11.250651428651828,"upper_bound":125.56542242078937},"point_estimate":84.46030174868413,"standard_error":25.50850589047668}}