{"mean":{"confidence_interval":{"confidence_level":0.95,"lower_bound":3162.675368245873,"upper_bound":3212.448813061577},"point_estimate":3186.5352665227297,"standard_error":12.63583391522006},"median":{"confidence_interval":{"confidence_level":0.95,"lower_bound":3141.085438075453,"upper_bound":3182.911344002266},"point_estimate":3158.3460623095516,"standard_error":10.234600372185579},"median_abs_dev":{"confidence_interval":{"confidence_level":0.95,"lower_bound":60.92957528432126,"upper_bound":122.64439681052409},"point_estimate":96.43576841815687,"standard_error":15.653158037596128},"slope":{"confidence_interval":{"confidence_level":0.95,"lower_bound":3152.526968627362,"upper_bound":3223.0528555447595},"point_estimate":3184.6999055485303,"standard_error":18.087738779299112},"std_dev":{"confidence_interval":{"confidence_level":0.95,"lower_bound":94.69576197805388,"upper_bound":157.14729592984907},"point_estimate":127.10815976110656,"standard_error":15.972396915316834}}