{"mean":{"confidence_interval":{"confidence_level":0.95,"lower_bound":16.77548684186438,"upper_bound":16.806460883832404},"point_estimate":16.79035113883077,"standard_error":0.007883652798340513},"median":{"confidence_interval":{"confidence_level":0.95,"lower_bound":16.76906437681927,"upper_bound":16.79921389778976},"point_estimate":16.779178739996475,"standard_error":0.00809131312248376},"median_abs_dev":{"confidence_interval":{"confidence_level":0.95,"lower_bound":0.041405061425584054,"upper_bound":0.07205938021475523},"point_estimate":0.05061801657208616,"standard_error":0.007686734662272223},"slope":{"confidence_interval":{"confidence_level":0.95,"lower_bound":16.775691527795573,"upper_bound":16.795339117338067},"point_estimate":16.7856168311187,"standard_error":0.005023261298668954},"std_dev":{"confidence_interval":{"confidence_level":0.95,"lower_bound":0.060323339981056975,"upper_bound":0.09790821422676584},"point_estimate":0.07935939122314738,"standard_error":0.009668340084996478}}