{"mean":{"confidence_interval":{"confidence_level":0.95,"lower_bound":17.447408879322495,"upper_bound":17.451753772296723},"point_estimate":17.449453363873722,"standard_error":0.0011127244700887768},"median":{"confidence_interval":{"confidence_level":0.95,"lower_bound":17.446802223879885,"upper_bound":17.449196830618718},"point_estimate":17.447991979346,"standard_error":0.0005702698929092832},"median_abs_dev":{"confidence_interval":{"confidence_level":0.95,"lower_bound":0.0049545411581619426,"upper_bound":0.008852449994633206},"point_estimate":0.00699691073552599,"standard_error":0.0010062481538124996},"slope":{"confidence_interval":{"confidence_level":0.95,"lower_bound":17.4464933213771,"upper_bound":17.45046044590533},"point_estimate":17.448268286328407,"standard_error":0.0010173653099367806},"std_dev":{"confidence_interval":{"confidence_level":0.95,"lower_bound":0.0074283484019644595,"upper_bound":0.01519200424699736},"point_estimate":0.011196818730853087,"standard_error":0.002090140552587861}}