{"mean":{"confidence_interval":{"confidence_level":0.95,"lower_bound":30.788688806559268,"upper_bound":31.024497017097406},"point_estimate":30.888989087978107,"standard_error":0.06064524772046274},"median":{"confidence_interval":{"confidence_level":0.95,"lower_bound":30.812774155165332,"upper_bound":30.91021314626083},"point_estimate":30.884180435948497,"standard_error":0.02888406855258081},"median_abs_dev":{"confidence_interval":{"confidence_level":0.95,"lower_bound":0.1714236806974885,"upper_bound":0.2974712277645614},"point_estimate":0.21884018505177671,"standard_error":0.035272878093631575},"slope":{"confidence_interval":{"confidence_level":0.95,"lower_bound":30.876309516456452,"upper_bound":30.961063968615694},"point_estimate":30.92173461309254,"standard_error":0.021657528497059722},"std_dev":{"confidence_interval":{"confidence_level":0.95,"lower_bound":0.2536814249702284,"upper_bound":0.9647461473691729},"point_estimate":0.609182591208082,"standard_error":0.21954872600481648}}