{"mean":{"confidence_interval":{"confidence_level":0.95,"lower_bound":16.506546976079388,"upper_bound":16.537061422015622},"point_estimate":16.52141737758737,"standard_error":0.007778515820702382},"median":{"confidence_interval":{"confidence_level":0.95,"lower_bound":16.492361905223156,"upper_bound":16.53465259821503},"point_estimate":16.511211965560268,"standard_error":0.009221692243711034},"median_abs_dev":{"confidence_interval":{"confidence_level":0.95,"lower_bound":0.0588848964581509,"upper_bound":0.09344980917776102},"point_estimate":0.07714073649983977,"standard_error":0.008849419018314486},"slope":{"confidence_interval":{"confidence_level":0.95,"lower_bound":16.50055793336307,"upper_bound":16.52248911158938},"point_estimate":16.511312550173606,"standard_error":0.005585530288696163},"std_dev":{"confidence_interval":{"confidence_level":0.95,"lower_bound":0.0634461248531548,"upper_bound":0.0927052053572332},"point_estimate":0.07828518883889192,"standard_error":0.007516512997151807}}