{"mean":{"confidence_interval":{"confidence_level":0.95,"lower_bound":18.189518437947992,"upper_bound":18.86470713193381},"point_estimate":18.51865215327151,"standard_error":0.1721853316177485},"median":{"confidence_interval":{"confidence_level":0.95,"lower_bound":17.65937550897947,"upper_bound":18.761972219199944},"point_estimate":18.192364208112714,"standard_error":0.2970776568960996},"median_abs_dev":{"confidence_interval":{"confidence_level":0.95,"lower_bound":1.308197096789189,"upper_bound":2.0955957069701605},"point_estimate":1.745656878752273,"standard_error":0.1988134403353922},"slope":{"confidence_interval":{"confidence_level":0.95,"lower_bound":18.582556583259777,"upper_bound":19.296159294781255},"point_estimate":18.93925346789656,"standard_error":0.18219574733271707},"std_dev":{"confidence_interval":{"confidence_level":0.95,"lower_bound":1.405708127516108,"upper_bound":2.1092101898094553},"point_estimate":1.7330958985249938,"standard_error":0.18631054859925894}}