{"mean":{"confidence_interval":{"confidence_level":0.95,"lower_bound":16.038547253305023,"upper_bound":16.043718764322985},"point_estimate":16.041153084610613,"standard_error":0.0013091262030368853},"median":{"confidence_interval":{"confidence_level":0.95,"lower_bound":16.039061583577713,"upper_bound":16.044398718966534},"point_estimate":16.041920959988147,"standard_error":0.0012292921431506793},"median_abs_dev":{"confidence_interval":{"confidence_level":0.95,"lower_bound":0.006360463048308604,"upper_bound":0.010935577766579382},"point_estimate":0.008608274684749177,"standard_error":0.0011675507196784582},"slope":{"confidence_interval":{"confidence_level":0.95,"lower_bound":16.042105454617808,"upper_bound":16.045776031129392},"point_estimate":16.0439281618626,"standard_error":0.000936066004481301},"std_dev":{"confidence_interval":{"confidence_level":0.95,"lower_bound":0.008904406307647715,"upper_bound":0.017063603164223656},"point_estimate":0.013176112489399565,"standard_error":0.002079928135643567}}