{"mean":{"confidence_interval":{"confidence_level":0.95,"lower_bound":7716.496713526346,"upper_bound":7833.87767031031},"point_estimate":7776.957098191168,"standard_error":30.282419657454913},"median":{"confidence_interval":{"confidence_level":0.95,"lower_bound":7853.473317834429,"upper_bound":7855.074285714286},"point_estimate":7854.210135048643,"standard_error":0.44072396850915413},"median_abs_dev":{"confidence_interval":{"confidence_level":0.95,"lower_bound":3.285331095422575,"upper_bound":6.929843212332919},"point_estimate":4.798214507497261,"standard_error":0.9762908487065666},"slope":{"confidence_interval":{"confidence_level":0.95,"lower_bound":7852.135303021223,"upper_bound":7854.743716554684},"point_estimate":7853.310885952134,"standard_error":0.6661438853151846},"std_dev":{"confidence_interval":{"confidence_level":0.95,"lower_bound":167.7449144078476,"upper_bound":386.3790348831797},"point_estimate":302.45112890131315,"standard_error":53.414233766893396}}