{"mean":{"confidence_interval":{"confidence_level":0.95,"lower_bound":1036.749481541579,"upper_bound":1039.2151644732253},"point_estimate":1037.9802718866588,"standard_error":0.6273885779578516},"median":{"confidence_interval":{"confidence_level":0.95,"lower_bound":1036.5612661622486,"upper_bound":1037.3136236343712},"point_estimate":1036.8627175268014,"standard_error":0.18361375037885497},"median_abs_dev":{"confidence_interval":{"confidence_level":0.95,"lower_bound":1.6031951212756514,"upper_bound":4.025601887884178},"point_estimate":2.405991514092655,"standard_error":0.6427419749954294},"slope":{"confidence_interval":{"confidence_level":0.95,"lower_bound":1035.5960224342762,"upper_bound":1036.8033626784597},"point_estimate":1036.1795487277727,"standard_error":0.3083341949046214},"std_dev":{"confidence_interval":{"confidence_level":0.95,"lower_bound":4.2029005431963204,"upper_bound":8.318521511884896},"point_estimate":6.303233023566387,"standard_error":1.0596823708191714}}