{"mean":{"confidence_interval":{"confidence_level":0.95,"lower_bound":15.78302041366076,"upper_bound":15.983675386122702},"point_estimate":15.883880111323437,"standard_error":0.051323149579109155},"median":{"confidence_interval":{"confidence_level":0.95,"lower_bound":15.781576417871731,"upper_bound":15.973148096326973},"point_estimate":15.901418513930349,"standard_error":0.0476515173310529},"median_abs_dev":{"confidence_interval":{"confidence_level":0.95,"lower_bound":0.405665373740405,"upper_bound":0.6671128661117065},"point_estimate":0.5361188253153657,"standard_error":0.06665603362114564},"slope":{"confidence_interval":{"confidence_level":0.95,"lower_bound":15.68013923063532,"upper_bound":15.894401706338076},"point_estimate":15.786014847981969,"standard_error":0.054536284702001024},"std_dev":{"confidence_interval":{"confidence_level":0.95,"lower_bound":0.44998580358337875,"upper_bound":0.5710267271058668},"point_estimate":0.514551861921915,"standard_error":0.030927393912492}}