{"mean":{"confidence_interval":{"confidence_level":0.95,"lower_bound":8227.35853153553,"upper_bound":8361.193770994716},"point_estimate":8299.991325713017,"standard_error":34.55868158198506},"median":{"confidence_interval":{"confidence_level":0.95,"lower_bound":8403.898659463786,"upper_bound":8408.701730103807},"point_estimate":8405.747963891437,"standard_error":1.2339993656006025},"median_abs_dev":{"confidence_interval":{"confidence_level":0.95,"lower_bound":7.031510344752352,"upper_bound":13.781560700704533},"point_estimate":9.884467816939873,"standard_error":1.708038114814167},"slope":{"confidence_interval":{"confidence_level":0.95,"lower_bound":8400.811070475987,"upper_bound":8404.310555499216},"point_estimate":8402.558109452737,"standard_error":0.8888901801728579},"std_dev":{"confidence_interval":{"confidence_level":0.95,"lower_bound":237.67768283219394,"upper_bound":434.9785362882804},"point_estimate":348.7869752599708,"standard_error":51.250083916645096}}