{"mean":{"confidence_interval":{"confidence_level":0.95,"lower_bound":3762.533478729366,"upper_bound":3771.3609426634857},"point_estimate":3766.7222385215828,"standard_error":2.2526615543456625},"median":{"confidence_interval":{"confidence_level":0.95,"lower_bound":3756.9456206293708,"upper_bound":3764.3630102040815},"point_estimate":3761.267147536688,"standard_error":1.9032303267182473},"median_abs_dev":{"confidence_interval":{"confidence_level":0.95,"lower_bound":12.708793873570977,"upper_bound":22.870114377628237},"point_estimate":18.484774706151665,"standard_error":2.7498070876514795},"slope":{"confidence_interval":{"confidence_level":0.95,"lower_bound":3750.4008603755897,"upper_bound":3754.1967713090626},"point_estimate":3752.136448167578,"standard_error":0.9651708137345039},"std_dev":{"confidence_interval":{"confidence_level":0.95,"lower_bound":16.453256929416856,"upper_bound":29.508233883720873},"point_estimate":22.63769240417499,"standard_error":3.4849764092736497}}