{"mean":{"confidence_interval":{"confidence_level":0.95,"lower_bound":9.888032387358901,"upper_bound":9.893579480519966},"point_estimate":9.890434642458226,"standard_error":0.0014301278592560981},"median":{"confidence_interval":{"confidence_level":0.95,"lower_bound":9.886671988110951,"upper_bound":9.889032867975526},"point_estimate":9.887718404484165,"standard_error":0.0006160974292244718},"median_abs_dev":{"confidence_interval":{"confidence_level":0.95,"lower_bound":0.0034084268353708857,"upper_bound":0.006528461431317114},"point_estimate":0.004440646626582,"standard_error":0.0007581828607565434},"slope":{"confidence_interval":{"confidence_level":0.95,"lower_bound":9.887691016398295,"upper_bound":9.890747711352303},"point_estimate":9.889187734108548,"standard_error":0.0007784291116589673},"std_dev":{"confidence_interval":{"confidence_level":0.95,"lower_bound":0.0067046986349920375,"upper_bound":0.022005704420793873},"point_estimate":0.01435918358829288,"standard_error":0.00454758352972163}}