{"mean":{"confidence_interval":{"confidence_level":0.95,"lower_bound":82.4169656030381,"upper_bound":82.69128093129129},"point_estimate":82.54566583263345,"standard_error":0.06990380764373466},"median":{"confidence_interval":{"confidence_level":0.95,"lower_bound":82.22671592787356,"upper_bound":82.4643122044689},"point_estimate":82.29926413705039,"standard_error":0.05066255102692598},"median_abs_dev":{"confidence_interval":{"confidence_level":0.95,"lower_bound":0.23045884235401687,"upper_bound":0.44194680844182893},"point_estimate":0.3389996518046396,"standard_error":0.047635189583456486},"slope":{"confidence_interval":{"confidence_level":0.95,"lower_bound":82.20051305342932,"upper_bound":82.2943255276586},"point_estimate":82.24618281178142,"standard_error":0.0239136841974219},"std_dev":{"confidence_interval":{"confidence_level":0.95,"lower_bound":0.48674353894950245,"upper_bound":0.8829378782583271},"point_estimate":0.7015219887074108,"standard_error":0.10104963839993297}}