{"mean":{"confidence_interval":{"confidence_level":0.95,"lower_bound":78.93235969016123,"upper_bound":79.28912045778345},"point_estimate":79.08063590663555,"standard_error":0.0931254458240242},"median":{"confidence_interval":{"confidence_level":0.95,"lower_bound":78.81258067504555,"upper_bound":78.93096602313784},"point_estimate":78.86918839836127,"standard_error":0.029982773783985672},"median_abs_dev":{"confidence_interval":{"confidence_level":0.95,"lower_bound":0.18249232982468663,"upper_bound":0.31105785257637747},"point_estimate":0.2712090711343762,"standard_error":0.03160319545418081},"slope":{"confidence_interval":{"confidence_level":0.95,"lower_bound":78.79779227835245,"upper_bound":78.93425079732592},"point_estimate":78.85882359221141,"standard_error":0.03515697855326287},"std_dev":{"confidence_interval":{"confidence_level":0.95,"lower_bound":0.3581284971571792,"upper_bound":1.4833931505693867},"point_estimate":0.9345214514192433,"standard_error":0.350287582529578}}