{"mean":{"confidence_interval":{"confidence_level":0.95,"lower_bound":71.8388088083784,"upper_bound":72.5356363875403},"point_estimate":72.1326475498321,"standard_error":0.17989401672667724},"median":{"confidence_interval":{"confidence_level":0.95,"lower_bound":71.59469547316527,"upper_bound":71.91419164050606},"point_estimate":71.72362031472441,"standard_error":0.09038071355645179},"median_abs_dev":{"confidence_interval":{"confidence_level":0.95,"lower_bound":0.47550875329520953,"upper_bound":0.7956452903524661},"point_estimate":0.6523100123341403,"standard_error":0.07629264984535503},"slope":{"confidence_interval":{"confidence_level":0.95,"lower_bound":71.66334564239439,"upper_bound":71.94376838613323},"point_estimate":71.79448962350209,"standard_error":0.07152874535765856},"std_dev":{"confidence_interval":{"confidence_level":0.95,"lower_bound":0.7180314262278767,"upper_bound":2.8230364594628945},"point_estimate":1.80350455139955,"standard_error":0.6202884907705155}}