{"mean":{"confidence_interval":{"confidence_level":0.95,"lower_bound":44.42316695475784,"upper_bound":44.47897960030059},"point_estimate":44.45157233393733,"standard_error":0.01424248631789371},"median":{"confidence_interval":{"confidence_level":0.95,"lower_bound":44.4396098720717,"upper_bound":44.50142911316973},"point_estimate":44.470369133202624,"standard_error":0.01669380978181978},"median_abs_dev":{"confidence_interval":{"confidence_level":0.95,"lower_bound":0.09516490859815233,"upper_bound":0.16750097145524767},"point_estimate":0.12405518776683795,"standard_error":0.018019963751781415},"slope":{"confidence_interval":{"confidence_level":0.95,"lower_bound":44.41513718852521,"upper_bound":44.46507760311492},"point_estimate":44.44034467274347,"standard_error":0.012723440823414945},"std_dev":{"confidence_interval":{"confidence_level":0.95,"lower_bound":0.12143685699461555,"upper_bound":0.16316898458987414},"point_estimate":0.14337747222952565,"standard_error":0.010655733610931525}}