{"mean":{"confidence_interval":{"confidence_level":0.95,"lower_bound":12.466637443925077,"upper_bound":12.542540245015772},"point_estimate":12.496638690862715,"standard_error":0.02009870581257367},"median":{"confidence_interval":{"confidence_level":0.95,"lower_bound":12.449776387182183,"upper_bound":12.482972561127129},"point_estimate":12.463333173210358,"standard_error":0.00831382252980089},"median_abs_dev":{"confidence_interval":{"confidence_level":0.95,"lower_bound":0.040135634091736754,"upper_bound":0.06323553809480723},"point_estimate":0.04907845528199999,"standard_error":0.005944357906476717},"slope":{"confidence_interval":{"confidence_level":0.95,"lower_bound":12.47132672781776,"upper_bound":12.50156010623648},"point_estimate":12.48608376534772,"standard_error":0.007742208751796919},"std_dev":{"confidence_interval":{"confidence_level":0.95,"lower_bound":0.05544169665238744,"upper_bound":0.33165052805364525},"point_estimate":0.20207802232326808,"standard_error":0.08789400091928147}}