{"mean":{"confidence_interval":{"confidence_level":0.95,"lower_bound":5.9062711719704355,"upper_bound":5.911218327137597},"point_estimate":5.908517996444175,"standard_error":0.0012633478012006951},"median":{"confidence_interval":{"confidence_level":0.95,"lower_bound":5.905539784846189,"upper_bound":5.909635465342486},"point_estimate":5.907861296718059,"standard_error":0.00099967336248723},"median_abs_dev":{"confidence_interval":{"confidence_level":0.95,"lower_bound":0.006096535565227902,"upper_bound":0.010173859394348296},"point_estimate":0.00811736176310609,"standard_error":0.0010421152655878823},"slope":{"confidence_interval":{"confidence_level":0.95,"lower_bound":5.907867893511471,"upper_bound":5.911734013187036},"point_estimate":5.909759816822041,"standard_error":0.0009866934308679436},"std_dev":{"confidence_interval":{"confidence_level":0.95,"lower_bound":0.007636073583613958,"upper_bound":0.018366320551020915},"point_estimate":0.012693433426002976,"standard_error":0.0031385240508182677}}