{"mean":{"confidence_interval":{"confidence_level":0.95,"lower_bound":37.941697327607834,"upper_bound":38.047189291550026},"point_estimate":37.991042326036215,"standard_error":0.026976591293753776},"median":{"confidence_interval":{"confidence_level":0.95,"lower_bound":37.88412812431047,"upper_bound":37.93381893454148},"point_estimate":37.90873784367348,"standard_error":0.012426895444209897},"median_abs_dev":{"confidence_interval":{"confidence_level":0.95,"lower_bound":0.07980860292873419,"upper_bound":0.1372563882076791},"point_estimate":0.10900218799625595,"standard_error":0.014372796177443319},"slope":{"confidence_interval":{"confidence_level":0.95,"lower_bound":37.86352209872274,"upper_bound":37.9232976210879},"point_estimate":37.89063775305077,"standard_error":0.015301145363246145},"std_dev":{"confidence_interval":{"confidence_level":0.95,"lower_bound":0.17988046230291077,"upper_bound":0.35127502397611793},"point_estimate":0.27043735417867837,"standard_error":0.043949477231550946}}