{"mean":{"confidence_interval":{"confidence_level":0.95,"lower_bound":1686.2962911569143,"upper_bound":1691.939506523402},"point_estimate":1688.6082786937113,"standard_error":1.4762115770339639},"median":{"confidence_interval":{"confidence_level":0.95,"lower_bound":1684.532219993624,"upper_bound":1685.8268675455115},"point_estimate":1685.009082875132,"standard_error":0.32720219926756455},"median_abs_dev":{"confidence_interval":{"confidence_level":0.95,"lower_bound":1.784935379671398,"upper_bound":3.3386113291411665},"point_estimate":2.5675017243179106,"standard_error":0.4105869535831035},"slope":{"confidence_interval":{"confidence_level":0.95,"lower_bound":1683.8260348110805,"upper_bound":1684.4261254849935},"point_estimate":1684.1051970154263,"standard_error":0.1530130863314294},"std_dev":{"confidence_interval":{"confidence_level":0.95,"lower_bound":4.853064638793077,"upper_bound":23.877949536787938},"point_estimate":14.893742047403329,"standard_error":5.8099313388534535}}