{"mean":{"confidence_interval":{"confidence_level":0.95,"lower_bound":1391.0370241530052,"upper_bound":1393.2376218995173},"point_estimate":1392.0609520114908,"standard_error":0.5588228881964539},"median":{"confidence_interval":{"confidence_level":0.95,"lower_bound":1389.5836812144212,"upper_bound":1391.7620808364147},"point_estimate":1390.4207128131056,"standard_error":0.5309467518227573},"median_abs_dev":{"confidence_interval":{"confidence_level":0.95,"lower_bound":2.4227357473103264,"upper_bound":4.001894460890583},"point_estimate":3.2639885550905112,"standard_error":0.3944068725498763},"slope":{"confidence_interval":{"confidence_level":0.95,"lower_bound":1388.8396213688031,"upper_bound":1389.629363056159},"point_estimate":1389.2180082907917,"standard_error":0.20088757317446865},"std_dev":{"confidence_interval":{"confidence_level":0.95,"lower_bound":3.773279798123461,"upper_bound":7.445247183962965},"point_estimate":5.584984558181173,"standard_error":0.9631652664604257}}