{"mean":{"confidence_interval":{"confidence_level":0.95,"lower_bound":1247.3338840155475,"upper_bound":1250.574526763443},"point_estimate":1248.8321099025923,"standard_error":0.8324583971992233},"median":{"confidence_interval":{"confidence_level":0.95,"lower_bound":1245.2625318693445,"upper_bound":1247.0623425692695},"point_estimate":1245.7807733219083,"standard_error":0.4018128484215509},"median_abs_dev":{"confidence_interval":{"confidence_level":0.95,"lower_bound":3.2067555640208796,"upper_bound":5.889645474225394},"point_estimate":4.045117738330754,"standard_error":0.6394336885357708},"slope":{"confidence_interval":{"confidence_level":0.95,"lower_bound":1248.1644311039875,"upper_bound":1251.8430745540854},"point_estimate":1249.9103623712497,"standard_error":0.9406541161350866},"std_dev":{"confidence_interval":{"confidence_level":0.95,"lower_bound":5.497261546869333,"upper_bound":11.705067911154698},"point_estimate":8.430350795305305,"standard_error":1.7803519356204418}}