{"mean":{"confidence_interval":{"confidence_level":0.95,"lower_bound":31.51505171779602,"upper_bound":32.74778481167983},"point_estimate":32.102322296669065,"standard_error":0.31357231520111256},"median":{"confidence_interval":{"confidence_level":0.95,"lower_bound":30.331781070263578,"upper_bound":30.395875713753217},"point_estimate":30.37198515769944,"standard_error":0.01802521005885038},"median_abs_dev":{"confidence_interval":{"confidence_level":0.95,"lower_bound":0.1295145719500165,"upper_bound":0.3389092906120409},"point_estimate":0.26623777407330473,"standard_error":0.055437504194474005},"slope":{"confidence_interval":{"confidence_level":0.95,"lower_bound":32.13662832029292,"upper_bound":33.982979283497166},"point_estimate":33.03620527794326,"standard_error":0.47185143144845526},"std_dev":{"confidence_interval":{"confidence_level":0.95,"lower_bound":2.7276299449682506,"upper_bound":3.4404034851279555},"point_estimate":3.1498143318906426,"standard_error":0.18536958991181376}}