{"mean":{"confidence_interval":{"confidence_level":0.95,"lower_bound":5350.880493154069,"upper_bound":5395.821291927},"point_estimate":5373.928563513459,"standard_error":11.436556289313172},"median":{"confidence_interval":{"confidence_level":0.95,"lower_bound":5341.350425943743,"upper_bound":5425.9420501373625},"point_estimate":5376.474922037422,"standard_error":18.379598649086002},"median_abs_dev":{"confidence_interval":{"confidence_level":0.95,"lower_bound":82.95748921221119,"upper_bound":126.38916495812424},"point_estimate":106.46761695983928,"standard_error":11.033055858942044},"slope":{"confidence_interval":{"confidence_level":0.95,"lower_bound":5360.324332734234,"upper_bound":5410.375909964997},"point_estimate":5384.800629817943,"standard_error":12.789779142848806},"std_dev":{"confidence_interval":{"confidence_level":0.95,"lower_bound":90.16881949339277,"upper_bound":138.9257029982857},"point_estimate":114.94231462343141,"standard_error":12.509634537535396}}