{"mean":{"confidence_interval":{"confidence_level":0.95,"lower_bound":3516.1879347719173,"upper_bound":3522.463932027874},"point_estimate":3518.9752869135737,"standard_error":1.6127413869923741},"median":{"confidence_interval":{"confidence_level":0.95,"lower_bound":3513.608363029255,"upper_bound":3514.6895235892694},"point_estimate":3514.0468845840523,"standard_error":0.29736536259870777},"median_abs_dev":{"confidence_interval":{"confidence_level":0.95,"lower_bound":1.6079123744463542,"upper_bound":3.4963010358756232},"point_estimate":2.7692279637674075,"standard_error":0.49468439365244726},"slope":{"confidence_interval":{"confidence_level":0.95,"lower_bound":3512.7222999672786,"upper_bound":3513.4567654765956},"point_estimate":3513.0639532902164,"standard_error":0.18811070395650162},"std_dev":{"confidence_interval":{"confidence_level":0.95,"lower_bound":6.727390700813013,"upper_bound":23.63747219844004},"point_estimate":16.280973685851762,"standard_error":4.2975927685964725}}