{"mean":{"confidence_interval":{"confidence_level":0.95,"lower_bound":48.25034382515432,"upper_bound":48.754614475667026},"point_estimate":48.52947248813709,"standard_error":0.1288929353609391},"median":{"confidence_interval":{"confidence_level":0.95,"lower_bound":48.83633466031796,"upper_bound":48.95096091933126},"point_estimate":48.89630351157912,"standard_error":0.026944522391342485},"median_abs_dev":{"confidence_interval":{"confidence_level":0.95,"lower_bound":0.1359348079479163,"upper_bound":0.27228920525755945},"point_estimate":0.18135020373612676,"standard_error":0.03481244536066986},"slope":{"confidence_interval":{"confidence_level":0.95,"lower_bound":48.9015540035308,"upper_bound":49.027308828873565},"point_estimate":48.95316784688464,"standard_error":0.03259523119960476},"std_dev":{"confidence_interval":{"confidence_level":0.95,"lower_bound":0.6590946483016118,"upper_bound":1.9044064198884854},"point_estimate":1.2958834587340649,"standard_error":0.3374829319601503}}