{"mean":{"confidence_interval":{"confidence_level":0.95,"lower_bound":60.659925861111894,"upper_bound":61.61172312241762},"point_estimate":61.16636990516706,"standard_error":0.24314836024623945},"median":{"confidence_interval":{"confidence_level":0.95,"lower_bound":62.11825666336223,"upper_bound":62.39568138195777},"point_estimate":62.28921157040159,"standard_error":0.06991424945527083},"median_abs_dev":{"confidence_interval":{"confidence_level":0.95,"lower_bound":0.2309895390606858,"upper_bound":0.6468865566178688},"point_estimate":0.38596912180626863,"standard_error":0.10745466204767937},"slope":{"confidence_interval":{"confidence_level":0.95,"lower_bound":62.24443099485832,"upper_bound":62.39572526061768},"point_estimate":62.32775434174554,"standard_error":0.03881180890370368},"std_dev":{"confidence_interval":{"confidence_level":0.95,"lower_bound":1.651857196329723,"upper_bound":3.1423781240877133},"point_estimate":2.439831045430042,"standard_error":0.3822245023284083}}