{"mean":{"confidence_interval":{"confidence_level":0.95,"lower_bound":13.141669895083096,"upper_bound":13.143800553347218},"point_estimate":13.142649618727017,"standard_error":0.00054137948262755},"median":{"confidence_interval":{"confidence_level":0.95,"lower_bound":13.14104227565117,"upper_bound":13.141912146375137},"point_estimate":13.141422382539112,"standard_error":0.00021851036344675578},"median_abs_dev":{"confidence_interval":{"confidence_level":0.95,"lower_bound":0.001757538470071138,"upper_bound":0.0032317847875296068},"point_estimate":0.0023488105766283347,"standard_error":0.0003621714452320049},"slope":{"confidence_interval":{"confidence_level":0.95,"lower_bound":13.141361917076374,"upper_bound":13.143342458957559},"point_estimate":13.14223790925425,"standard_error":0.000507619471039524},"std_dev":{"confidence_interval":{"confidence_level":0.95,"lower_bound":0.0031120399264049784,"upper_bound":0.007783126770863408},"point_estimate":0.005457760309351532,"standard_error":0.0012396292327323994}}