{"mean":{"confidence_interval":{"confidence_level":0.95,"lower_bound":821.5003816362765,"upper_bound":823.6754402434444},"point_estimate":822.487518163813,"standard_error":0.5577451315756463},"median":{"confidence_interval":{"confidence_level":0.95,"lower_bound":819.9595415249432,"upper_bound":823.7821185617104},"point_estimate":822.4564510828486,"standard_error":1.060166672543269},"median_abs_dev":{"confidence_interval":{"confidence_level":0.95,"lower_bound":2.809957223796298,"upper_bound":5.052779886769722},"point_estimate":4.4418856137366225,"standard_error":0.6038302218393009},"slope":{"confidence_interval":{"confidence_level":0.95,"lower_bound":819.3087258571063,"upper_bound":820.4151387632616},"point_estimate":819.8017497921586,"standard_error":0.2827015055738162},"std_dev":{"confidence_interval":{"confidence_level":0.95,"lower_bound":3.2604177465782893,"upper_bound":8.15442752571542},"point_estimate":5.613940529533952,"standard_error":1.3940755952422013}}