{"mean":{"confidence_interval":{"confidence_level":0.95,"lower_bound":2873.4817742904897,"upper_bound":2877.4239162259237},"point_estimate":2875.4504903567117,"standard_error":1.0049573535716705},"median":{"confidence_interval":{"confidence_level":0.95,"lower_bound":2871.3737202380953,"upper_bound":2876.983681318681},"point_estimate":2873.9616165413536,"standard_error":1.404450934065314},"median_abs_dev":{"confidence_interval":{"confidence_level":0.95,"lower_bound":7.173115200282138,"upper_bound":12.586625000361462},"point_estimate":10.00628288246903,"standard_error":1.4970419295075208},"slope":{"confidence_interval":{"confidence_level":0.95,"lower_bound":2877.7275883763336,"upper_bound":2881.582351673259},"point_estimate":2879.797359310942,"standard_error":0.9813643986567342},"std_dev":{"confidence_interval":{"confidence_level":0.95,"lower_bound":8.391764728998645,"upper_bound":11.772059943739496},"point_estimate":10.089430531730482,"standard_error":0.8687645199492685}}