{"mean":{"confidence_interval":{"confidence_level":0.95,"lower_bound":46.77591570163468,"upper_bound":46.886078136074495},"point_estimate":46.82789809230829,"standard_error":0.028065797700204786},"median":{"confidence_interval":{"confidence_level":0.95,"lower_bound":46.770033847281105,"upper_bound":46.84270215535947},"point_estimate":46.80161299677704,"standard_error":0.017673105394066534},"median_abs_dev":{"confidence_interval":{"confidence_level":0.95,"lower_bound":0.12899704692386288,"upper_bound":0.25967282749924964},"point_estimate":0.17266496932249806,"standard_error":0.0334776893498888},"slope":{"confidence_interval":{"confidence_level":0.95,"lower_bound":46.68270684945107,"upper_bound":46.757256371895664},"point_estimate":46.719839535916044,"standard_error":0.018983164160136002},"std_dev":{"confidence_interval":{"confidence_level":0.95,"lower_bound":0.19880527589179028,"upper_bound":0.3681158239207211},"point_estimate":0.28169188942373374,"standard_error":0.04428475481508664}}