{"mean":{"confidence_interval":{"confidence_level":0.95,"lower_bound":11.307183498777487,"upper_bound":11.443625917594726},"point_estimate":11.367583497355565,"standard_error":0.03510689365435328},"median":{"confidence_interval":{"confidence_level":0.95,"lower_bound":11.272419481132424,"upper_bound":11.292053867916136},"point_estimate":11.283136742999222,"standard_error":0.004977405941968624},"median_abs_dev":{"confidence_interval":{"confidence_level":0.95,"lower_bound":0.030015292176200338,"upper_bound":0.055991217070266774},"point_estimate":0.042328778361096726,"standard_error":0.0067614306782911885},"slope":{"confidence_interval":{"confidence_level":0.95,"lower_bound":11.313668528202356,"upper_bound":11.58134628533672},"point_estimate":11.43282896876141,"standard_error":0.06942608417103348},"std_dev":{"confidence_interval":{"confidence_level":0.95,"lower_bound":0.15368745643629947,"upper_bound":0.4979221073474762},"point_estimate":0.35272808825127244,"standard_error":0.08616744148410656}}