{"mean":{"confidence_interval":{"confidence_level":0.95,"lower_bound":17973.476356982283,"upper_bound":18309.39034365833},"point_estimate":18148.5561048377,"standard_error":85.95899281531625},"median":{"confidence_interval":{"confidence_level":0.95,"lower_bound":18441.680555555555,"upper_bound":18510.459413729062},"point_estimate":18483.977176490516,"standard_error":13.931259717941968},"median_abs_dev":{"confidence_interval":{"confidence_level":0.95,"lower_bound":102.44065440844518,"upper_bound":170.26976487834142},"point_estimate":135.80082336683077,"standard_error":17.291428019777292},"slope":{"confidence_interval":{"confidence_level":0.95,"lower_bound":18468.24951113286,"upper_bound":18521.715803306743},"point_estimate":18495.898013617283,"standard_error":13.613911568131225},"std_dev":{"confidence_interval":{"confidence_level":0.95,"lower_bound":687.51804455356,"upper_bound":995.6597297020437},"point_estimate":863.0683800444127,"standard_error":78.85362534409013}}