{"mean":{"confidence_interval":{"confidence_level":0.95,"lower_bound":4033.6059119604097,"upper_bound":4061.177338301367},"point_estimate":4045.774134154348,"standard_error":7.069193119962195},"median":{"confidence_interval":{"confidence_level":0.95,"lower_bound":4032.935072834358,"upper_bound":4036.9830237872043},"point_estimate":4035.531092095034,"standard_error":1.0782328376976649},"median_abs_dev":{"confidence_interval":{"confidence_level":0.95,"lower_bound":7.615634239455616,"upper_bound":14.473693125077183},"point_estimate":10.293001618199726,"standard_error":1.709740237328},"slope":{"confidence_interval":{"confidence_level":0.95,"lower_bound":4023.5441583500788,"upper_bound":4028.9182592092534},"point_estimate":4026.084924908023,"standard_error":1.3683381352478996},"std_dev":{"confidence_interval":{"confidence_level":0.95,"lower_bound":14.515516804173686,"upper_bound":103.88173804536244},"point_estimate":71.2829348385687,"standard_error":20.78342045760224}}