{"mean":{"confidence_interval":{"confidence_level":0.95,"lower_bound":2667.096070666093,"upper_bound":2679.193920112189},"point_estimate":2672.369162534844,"standard_error":3.1208992174136756},"median":{"confidence_interval":{"confidence_level":0.95,"lower_bound":2662.8896162714095,"upper_bound":2666.080772113943},"point_estimate":2664.559867527174,"standard_error":0.7319108057975567},"median_abs_dev":{"confidence_interval":{"confidence_level":0.95,"lower_bound":4.593793715998335,"upper_bound":8.90567185276246},"point_estimate":6.744605086092416,"standard_error":1.1174147496802234},"slope":{"confidence_interval":{"confidence_level":0.95,"lower_bound":2661.9829466423153,"upper_bound":2672.3091445218342},"point_estimate":2666.0314487506507,"standard_error":2.7109576118373786},"std_dev":{"confidence_interval":{"confidence_level":0.95,"lower_bound":11.263404102172696,"upper_bound":46.57718404167739},"point_estimate":31.378669637909496,"standard_error":9.087234764038657}}