{"mean":{"confidence_interval":{"confidence_level":0.95,"lower_bound":4685.13054726782,"upper_bound":4738.594170125805},"point_estimate":4709.297010118159,"standard_error":13.711656944282756},"median":{"confidence_interval":{"confidence_level":0.95,"lower_bound":4666.656047656048,"upper_bound":4703.072222222222},"point_estimate":4688.4061246996735,"standard_error":8.865468249909023},"median_abs_dev":{"confidence_interval":{"confidence_level":0.95,"lower_bound":60.72593832988202,"upper_bound":97.6389918796152},"point_estimate":78.85046638087944,"standard_error":9.417976972949633},"slope":{"confidence_interval":{"confidence_level":0.95,"lower_bound":4667.033126604907,"upper_bound":4701.660858583122},"point_estimate":4684.0241420771235,"standard_error":8.85000758893537},"std_dev":{"confidence_interval":{"confidence_level":0.95,"lower_bound":74.0825196387417,"upper_bound":199.13624818743088},"point_estimate":138.88248301741626,"standard_error":33.40640843029898}}