{"mean":{"confidence_interval":{"confidence_level":0.95,"lower_bound":21.493418178132274,"upper_bound":21.549880600183226},"point_estimate":21.518085821271825,"standard_error":0.014545164182874219},"median":{"confidence_interval":{"confidence_level":0.95,"lower_bound":21.488142850932487,"upper_bound":21.52597849555855},"point_estimate":21.51293300132406,"standard_error":0.010338983868021777},"median_abs_dev":{"confidence_interval":{"confidence_level":0.95,"lower_bound":0.050078909411692886,"upper_bound":0.08642462078188545},"point_estimate":0.06885648530764461,"standard_error":0.009045450790811697},"slope":{"confidence_interval":{"confidence_level":0.95,"lower_bound":21.50971528110221,"upper_bound":21.53694536854278},"point_estimate":21.522528365608355,"standard_error":0.006958006511168065},"std_dev":{"confidence_interval":{"confidence_level":0.95,"lower_bound":0.062392572774738995,"upper_bound":0.21711422572645578},"point_estimate":0.1461673079606129,"standard_error":0.04147598667792486}}