{"mean":{"confidence_interval":{"confidence_level":0.95,"lower_bound":21.569050001617565,"upper_bound":21.580290774416333},"point_estimate":21.574564079115554,"standard_error":0.0028702350276205227},"median":{"confidence_interval":{"confidence_level":0.95,"lower_bound":21.565878968179074,"upper_bound":21.57584770642339},"point_estimate":21.57270316864525,"standard_error":0.0028741705956295874},"median_abs_dev":{"confidence_interval":{"confidence_level":0.95,"lower_bound":0.014736189329527478,"upper_bound":0.02764025077941666},"point_estimate":0.02015857320786404,"standard_error":0.0032829880379775427},"slope":{"confidence_interval":{"confidence_level":0.95,"lower_bound":21.570709348816948,"upper_bound":21.5838986137431},"point_estimate":21.577107896272825,"standard_error":0.0033606796983406493},"std_dev":{"confidence_interval":{"confidence_level":0.95,"lower_bound":0.0234944544745399,"upper_bound":0.03361103919329787},"point_estimate":0.02876417109584605,"standard_error":0.002590798340919747}}