{"mean":{"confidence_interval":{"confidence_level":0.95,"lower_bound":14.101295161254582,"upper_bound":14.30697616295658},"point_estimate":14.19134911868536,"standard_error":0.052508195352745785},"median":{"confidence_interval":{"confidence_level":0.95,"lower_bound":14.086114905397984,"upper_bound":14.095169178423932},"point_estimate":14.089918304006854,"standard_error":0.0024901075421778795},"median_abs_dev":{"confidence_interval":{"confidence_level":0.95,"lower_bound":0.015250007360416819,"upper_bound":0.02714746839757934},"point_estimate":0.019379514365952213,"standard_error":0.0029033651348570138},"slope":{"confidence_interval":{"confidence_level":0.95,"lower_bound":14.09214155686561,"upper_bound":14.299006323578993},"point_estimate":14.173711731167106,"standard_error":0.05493691166213875},"std_dev":{"confidence_interval":{"confidence_level":0.95,"lower_bound":0.058065703837263075,"upper_bound":0.7882536992463758},"point_estimate":0.5297400417529333,"standard_error":0.17416914838898828}}