{"mean":{"confidence_interval":{"confidence_level":0.95,"lower_bound":72.12760540931299,"upper_bound":74.2931017814203},"point_estimate":73.22282430365225,"standard_error":0.5524765923703718},"median":{"confidence_interval":{"confidence_level":0.95,"lower_bound":71.51682866725992,"upper_bound":73.00867752755151},"point_estimate":72.24419022520365,"standard_error":0.43192734508049374},"median_abs_dev":{"confidence_interval":{"confidence_level":0.95,"lower_bound":1.8970977664669026,"upper_bound":3.8992826413928285},"point_estimate":2.8861272575562227,"standard_error":0.5190826221619955},"slope":{"confidence_interval":{"confidence_level":0.95,"lower_bound":71.19187822444684,"upper_bound":71.8859576967957},"point_estimate":71.51722150938392,"standard_error":0.1770932949871946},"std_dev":{"confidence_interval":{"confidence_level":0.95,"lower_bound":4.347274614532776,"upper_bound":6.651479500747636},"point_estimate":5.5441172965043926,"standard_error":0.5906591135278411}}