{"mean":{"confidence_interval":{"confidence_level":0.95,"lower_bound":43.88734388255263,"upper_bound":45.25954703392127},"point_estimate":44.57253923385092,"standard_error":0.34951195958019565},"median":{"confidence_interval":{"confidence_level":0.95,"lower_bound":41.381386704774314,"upper_bound":48.275274030661},"point_estimate":41.765805512598924,"standard_error":2.3390771251038567},"median_abs_dev":{"confidence_interval":{"confidence_level":0.95,"lower_bound":0.3687470804968951,"upper_bound":4.773813949205609},"point_estimate":1.020845356412236,"standard_error":1.1808026966022342},"slope":{"confidence_interval":{"confidence_level":0.95,"lower_bound":46.664858479065515,"upper_bound":47.59463117771316},"point_estimate":47.189281047515884,"standard_error":0.23806275412196573},"std_dev":{"confidence_interval":{"confidence_level":0.95,"lower_bound":3.376351920511606,"upper_bound":3.5674510437867855},"point_estimate":3.5152281178128733,"standard_error":0.04859497705991548}}