{"mean":{"confidence_interval":{"confidence_level":0.95,"lower_bound":39.77162932530688,"upper_bound":40.69174709327046},"point_estimate":40.212513899291736,"standard_error":0.2361639176239136},"median":{"confidence_interval":{"confidence_level":0.95,"lower_bound":39.16949335819969,"upper_bound":39.32537319754278},"point_estimate":39.251925810386474,"standard_error":0.04314287298826362},"median_abs_dev":{"confidence_interval":{"confidence_level":0.95,"lower_bound":0.20108267760679066,"upper_bound":0.3993747753752648},"point_estimate":0.29447985064442717,"standard_error":0.054732655378139906},"slope":{"confidence_interval":{"confidence_level":0.95,"lower_bound":39.72626064532463,"upper_bound":40.94943862560524},"point_estimate":40.28903336573551,"standard_error":0.31282010313002917},"std_dev":{"confidence_interval":{"confidence_level":0.95,"lower_bound":1.856207820920739,"upper_bound":2.79105194936615},"point_estimate":2.3803560272267643,"standard_error":0.24836712408658657}}