{"mean":{"confidence_interval":{"confidence_level":0.95,"lower_bound":128.7091298074883,"upper_bound":129.39485817195182},"point_estimate":129.02783843302336,"standard_error":0.17629005087384914},"median":{"confidence_interval":{"confidence_level":0.95,"lower_bound":128.30050787528126,"upper_bound":128.5678912972626},"point_estimate":128.43801852813425,"standard_error":0.0598526970660906},"median_abs_dev":{"confidence_interval":{"confidence_level":0.95,"lower_bound":0.3793676315863644,"upper_bound":0.6853909768880663},"point_estimate":0.5537959994245442,"standard_error":0.08090910997601089},"slope":{"confidence_interval":{"confidence_level":0.95,"lower_bound":128.24914987235002,"upper_bound":128.47069412368907},"point_estimate":128.366492114506,"standard_error":0.05657359505784995},"std_dev":{"confidence_interval":{"confidence_level":0.95,"lower_bound":1.1018444580609965,"upper_bound":2.3421439532482933},"point_estimate":1.7775310850653037,"standard_error":0.31529167997897134}}