{"mean":{"confidence_interval":{"confidence_level":0.95,"lower_bound":48.295920858784704,"upper_bound":49.236410407262404},"point_estimate":48.77002153399093,"standard_error":0.2406617543887558},"median":{"confidence_interval":{"confidence_level":0.95,"lower_bound":48.52011383963952,"upper_bound":49.54873634679669},"point_estimate":48.929281704894855,"standard_error":0.2180365030347538},"median_abs_dev":{"confidence_interval":{"confidence_level":0.95,"lower_bound":1.6121590084303477,"upper_bound":2.74546592392019},"point_estimate":2.180088133679082,"standard_error":0.3047736122577242},"slope":{"confidence_interval":{"confidence_level":0.95,"lower_bound":49.31567363772079,"upper_bound":50.22487848202346},"point_estimate":49.757038126230796,"standard_error":0.2313540837236259},"std_dev":{"confidence_interval":{"confidence_level":0.95,"lower_bound":2.052887243601318,"upper_bound":2.7482501992307764},"point_estimate":2.4170375502413717,"standard_error":0.177205309573567}}