{"mean":{"confidence_interval":{"confidence_level":0.95,"lower_bound":32966.19740376958,"upper_bound":33377.26651858723},"point_estimate":33121.95850628465,"standard_error":110.235734131909},"median":{"confidence_interval":{"confidence_level":0.95,"lower_bound":32909.611586570114,"upper_bound":32948.53027389695},"point_estimate":32932.21564109514,"standard_error":10.089084077886575},"median_abs_dev":{"confidence_interval":{"confidence_level":0.95,"lower_bound":47.6302707137496,"upper_bound":90.67073701034747},"point_estimate":73.16764588199597,"standard_error":10.656669524148013},"slope":{"confidence_interval":{"confidence_level":0.95,"lower_bound":32918.35443268394,"upper_bound":32992.555951436414},"point_estimate":32950.20649127407,"standard_error":19.27350329796499},"std_dev":{"confidence_interval":{"confidence_level":0.95,"lower_bound":156.82672633760058,"upper_bound":1835.7476467806189},"point_estimate":1103.263466256812,"standard_error":516.4743748517759}}