{"mean":{"confidence_interval":{"confidence_level":0.95,"lower_bound":96418.72554827655,"upper_bound":98074.62629391078},"point_estimate":97231.31611858994,"standard_error":422.29099274167737},"median":{"confidence_interval":{"confidence_level":0.95,"lower_bound":96255.35138888888,"upper_bound":97507.7675},"point_estimate":96892.55126171594,"standard_error":286.2667232592303},"median_abs_dev":{"confidence_interval":{"confidence_level":0.95,"lower_bound":2745.7442637532804,"upper_bound":4679.207441269569},"point_estimate":3811.305779953985,"standard_error":491.04541165446733},"slope":{"confidence_interval":{"confidence_level":0.95,"lower_bound":94988.85609486436,"upper_bound":96950.8045136337},"point_estimate":95935.29047554308,"standard_error":498.65305174444836},"std_dev":{"confidence_interval":{"confidence_level":0.95,"lower_bound":3452.314793561938,"upper_bound":4985.481101830081},"point_estimate":4253.005978318122,"standard_error":391.78681966210627}}