{"mean":{"confidence_interval":{"confidence_level":0.95,"lower_bound":105.1445286741068,"upper_bound":105.49043615408897},"point_estimate":105.29676601225331,"standard_error":0.0887997073448433},"median":{"confidence_interval":{"confidence_level":0.95,"lower_bound":105.00034656038815,"upper_bound":105.08454581581375},"point_estimate":105.05005329678696,"standard_error":0.020047184174532464},"median_abs_dev":{"confidence_interval":{"confidence_level":0.95,"lower_bound":0.11417324436528728,"upper_bound":0.22016312296257426},"point_estimate":0.1673542265008694,"standard_error":0.026470081759187098},"slope":{"confidence_interval":{"confidence_level":0.95,"lower_bound":105.00452865216569,"upper_bound":105.636864478211},"point_estimate":105.26730843076217,"standard_error":0.1652537240166208},"std_dev":{"confidence_interval":{"confidence_level":0.95,"lower_bound":0.37714468054416,"upper_bound":1.2879243679383376},"point_estimate":0.8871630315283938,"standard_error":0.23224780416526167}}