{"mean":{"confidence_interval":{"confidence_level":0.95,"lower_bound":15.242683270612506,"upper_bound":15.45057530859527},"point_estimate":15.343948978171527,"standard_error":0.052880580740367326},"median":{"confidence_interval":{"confidence_level":0.95,"lower_bound":15.188649648321945,"upper_bound":15.407183921271749},"point_estimate":15.287692975769911,"standard_error":0.05466063826372595},"median_abs_dev":{"confidence_interval":{"confidence_level":0.95,"lower_bound":0.2912381514208679,"upper_bound":0.48671882066365596},"point_estimate":0.35200255071310005,"standard_error":0.05100628581693958},"slope":{"confidence_interval":{"confidence_level":0.95,"lower_bound":15.038123570104242,"upper_bound":15.283467255143067},"point_estimate":15.153943807319031,"standard_error":0.06258976046476897},"std_dev":{"confidence_interval":{"confidence_level":0.95,"lower_bound":0.42912770096990793,"upper_bound":0.6211668572039181},"point_estimate":0.5314633051195529,"standard_error":0.04915984499256361}}