{"mean":{"confidence_interval":{"confidence_level":0.95,"lower_bound":72737.7227362577,"upper_bound":73533.51871154207},"point_estimate":73124.39527417046,"standard_error":203.6250824626134},"median":{"confidence_interval":{"confidence_level":0.95,"lower_bound":71799.30796252927,"upper_bound":71914.14},"point_estimate":71848.48705357143,"standard_error":39.59440231501142},"median_abs_dev":{"confidence_interval":{"confidence_level":0.95,"lower_bound":135.21723355082685,"upper_bound":409.1135396523262},"point_estimate":208.08651014573675,"standard_error":69.21173737035517},"slope":{"confidence_interval":{"confidence_level":0.95,"lower_bound":74015.95484416494,"upper_bound":74999.52586814825},"point_estimate":74556.1181760223,"standard_error":251.65647727738653},"std_dev":{"confidence_interval":{"confidence_level":0.95,"lower_bound":1814.7339314490168,"upper_bound":2212.445865649604},"point_estimate":2047.3548114861758,"standard_error":100.93060645354521}}