{"mean":{"confidence_interval":{"confidence_level":0.95,"lower_bound":21.620423597020114,"upper_bound":21.704540444196105},"point_estimate":21.659527080838608,"standard_error":0.02155954889725552},"median":{"confidence_interval":{"confidence_level":0.95,"lower_bound":21.590816007373057,"upper_bound":21.641390721267936},"point_estimate":21.614889682243856,"standard_error":0.012000164136378728},"median_abs_dev":{"confidence_interval":{"confidence_level":0.95,"lower_bound":0.06714844147026776,"upper_bound":0.10850376241476725},"point_estimate":0.09037983410443025,"standard_error":0.01033536825839455},"slope":{"confidence_interval":{"confidence_level":0.95,"lower_bound":21.585626225193202,"upper_bound":21.617412364052733},"point_estimate":21.601827105806546,"standard_error":0.008117402875199305},"std_dev":{"confidence_interval":{"confidence_level":0.95,"lower_bound":0.14252636849899034,"upper_bound":0.27735587615961166},"point_estimate":0.21638897611286606,"standard_error":0.03433417104914005}}