{"mean":{"confidence_interval":{"confidence_level":0.95,"lower_bound":11.885429215576274,"upper_bound":11.954350865741512},"point_estimate":11.916135229445413,"standard_error":0.017696068061168975},"median":{"confidence_interval":{"confidence_level":0.95,"lower_bound":11.895794585510547,"upper_bound":11.929309726464883},"point_estimate":11.908629325457262,"standard_error":0.00907947644834867},"median_abs_dev":{"confidence_interval":{"confidence_level":0.95,"lower_bound":0.06418858943217934,"upper_bound":0.10923765108994535},"point_estimate":0.08879272902053803,"standard_error":0.01180159829284788},"slope":{"confidence_interval":{"confidence_level":0.95,"lower_bound":11.901335878582145,"upper_bound":11.933600813102759},"point_estimate":11.9171381693842,"standard_error":0.008230337724118592},"std_dev":{"confidence_interval":{"confidence_level":0.95,"lower_bound":0.09412402651550257,"upper_bound":0.2669996728104443},"point_estimate":0.17767563919079937,"standard_error":0.05116215974822734}}