{"mean":{"confidence_interval":{"confidence_level":0.95,"lower_bound":53.38911148668999,"upper_bound":53.56372202456985},"point_estimate":53.466396348105356,"standard_error":0.044841766877118105},"median":{"confidence_interval":{"confidence_level":0.95,"lower_bound":53.308988673530216,"upper_bound":53.377597965132026},"point_estimate":53.34260339632977,"standard_error":0.020255005391230357},"median_abs_dev":{"confidence_interval":{"confidence_level":0.95,"lower_bound":0.11055690372516087,"upper_bound":0.19929177189134326},"point_estimate":0.1594158632982658,"standard_error":0.022749477252308442},"slope":{"confidence_interval":{"confidence_level":0.95,"lower_bound":53.294803879242906,"upper_bound":53.38951154672352},"point_estimate":53.33719018727073,"standard_error":0.024345086912020978},"std_dev":{"confidence_interval":{"confidence_level":0.95,"lower_bound":0.2350695671449863,"upper_bound":0.6637160804707418},"point_estimate":0.4501907214954753,"standard_error":0.12132780079886611}}