{"mean":{"confidence_interval":{"confidence_level":0.95,"lower_bound":68.15847306695849,"upper_bound":69.48664338751982},"point_estimate":68.81567489159727,"standard_error":0.338305142326441},"median":{"confidence_interval":{"confidence_level":0.95,"lower_bound":67.87571237695308,"upper_bound":69.21965658669288},"point_estimate":68.57058712586007,"standard_error":0.3763679258683861},"median_abs_dev":{"confidence_interval":{"confidence_level":0.95,"lower_bound":2.725639037477222,"upper_bound":4.359778888431875},"point_estimate":3.3825400687892815,"standard_error":0.41080236147667454},"slope":{"confidence_interval":{"confidence_level":0.95,"lower_bound":67.61952899920175,"upper_bound":68.80951607932683},"point_estimate":68.20334750449548,"standard_error":0.30364552486423363},"std_dev":{"confidence_interval":{"confidence_level":0.95,"lower_bound":2.852239321274748,"upper_bound":3.9283468047743466},"point_estimate":3.4085257250135217,"standard_error":0.27528173279742507}}