{"mean":{"confidence_interval":{"confidence_level":0.95,"lower_bound":56.0177593289508,"upper_bound":56.14702906470843},"point_estimate":56.074309829351726,"standard_error":0.0332210146745546},"median":{"confidence_interval":{"confidence_level":0.95,"lower_bound":55.9637524141835,"upper_bound":56.00752480257076},"point_estimate":55.978198328129395,"standard_error":0.012509842341016878},"median_abs_dev":{"confidence_interval":{"confidence_level":0.95,"lower_bound":0.06343380840953919,"upper_bound":0.12204681267420797},"point_estimate":0.08893931274009367,"standard_error":0.016372215200811353},"slope":{"confidence_interval":{"confidence_level":0.95,"lower_bound":55.92887806239063,"upper_bound":55.956973478429354},"point_estimate":55.942421811791256,"standard_error":0.0071533501042875935},"std_dev":{"confidence_interval":{"confidence_level":0.95,"lower_bound":0.14187581057641793,"upper_bound":0.5074246253707898},"point_estimate":0.33483646064038697,"standard_error":0.09945103689845797}}