{"mean":{"confidence_interval":{"confidence_level":0.95,"lower_bound":61.4326382625614,"upper_bound":61.58478194807697},"point_estimate":61.49835295261537,"standard_error":0.03920315218589774},"median":{"confidence_interval":{"confidence_level":0.95,"lower_bound":61.398694086743454,"upper_bound":61.43979839723572},"point_estimate":61.41521444040325,"standard_error":0.009071779526513491},"median_abs_dev":{"confidence_interval":{"confidence_level":0.95,"lower_bound":0.08890071692178612,"upper_bound":0.16223253174171948},"point_estimate":0.1146679332395572,"standard_error":0.018353594697491753},"slope":{"confidence_interval":{"confidence_level":0.95,"lower_bound":61.37846573287152,"upper_bound":61.41827790054748},"point_estimate":61.39845615874847,"standard_error":0.010139508809910571},"std_dev":{"confidence_interval":{"confidence_level":0.95,"lower_bound":0.16697948167084709,"upper_bound":0.60372041041811},"point_estimate":0.3946200712289068,"standard_error":0.12077178457385829}}