{"mean":{"confidence_interval":{"confidence_level":0.95,"lower_bound":16.859275307977924,"upper_bound":16.86275109385981},"point_estimate":16.86099652006145,"standard_error":0.0008871983151233027},"median":{"confidence_interval":{"confidence_level":0.95,"lower_bound":16.858753656666202,"upper_bound":16.861758934244012},"point_estimate":16.8601224002473,"standard_error":0.00080927396983372},"median_abs_dev":{"confidence_interval":{"confidence_level":0.95,"lower_bound":0.0043252029538185495,"upper_bound":0.007122360438015169},"point_estimate":0.005888744575247993,"standard_error":0.0007250608673551921},"slope":{"confidence_interval":{"confidence_level":0.95,"lower_bound":16.860788167428314,"upper_bound":16.86396285358462},"point_estimate":16.862328925508045,"standard_error":0.000809991025261746},"std_dev":{"confidence_interval":{"confidence_level":0.95,"lower_bound":0.006401122869082087,"upper_bound":0.011169252959364842},"point_estimate":0.008898519054869127,"standard_error":0.0012191452326353737}}