{"mean":{"confidence_interval":{"confidence_level":0.95,"lower_bound":1349.146748949178,"upper_bound":1352.0434525081516},"point_estimate":1350.4176699494083,"standard_error":0.7468615476216749},"median":{"confidence_interval":{"confidence_level":0.95,"lower_bound":1348.28940027894,"upper_bound":1349.0838966510025},"point_estimate":1348.768461347935,"standard_error":0.2260284410419958},"median_abs_dev":{"confidence_interval":{"confidence_level":0.95,"lower_bound":1.8477463190724372,"upper_bound":3.2281625341974105},"point_estimate":2.4403397345206854,"standard_error":0.35247789853904776},"slope":{"confidence_interval":{"confidence_level":0.95,"lower_bound":1347.6815706190473,"upper_bound":1348.9818867958697},"point_estimate":1348.3038792491002,"standard_error":0.33117982151338},"std_dev":{"confidence_interval":{"confidence_level":0.95,"lower_bound":3.4383362689570736,"upper_bound":11.403430605532122},"point_estimate":7.548651240317814,"standard_error":2.228967995717641}}