{"mean":{"confidence_interval":{"confidence_level":0.95,"lower_bound":90.48707791011677,"upper_bound":91.33076633224086},"point_estimate":90.87375185272444,"standard_error":0.21546234028184058},"median":{"confidence_interval":{"confidence_level":0.95,"lower_bound":89.95771797213999,"upper_bound":91.2082181145765},"point_estimate":90.4950616053566,"standard_error":0.31308569939710684},"median_abs_dev":{"confidence_interval":{"confidence_level":0.95,"lower_bound":1.238510753674148,"upper_bound":2.000475432048235},"point_estimate":1.7074223992279334,"standard_error":0.185698722929716},"slope":{"confidence_interval":{"confidence_level":0.95,"lower_bound":89.57251571052467,"upper_bound":89.98194847678393},"point_estimate":89.75611046885035,"standard_error":0.10450410917220397},"std_dev":{"confidence_interval":{"confidence_level":0.95,"lower_bound":1.2882419786032204,"upper_bound":3.028020276533929},"point_estimate":2.1592565300185416,"standard_error":0.4631223765063529}}