{"mean":{"confidence_interval":{"confidence_level":0.95,"lower_bound":47.27094460097875,"upper_bound":47.646484668687485},"point_estimate":47.4444961509325,"standard_error":0.09610412990841682},"median":{"confidence_interval":{"confidence_level":0.95,"lower_bound":46.99923576876086,"upper_bound":47.258881780676816},"point_estimate":47.11199995153207,"standard_error":0.0634079318132556},"median_abs_dev":{"confidence_interval":{"confidence_level":0.95,"lower_bound":0.31025814640000965,"upper_bound":0.6424517271809451},"point_estimate":0.45084567291618743,"standard_error":0.081645376893243},"slope":{"confidence_interval":{"confidence_level":0.95,"lower_bound":46.882347702741036,"upper_bound":46.98231018326247},"point_estimate":46.926213923996286,"standard_error":0.025542241208582797},"std_dev":{"confidence_interval":{"confidence_level":0.95,"lower_bound":0.6272617136397004,"upper_bound":1.3466831440247278},"point_estimate":0.9682560691794574,"standard_error":0.2082040778688714}}