{"mean":{"confidence_interval":{"confidence_level":0.95,"lower_bound":154.35714895884746,"upper_bound":157.05098878513726},"point_estimate":155.6140361460673,"standard_error":0.6869458046882405},"median":{"confidence_interval":{"confidence_level":0.95,"lower_bound":153.0413340821185,"upper_bound":154.4323397756168},"point_estimate":153.58476008088405,"standard_error":0.33844361039838294},"median_abs_dev":{"confidence_interval":{"confidence_level":0.95,"lower_bound":2.206755001847293,"upper_bound":3.9408872340672327},"point_estimate":3.156667091557586,"standard_error":0.4220495603550868},"slope":{"confidence_interval":{"confidence_level":0.95,"lower_bound":153.85315186987097,"upper_bound":157.68886173704072},"point_estimate":155.6417382700513,"standard_error":0.9853427481061227},"std_dev":{"confidence_interval":{"confidence_level":0.95,"lower_bound":4.460052735126415,"upper_bound":9.058221900290443},"point_estimate":6.918251239943389,"standard_error":1.1776784485856524}}