{"mean":{"confidence_interval":{"confidence_level":0.95,"lower_bound":183.24120131777875,"upper_bound":183.98659236750387},"point_estimate":183.6656216953834,"standard_error":0.1925079575514487},"median":{"confidence_interval":{"confidence_level":0.95,"lower_bound":183.96308783917942,"upper_bound":184.1025120958225},"point_estimate":184.0566209036985,"standard_error":0.03119050035134245},"median_abs_dev":{"confidence_interval":{"confidence_level":0.95,"lower_bound":0.22492988260148403,"upper_bound":0.4028872615706255},"point_estimate":0.298425459808055,"standard_error":0.04540103871440404},"slope":{"confidence_interval":{"confidence_level":0.95,"lower_bound":183.97064882836472,"upper_bound":184.05886450569864},"point_estimate":184.0124586779216,"standard_error":0.022442496587156205},"std_dev":{"confidence_interval":{"confidence_level":0.95,"lower_bound":0.5256743216920173,"upper_bound":2.9070992463980843},"point_estimate":1.938783643915929,"standard_error":0.6165765984103015}}