{"mean":{"confidence_interval":{"confidence_level":0.95,"lower_bound":56.02664701771839,"upper_bound":56.53595738500583},"point_estimate":56.25358344402895,"standard_error":0.13006142820083888},"median":{"confidence_interval":{"confidence_level":0.95,"lower_bound":56.230588261040836,"upper_bound":56.426390965376854},"point_estimate":56.30348371293631,"standard_error":0.04755242418458167},"median_abs_dev":{"confidence_interval":{"confidence_level":0.95,"lower_bound":0.23225586569655607,"upper_bound":0.3990667640919416},"point_estimate":0.28767846887003534,"standard_error":0.04232707801823013},"slope":{"confidence_interval":{"confidence_level":0.95,"lower_bound":56.281136160543966,"upper_bound":56.37311394539944},"point_estimate":56.325008710386776,"standard_error":0.023497446282968855},"std_dev":{"confidence_interval":{"confidence_level":0.95,"lower_bound":0.6129603542604524,"upper_bound":1.9731865004397224},"point_estimate":1.2995852405999797,"standard_error":0.37511474696192265}}