{"mean":{"confidence_interval":{"confidence_level":0.95,"lower_bound":3909.8106690299464,"upper_bound":3940.447989867636},"point_estimate":3927.0113426960656,"standard_error":7.906404805770401},"median":{"confidence_interval":{"confidence_level":0.95,"lower_bound":3934.9705277810945,"upper_bound":3941.970205026455},"point_estimate":3938.101969700664,"standard_error":1.6836520846253606},"median_abs_dev":{"confidence_interval":{"confidence_level":0.95,"lower_bound":9.395474434208017,"upper_bound":15.490891090452514},"point_estimate":11.817170397087219,"standard_error":1.548983889495306},"slope":{"confidence_interval":{"confidence_level":0.95,"lower_bound":3930.846572868122,"upper_bound":3937.363105502741},"point_estimate":3933.8316207153766,"standard_error":1.6695228812167036},"std_dev":{"confidence_interval":{"confidence_level":0.95,"lower_bound":15.181969597802068,"upper_bound":117.98304890314388},"point_estimate":79.63689618228655,"standard_error":24.501325678399027}}