{"mean":{"confidence_interval":{"confidence_level":0.95,"lower_bound":5005.452354540437,"upper_bound":5049.859712713108},"point_estimate":5025.530746474516,"standard_error":11.157973988681821},"median":{"confidence_interval":{"confidence_level":0.95,"lower_bound":4994.172855267328,"upper_bound":4997.808558923651},"point_estimate":4996.093676716918,"standard_error":0.9868320290464392},"median_abs_dev":{"confidence_interval":{"confidence_level":0.95,"lower_bound":6.925601220588054,"upper_bound":16.23632865153951},"point_estimate":12.417389075498772,"standard_error":2.6819106826050785},"slope":{"confidence_interval":{"confidence_level":0.95,"lower_bound":4992.29728097585,"upper_bound":4997.79065398977},"point_estimate":4994.782317751013,"standard_error":1.4021151677683072},"std_dev":{"confidence_interval":{"confidence_level":0.95,"lower_bound":53.52807132562322,"upper_bound":153.34184864492823},"point_estimate":112.4703441337254,"standard_error":24.29164716411917}}