{"mean":{"confidence_interval":{"confidence_level":0.95,"lower_bound":98.0492587404559,"upper_bound":99.34869650414782},"point_estimate":98.65169117380519,"standard_error":0.332075146048043},"median":{"confidence_interval":{"confidence_level":0.95,"lower_bound":97.462234703828,"upper_bound":98.59166918302299},"point_estimate":97.95946378908661,"standard_error":0.25923487914989485},"median_abs_dev":{"confidence_interval":{"confidence_level":0.95,"lower_bound":1.4400162508957328,"upper_bound":2.5307345287012835},"point_estimate":1.8859980744942955,"standard_error":0.27400976339373473},"slope":{"confidence_interval":{"confidence_level":0.95,"lower_bound":98.26718894314256,"upper_bound":99.13960764608689},"point_estimate":98.69336556183242,"standard_error":0.22270701669663584},"std_dev":{"confidence_interval":{"confidence_level":0.95,"lower_bound":2.1994568643179626,"upper_bound":4.465668553640097},"point_estimate":3.336362232948265,"standard_error":0.5928303395380552}}