{"mean":{"confidence_interval":{"confidence_level":0.95,"lower_bound":97423.48825958358,"upper_bound":99307.82171726107},"point_estimate":98302.22400888879,"standard_error":481.7982419594275},"median":{"confidence_interval":{"confidence_level":0.95,"lower_bound":97133.19873511905,"upper_bound":98175.94107142858},"point_estimate":97623.39343826921,"standard_error":294.2046106478837},"median_abs_dev":{"confidence_interval":{"confidence_level":0.95,"lower_bound":2076.7009958006993,"upper_bound":3802.1684990364683},"point_estimate":2999.8397619892557,"standard_error":432.9585217182668},"slope":{"confidence_interval":{"confidence_level":0.95,"lower_bound":96966.63399901004,"upper_bound":98389.42984821006},"point_estimate":97625.09500487661,"standard_error":363.9057241076764},"std_dev":{"confidence_interval":{"confidence_level":0.95,"lower_bound":3149.642873649147,"upper_bound":6563.587595639093},"point_estimate":4826.54848176484,"standard_error":912.2030951740447}}