{"mean":{"confidence_interval":{"confidence_level":0.95,"lower_bound":44.27303916052741,"upper_bound":45.495874762552525},"point_estimate":44.86600310250459,"standard_error":0.3117561157410482},"median":{"confidence_interval":{"confidence_level":0.95,"lower_bound":43.64214247322942,"upper_bound":44.90584228457256},"point_estimate":44.17959702673002,"standard_error":0.28457813876222005},"median_abs_dev":{"confidence_interval":{"confidence_level":0.95,"lower_bound":1.8671368754066986,"upper_bound":3.5163603772282594},"point_estimate":2.543220151102617,"standard_error":0.44797156325805854},"slope":{"confidence_interval":{"confidence_level":0.95,"lower_bound":44.72511135683049,"upper_bound":46.27679257137901},"point_estimate":45.48846558407321,"standard_error":0.39583817606607},"std_dev":{"confidence_interval":{"confidence_level":0.95,"lower_bound":2.5269548569372655,"upper_bound":3.6939637576533753},"point_estimate":3.140443147689402,"standard_error":0.2982664686732112}}