{"mean":{"confidence_interval":{"confidence_level":0.95,"lower_bound":11660.366801387832,"upper_bound":11811.204504733036},"point_estimate":11737.705717135077,"standard_error":38.91568785542334},"median":{"confidence_interval":{"confidence_level":0.95,"lower_bound":11865.34278595159,"upper_bound":11869.871662360034},"point_estimate":11867.717240915897,"standard_error":1.1498296976830908},"median_abs_dev":{"confidence_interval":{"confidence_level":0.95,"lower_bound":7.220412366626435,"upper_bound":15.803906431293386},"point_estimate":10.882880478454435,"standard_error":2.1587133743181885},"slope":{"confidence_interval":{"confidence_level":0.95,"lower_bound":11861.370331234915,"upper_bound":11866.25239790961},"point_estimate":11863.82576652771,"standard_error":1.2387808845702313},"std_dev":{"confidence_interval":{"confidence_level":0.95,"lower_bound":273.73814248744543,"upper_bound":472.0921832542767},"point_estimate":391.44775449750114,"standard_error":49.95029551978657}}