{"mean":{"confidence_interval":{"confidence_level":0.95,"lower_bound":9.492456961813522,"upper_bound":9.584479351780418},"point_estimate":9.535299639383545,"standard_error":0.023516187602867684},"median":{"confidence_interval":{"confidence_level":0.95,"lower_bound":9.453890806401004,"upper_bound":9.52695164303848},"point_estimate":9.49281165923399,"standard_error":0.017310011729401376},"median_abs_dev":{"confidence_interval":{"confidence_level":0.95,"lower_bound":0.1019522285755025,"upper_bound":0.1603162015388219},"point_estimate":0.12258671352437278,"standard_error":0.015321612811956946},"slope":{"confidence_interval":{"confidence_level":0.95,"lower_bound":9.488290773532414,"upper_bound":9.602582350796332},"point_estimate":9.540613437672041,"standard_error":0.0291356904210745},"std_dev":{"confidence_interval":{"confidence_level":0.95,"lower_bound":0.14560212318059998,"upper_bound":0.3151844136066181},"point_estimate":0.23702653571151377,"standard_error":0.04308566537351037}}