{"mean":{"confidence_interval":{"confidence_level":0.95,"lower_bound":83.55363439338817,"upper_bound":83.78001484522107},"point_estimate":83.65143103929175,"standard_error":0.05831612842345258},"median":{"confidence_interval":{"confidence_level":0.95,"lower_bound":83.4249262125061,"upper_bound":83.53275807087522},"point_estimate":83.48645576556741,"standard_error":0.029869144791548122},"median_abs_dev":{"confidence_interval":{"confidence_level":0.95,"lower_bound":0.12486938325806943,"upper_bound":0.26902539537538944},"point_estimate":0.1903295703979547,"standard_error":0.03718185864535216},"slope":{"confidence_interval":{"confidence_level":0.95,"lower_bound":83.38746596848979,"upper_bound":83.43577537324565},"point_estimate":83.40929164533159,"standard_error":0.01233798050828714},"std_dev":{"confidence_interval":{"confidence_level":0.95,"lower_bound":0.27519223670064635,"upper_bound":0.8948149330536858},"point_estimate":0.5849288162716708,"standard_error":0.1865298278472046}}