{"mean":{"confidence_interval":{"confidence_level":0.95,"lower_bound":70977.12323625712,"upper_bound":71044.8954719087},"point_estimate":71008.18883730243,"standard_error":17.30985176950829},"median":{"confidence_interval":{"confidence_level":0.95,"lower_bound":70944.81453634085,"upper_bound":71021.23145604396},"point_estimate":70978.83326118326,"standard_error":22.3990427096566},"median_abs_dev":{"confidence_interval":{"confidence_level":0.95,"lower_bound":98.01801254554583,"upper_bound":156.93772122590937},"point_estimate":123.99298581288811,"standard_error":15.492818294911869},"slope":{"confidence_interval":{"confidence_level":0.95,"lower_bound":70902.4619933434,"upper_bound":70941.86998865806},"point_estimate":70920.73380079799,"standard_error":10.070558324059988},"std_dev":{"confidence_interval":{"confidence_level":0.95,"lower_bound":107.83593619037632,"upper_bound":247.64976376193337},"point_estimate":174.417245602534,"standard_error":39.94395815876357}}