{"mean":{"confidence_interval":{"confidence_level":0.95,"lower_bound":15.113331595734223,"upper_bound":15.529894261463165},"point_estimate":15.297742247211353,"standard_error":0.10686580080521955},"median":{"confidence_interval":{"confidence_level":0.95,"lower_bound":14.96382614119201,"upper_bound":15.077717037576472},"point_estimate":15.01438353519377,"standard_error":0.02892336537663073},"median_abs_dev":{"confidence_interval":{"confidence_level":0.95,"lower_bound":0.15011169115820877,"upper_bound":0.28686612454588684},"point_estimate":0.19639598499303212,"standard_error":0.034120658887683813},"slope":{"confidence_interval":{"confidence_level":0.95,"lower_bound":15.015546599933527,"upper_bound":15.126145815280237},"point_estimate":15.068041681794572,"standard_error":0.028183880382462775},"std_dev":{"confidence_interval":{"confidence_level":0.95,"lower_bound":0.5495317655886286,"upper_bound":1.5719372080286744},"point_estimate":1.0745160633911504,"standard_error":0.276960402372158}}