{"mean":{"confidence_interval":{"confidence_level":0.95,"lower_bound":241.24479904709185,"upper_bound":245.99166588571566},"point_estimate":243.58687907640697,"standard_error":1.2052842425633203},"median":{"confidence_interval":{"confidence_level":0.95,"lower_bound":240.3211498773682,"upper_bound":245.0980485026337},"point_estimate":243.1731002734191,"standard_error":1.127464724667057},"median_abs_dev":{"confidence_interval":{"confidence_level":0.95,"lower_bound":7.809900560338326,"upper_bound":12.974890240404164},"point_estimate":9.625922575572453,"standard_error":1.3614635502008563},"slope":{"confidence_interval":{"confidence_level":0.95,"lower_bound":243.2289548766707,"upper_bound":248.28434832484135},"point_estimate":245.67621531600906,"standard_error":1.2873877304199324},"std_dev":{"confidence_interval":{"confidence_level":0.95,"lower_bound":10.013657262406648,"upper_bound":14.057881204684305},"point_estimate":12.133211417817849,"standard_error":1.0288120706034225}}