{"mean":{"confidence_interval":{"confidence_level":0.95,"lower_bound":280.2291113459475,"upper_bound":280.9649033978296},"point_estimate":280.5520171339113,"standard_error":0.18881748888282904},"median":{"confidence_interval":{"confidence_level":0.95,"lower_bound":279.9080532212885,"upper_bound":280.06321593236777},"point_estimate":279.9917737209827,"standard_error":0.039165820467793086},"median_abs_dev":{"confidence_interval":{"confidence_level":0.95,"lower_bound":0.22052923914954173,"upper_bound":0.46979758583835307},"point_estimate":0.3334826978344118,"standard_error":0.06701109089766748},"slope":{"confidence_interval":{"confidence_level":0.95,"lower_bound":279.8039238446219,"upper_bound":279.88942549987445},"point_estimate":279.8441649345419,"standard_error":0.021869646322984156},"std_dev":{"confidence_interval":{"confidence_level":0.95,"lower_bound":0.8735894319461408,"upper_bound":2.8213342478715817},"point_estimate":1.90101652525802,"standard_error":0.5149723867690702}}