{"mean":{"confidence_interval":{"confidence_level":0.95,"lower_bound":2725.069194845187,"upper_bound":2761.8773645093606},"point_estimate":2745.6866749954697,"standard_error":9.479026261147084},"median":{"confidence_interval":{"confidence_level":0.95,"lower_bound":2759.2716635630045,"upper_bound":2775.8820263466446},"point_estimate":2768.7147706615233,"standard_error":4.544412658082442},"median_abs_dev":{"confidence_interval":{"confidence_level":0.95,"lower_bound":23.482168244533174,"upper_bound":47.50508936410513},"point_estimate":33.88504519009888,"standard_error":5.6372504240642725},"slope":{"confidence_interval":{"confidence_level":0.95,"lower_bound":2746.593674625829,"upper_bound":2764.1746886883902},"point_estimate":2755.3017926216035,"standard_error":4.478593767523512},"std_dev":{"confidence_interval":{"confidence_level":0.95,"lower_bound":37.517242746124595,"upper_bound":140.474778388321},"point_estimate":95.34536923845492,"standard_error":27.81874849951302}}