{"mean":{"confidence_interval":{"confidence_level":0.95,"lower_bound":2196.435059522474,"upper_bound":2238.1197189536397},"point_estimate":2217.7397244161157,"standard_error":10.637427414438555},"median":{"confidence_interval":{"confidence_level":0.95,"lower_bound":2223.453603027114,"upper_bound":2283.898486879908},"point_estimate":2260.0254733962356,"standard_error":15.565085542926427},"median_abs_dev":{"confidence_interval":{"confidence_level":0.95,"lower_bound":45.62671284356401,"upper_bound":119.57510454651839},"point_estimate":75.1739070911694,"standard_error":19.230554714933003},"slope":{"confidence_interval":{"confidence_level":0.95,"lower_bound":2188.0334410339433,"upper_bound":2243.437940267526},"point_estimate":2216.607822224855,"standard_error":14.115544359014624},"std_dev":{"confidence_interval":{"confidence_level":0.95,"lower_bound":90.93887217301805,"upper_bound":121.13992202543683},"point_estimate":107.21059614556214,"standard_error":7.710825558601044}}