{"mean":{"confidence_interval":{"confidence_level":0.95,"lower_bound":42.19306631337748,"upper_bound":45.294304133563706},"point_estimate":43.519024576098,"standard_error":0.8021052125122825},"median":{"confidence_interval":{"confidence_level":0.95,"lower_bound":43.941784325711296,"upper_bound":45.432942806852665},"point_estimate":44.999527156988464,"standard_error":0.44948044305672386},"median_abs_dev":{"confidence_interval":{"confidence_level":0.95,"lower_bound":1.6558994503609414,"upper_bound":5.387370889199317},"point_estimate":3.1032606464877515,"standard_error":0.9118757137569197},"slope":{"confidence_interval":{"confidence_level":0.95,"lower_bound":44.987432669289355,"upper_bound":45.84448807143587},"point_estimate":45.44447576467298,"standard_error":0.21723194399404502},"std_dev":{"confidence_interval":{"confidence_level":0.95,"lower_bound":3.971170074253465,"upper_bound":12.653269709299284},"point_estimate":8.087671339030834,"standard_error":2.8571315937425217}}