{"mean":{"confidence_interval":{"confidence_level":0.95,"lower_bound":32.65292372270103,"upper_bound":34.067182426247236},"point_estimate":33.35537196956497,"standard_error":0.3613073861760665},"median":{"confidence_interval":{"confidence_level":0.95,"lower_bound":31.128663019319543,"upper_bound":33.817144223371514},"point_estimate":32.03804119955385,"standard_error":0.7678438969664713},"median_abs_dev":{"confidence_interval":{"confidence_level":0.95,"lower_bound":2.5706569144531937,"upper_bound":5.45481853554481},"point_estimate":3.7224496782499874,"standard_error":0.8603287757082791},"slope":{"confidence_interval":{"confidence_level":0.95,"lower_bound":34.4289081678594,"upper_bound":36.12809555373267},"point_estimate":35.3604134498317,"standard_error":0.4330505565307649},"std_dev":{"confidence_interval":{"confidence_level":0.95,"lower_bound":3.312500369150905,"upper_bound":3.8862810568689885},"point_estimate":3.6309967083656116,"standard_error":0.14655947459562899}}