{"mean":{"confidence_interval":{"confidence_level":0.95,"lower_bound":5450.645837014028,"upper_bound":5465.536952339524},"point_estimate":5457.211053082685,"standard_error":3.818567008649646},"median":{"confidence_interval":{"confidence_level":0.95,"lower_bound":5444.744423076923,"upper_bound":5454.691584731058},"point_estimate":5449.0071723911005,"standard_error":3.0520090948624587},"median_abs_dev":{"confidence_interval":{"confidence_level":0.95,"lower_bound":13.439388607556955,"upper_bound":22.704799618225316},"point_estimate":19.285935764356537,"standard_error":2.324153872378392},"slope":{"confidence_interval":{"confidence_level":0.95,"lower_bound":5444.737520616947,"upper_bound":5453.405769816549},"point_estimate":5448.829643177865,"standard_error":2.2081205763838665},"std_dev":{"confidence_interval":{"confidence_level":0.95,"lower_bound":17.799756165297147,"upper_bound":57.41397728164798},"point_estimate":38.287526759655584,"standard_error":10.75415556178767}}