{"mean":{"confidence_interval":{"confidence_level":0.95,"lower_bound":573.6428028780413,"upper_bound":574.7752992419565},"point_estimate":574.1248444593543,"standard_error":0.2924284827203114},"median":{"confidence_interval":{"confidence_level":0.95,"lower_bound":573.2302644277166,"upper_bound":573.4706006211507},"point_estimate":573.3102830801927,"standard_error":0.056449022712464034},"median_abs_dev":{"confidence_interval":{"confidence_level":0.95,"lower_bound":0.31922713073567055,"upper_bound":0.625805899355169},"point_estimate":0.43764576136230354,"standard_error":0.07678771092068845},"slope":{"confidence_interval":{"confidence_level":0.95,"lower_bound":573.0901872782817,"upper_bound":573.2010501901478},"point_estimate":573.14051329004,"standard_error":0.02834076977739311},"std_dev":{"confidence_interval":{"confidence_level":0.95,"lower_bound":1.1347941521477312,"upper_bound":4.559953190985007},"point_estimate":2.9458888760182416,"standard_error":0.9581909315353626}}