{"mean":{"confidence_interval":{"confidence_level":0.95,"lower_bound":288.6577272276068,"upper_bound":289.6194377205391},"point_estimate":289.08335809255254,"standard_error":0.24809238699986666},"median":{"confidence_interval":{"confidence_level":0.95,"lower_bound":288.5437149157979,"upper_bound":288.8471899224806},"point_estimate":288.7059779367919,"standard_error":0.0778930075894907},"median_abs_dev":{"confidence_interval":{"confidence_level":0.95,"lower_bound":0.5547936824616546,"upper_bound":1.084040794785698},"point_estimate":0.8783143575148947,"standard_error":0.12510542804827218},"slope":{"confidence_interval":{"confidence_level":0.95,"lower_bound":287.8630760038382,"upper_bound":288.26323681802177},"point_estimate":288.06586772589964,"standard_error":0.10207657646517392},"std_dev":{"confidence_interval":{"confidence_level":0.95,"lower_bound":1.2370850683499808,"upper_bound":3.7125814267691064},"point_estimate":2.4985398972989183,"standard_error":0.6868515048437268}}