{"mean":{"confidence_interval":{"confidence_level":0.95,"lower_bound":15422.394999834234,"upper_bound":15912.853323151787},"point_estimate":15667.764183428842,"standard_error":125.21385120865808},"median":{"confidence_interval":{"confidence_level":0.95,"lower_bound":15228.914856557378,"upper_bound":16185.22950819672},"point_estimate":15751.684403711042,"standard_error":238.3067968939112},"median_abs_dev":{"confidence_interval":{"confidence_level":0.95,"lower_bound":1080.8771664706458,"upper_bound":1578.1336758637287},"point_estimate":1314.1029555964155,"standard_error":129.19906122184844},"slope":{"confidence_interval":{"confidence_level":0.95,"lower_bound":15056.680207625863,"upper_bound":15591.980356426047},"point_estimate":15325.921725877995,"standard_error":136.79831523453555},"std_dev":{"confidence_interval":{"confidence_level":0.95,"lower_bound":1086.146475989823,"upper_bound":1404.932554728437},"point_estimate":1252.6398357325054,"standard_error":81.39341022904884}}