{"mean":{"confidence_interval":{"confidence_level":0.95,"lower_bound":44.94371761403793,"upper_bound":46.19821011740138},"point_estimate":45.44606224844392,"standard_error":0.32827462980500965},"median":{"confidence_interval":{"confidence_level":0.95,"lower_bound":44.697857075427166,"upper_bound":45.1684625489386},"point_estimate":44.90861409779392,"standard_error":0.13634817794667517},"median_abs_dev":{"confidence_interval":{"confidence_level":0.95,"lower_bound":0.7294672335898615,"upper_bound":1.5304275379080754},"point_estimate":1.0797416726956233,"standard_error":0.2031821639804263},"slope":{"confidence_interval":{"confidence_level":0.95,"lower_bound":44.606982224089364,"upper_bound":45.12628311453673},"point_estimate":44.874202815176204,"standard_error":0.13257331706903056},"std_dev":{"confidence_interval":{"confidence_level":0.95,"lower_bound":1.0959080419485987,"upper_bound":5.34869709849629},"point_estimate":3.2954041337983218,"standard_error":1.3560695151637703}}