{"mean":{"confidence_interval":{"confidence_level":0.95,"lower_bound":2077.8364445562356,"upper_bound":2081.605141226266},"point_estimate":2079.6234873761273,"standard_error":0.9643003181969265},"median":{"confidence_interval":{"confidence_level":0.95,"lower_bound":2074.6596309025704,"upper_bound":2077.0307019542743},"point_estimate":2075.7294120417623,"standard_error":0.6615604606583652},"median_abs_dev":{"confidence_interval":{"confidence_level":0.95,"lower_bound":3.565167551872058,"upper_bound":7.350067851252309},"point_estimate":5.195934073274262,"standard_error":0.9341849265978968},"slope":{"confidence_interval":{"confidence_level":0.95,"lower_bound":2074.460661839336,"upper_bound":2075.833068125207},"point_estimate":2075.1291183030125,"standard_error":0.3492447063828508},"std_dev":{"confidence_interval":{"confidence_level":0.95,"lower_bound":7.3354326720995715,"upper_bound":11.934149186676924},"point_estimate":9.666792517236663,"standard_error":1.1766596069639854}}