{"mean":{"confidence_interval":{"confidence_level":0.95,"lower_bound":7.592322986228719,"upper_bound":7.615281376643607},"point_estimate":7.601299532220826,"standard_error":0.006074008711259985},"median":{"confidence_interval":{"confidence_level":0.95,"lower_bound":7.585924122945093,"upper_bound":7.591025446873761},"point_estimate":7.5878449537985615,"standard_error":0.0014806926093354083},"median_abs_dev":{"confidence_interval":{"confidence_level":0.95,"lower_bound":0.008735799310509107,"upper_bound":0.016638031069812233},"point_estimate":0.01204789221434546,"standard_error":0.001943934243835933},"slope":{"confidence_interval":{"confidence_level":0.95,"lower_bound":7.588887428397132,"upper_bound":7.595182953850201},"point_estimate":7.591771609099057,"standard_error":0.0016102548172436712},"std_dev":{"confidence_interval":{"confidence_level":0.95,"lower_bound":0.018023552114784288,"upper_bound":0.09962777586847978},"point_estimate":0.06077904824432186,"standard_error":0.0267718985192291}}