{"mean":{"confidence_interval":{"confidence_level":0.95,"lower_bound":14.736827321007,"upper_bound":15.159279833775303},"point_estimate":14.944076167917888,"standard_error":0.10768940654340071},"median":{"confidence_interval":{"confidence_level":0.95,"lower_bound":14.486275766174412,"upper_bound":15.21117843211849},"point_estimate":14.745424984421323,"standard_error":0.18722470602898753},"median_abs_dev":{"confidence_interval":{"confidence_level":0.95,"lower_bound":0.9109073367900252,"upper_bound":1.3021333562361972},"point_estimate":1.166954941602162,"standard_error":0.1004384195778599},"slope":{"confidence_interval":{"confidence_level":0.95,"lower_bound":14.864346090186883,"upper_bound":15.41782212678471},"point_estimate":15.14071376369335,"standard_error":0.14093500888504815},"std_dev":{"confidence_interval":{"confidence_level":0.95,"lower_bound":0.9002620433104457,"upper_bound":1.2581954331148795},"point_estimate":1.0827261552580298,"standard_error":0.09178216179779687}}