{"mean":{"confidence_interval":{"confidence_level":0.95,"lower_bound":11.394659668801621,"upper_bound":11.408925465197653},"point_estimate":11.40015183653213,"standard_error":0.0037932459577397345},"median":{"confidence_interval":{"confidence_level":0.95,"lower_bound":11.392568078943375,"upper_bound":11.393720112859253},"point_estimate":11.392940776647052,"standard_error":0.0002660404382253634},"median_abs_dev":{"confidence_interval":{"confidence_level":0.95,"lower_bound":0.0018552583543081224,"upper_bound":0.003095010622559161},"point_estimate":0.002486997386139912,"standard_error":0.00031169882047684403},"slope":{"confidence_interval":{"confidence_level":0.95,"lower_bound":11.39264925073622,"upper_bound":11.394484489017566},"point_estimate":11.393473878191058,"standard_error":0.000469563106962418},"std_dev":{"confidence_interval":{"confidence_level":0.95,"lower_bound":0.007548265775343872,"upper_bound":0.06283152127500138},"point_estimate":0.03799581852780568,"standard_error":0.01713163880856243}}