{"mean":{"confidence_interval":{"confidence_level":0.95,"lower_bound":7.653418399130247,"upper_bound":7.711117075190719},"point_estimate":7.67616028606664,"standard_error":0.015150465521445118},"median":{"confidence_interval":{"confidence_level":0.95,"lower_bound":7.634854149785855,"upper_bound":7.638172628004784},"point_estimate":7.636187245387571,"standard_error":0.0007950059849102995},"median_abs_dev":{"confidence_interval":{"confidence_level":0.95,"lower_bound":0.002988794527336002,"upper_bound":0.007701873569408258},"point_estimate":0.004587485383089181,"standard_error":0.001178613405466442},"slope":{"confidence_interval":{"confidence_level":0.95,"lower_bound":7.6538314893760875,"upper_bound":7.687840052615902},"point_estimate":7.670401785709855,"standard_error":0.008697862107059662},"std_dev":{"confidence_interval":{"confidence_level":0.95,"lower_bound":0.045756376405471866,"upper_bound":0.24743846399063743},"point_estimate":0.15169899223876637,"standard_error":0.06479454095966582}}