{"mean":{"confidence_interval":{"confidence_level":0.95,"lower_bound":140.54759701866374,"upper_bound":140.9540334872778},"point_estimate":140.72735591476894,"standard_error":0.10440825303670163},"median":{"confidence_interval":{"confidence_level":0.95,"lower_bound":140.36317110809026,"upper_bound":140.56925387459123},"point_estimate":140.43301291165824,"standard_error":0.044455585413467565},"median_abs_dev":{"confidence_interval":{"confidence_level":0.95,"lower_bound":0.29074597539418223,"upper_bound":0.5692195920555738},"point_estimate":0.46840549791977815,"standard_error":0.07210922128768904},"slope":{"confidence_interval":{"confidence_level":0.95,"lower_bound":140.33313555979672,"upper_bound":140.876409527878},"point_estimate":140.53306693007616,"standard_error":0.14890970067305162},"std_dev":{"confidence_interval":{"confidence_level":0.95,"lower_bound":0.46971960761543424,"upper_bound":1.5183522645254934},"point_estimate":1.0496480208139303,"standard_error":0.27941803409560995}}