{"mean":{"confidence_interval":{"confidence_level":0.95,"lower_bound":22763.116694642264,"upper_bound":23567.832130030634},"point_estimate":23142.963676299685,"standard_error":206.5205693513196},"median":{"confidence_interval":{"confidence_level":0.95,"lower_bound":22327.151822211606,"upper_bound":22958.95085470085},"point_estimate":22643.607600732597,"standard_error":158.55017516727932},"median_abs_dev":{"confidence_interval":{"confidence_level":0.95,"lower_bound":1041.519152654065,"upper_bound":2074.0142546954944},"point_estimate":1476.0593898436598,"standard_error":261.2887362834637},"slope":{"confidence_interval":{"confidence_level":0.95,"lower_bound":22487.10042433322,"upper_bound":23315.94383096407},"point_estimate":22880.19776987113,"standard_error":212.66328705492404},"std_dev":{"confidence_interval":{"confidence_level":0.95,"lower_bound":1473.2744680182036,"upper_bound":2697.3587709931026},"point_estimate":2082.124208196076,"standard_error":321.3649737446892}}