{"mean":{"confidence_interval":{"confidence_level":0.95,"lower_bound":24679.840624656044,"upper_bound":24765.266911952465},"point_estimate":24723.880314601134,"standard_error":21.819470222963478},"median":{"confidence_interval":{"confidence_level":0.95,"lower_bound":24831.20532786885,"upper_bound":24844.10248015873},"point_estimate":24839.148926724138,"standard_error":3.4161305994935978},"median_abs_dev":{"confidence_interval":{"confidence_level":0.95,"lower_bound":22.67479061770639,"upper_bound":44.555942767267894},"point_estimate":30.767417881641762,"standard_error":5.491304240450726},"slope":{"confidence_interval":{"confidence_level":0.95,"lower_bound":24833.150138334393,"upper_bound":24846.28013399326},"point_estimate":24840.243134476135,"standard_error":3.3397405439825647},"std_dev":{"confidence_interval":{"confidence_level":0.95,"lower_bound":189.49286548292312,"upper_bound":240.174942952857},"point_estimate":219.5764177719453,"standard_error":13.035265158980447}}