{"mean":{"confidence_interval":{"confidence_level":0.95,"lower_bound":1691.0563918180726,"upper_bound":1701.31912231313},"point_estimate":1696.3988701697713,"standard_error":2.607390515182247},"median":{"confidence_interval":{"confidence_level":0.95,"lower_bound":1685.580589254766,"upper_bound":1698.7158830435512},"point_estimate":1690.8661092137093,"standard_error":2.763280481349681},"median_abs_dev":{"confidence_interval":{"confidence_level":0.95,"lower_bound":7.928830077970111,"upper_bound":21.758882303822578},"point_estimate":14.651097783008064,"standard_error":3.2742967667916676},"slope":{"confidence_interval":{"confidence_level":0.95,"lower_bound":1697.1999040716476,"upper_bound":1708.2322745591196},"point_estimate":1702.4899599724322,"standard_error":2.8161148843319057},"std_dev":{"confidence_interval":{"confidence_level":0.95,"lower_bound":16.341828132982062,"upper_bound":36.820622191002926},"point_estimate":26.124106272971453,"standard_error":5.545710876171808}}