{"mean":{"confidence_interval":{"confidence_level":0.95,"lower_bound":2209.2824561075295,"upper_bound":2236.042652357568},"point_estimate":2223.3191872693637,"standard_error":6.8317807116511835},"median":{"confidence_interval":{"confidence_level":0.95,"lower_bound":2206.133983625731,"upper_bound":2224.8031803345575},"point_estimate":2214.133771043771,"standard_error":5.132901358056826},"median_abs_dev":{"confidence_interval":{"confidence_level":0.95,"lower_bound":27.94318454511711,"upper_bound":50.70339791364865},"point_estimate":38.89354398847635,"standard_error":5.990663448600487},"slope":{"confidence_interval":{"confidence_level":0.95,"lower_bound":2211.123791700516,"upper_bound":2231.4391833226173},"point_estimate":2220.618767193734,"standard_error":5.175381820079428},"std_dev":{"confidence_interval":{"confidence_level":0.95,"lower_bound":44.77724056441072,"upper_bound":91.34621250888286},"point_estimate":68.81096848005039,"standard_error":12.086286233330512}}