{"mean":{"confidence_interval":{"confidence_level":0.95,"lower_bound":1301.1131026186906,"upper_bound":1307.9164077322525},"point_estimate":1303.8581150836287,"standard_error":1.7811547989013856},"median":{"confidence_interval":{"confidence_level":0.95,"lower_bound":1299.219145007211,"upper_bound":1300.8980826021223},"point_estimate":1300.1015914317286,"standard_error":0.4237098974823536},"median_abs_dev":{"confidence_interval":{"confidence_level":0.95,"lower_bound":2.1498109895995583,"upper_bound":3.7170628158445775},"point_estimate":2.972558048175338,"standard_error":0.4051297751128812},"slope":{"confidence_interval":{"confidence_level":0.95,"lower_bound":1299.225974060631,"upper_bound":1302.4925187178578},"point_estimate":1300.644623496535,"standard_error":0.8424856789484114},"std_dev":{"confidence_interval":{"confidence_level":0.95,"lower_bound":5.270663979855715,"upper_bound":28.858720185310908},"point_estimate":17.85806427020441,"standard_error":7.10629878446512}}