{"mean":{"confidence_interval":{"confidence_level":0.95,"lower_bound":18.51198422988649,"upper_bound":18.87103697685152},"point_estimate":18.656153540277984,"standard_error":0.0941423045278313},"median":{"confidence_interval":{"confidence_level":0.95,"lower_bound":18.401167290734616,"upper_bound":18.466866788983108},"point_estimate":18.430382651432108,"standard_error":0.017329439646951023},"median_abs_dev":{"confidence_interval":{"confidence_level":0.95,"lower_bound":0.08433666633030705,"upper_bound":0.1988709058876534},"point_estimate":0.14153630818999852,"standard_error":0.03002933763509322},"slope":{"confidence_interval":{"confidence_level":0.95,"lower_bound":18.36181127176219,"upper_bound":18.397104948146918},"point_estimate":18.377751038851283,"standard_error":0.009024809977774795},"std_dev":{"confidence_interval":{"confidence_level":0.95,"lower_bound":0.25559569721703634,"upper_bound":1.5365400771465794},"point_estimate":0.9463060343233085,"standard_error":0.38862563657921095}}