{"mean":{"confidence_interval":{"confidence_level":0.95,"lower_bound":13.673947242259736,"upper_bound":14.084264939039999},"point_estimate":13.877722877781244,"standard_error":0.10477563064187208},"median":{"confidence_interval":{"confidence_level":0.95,"lower_bound":13.51982077450403,"upper_bound":14.126558403604939},"point_estimate":13.789979345146818,"standard_error":0.15695527692168154},"median_abs_dev":{"confidence_interval":{"confidence_level":0.95,"lower_bound":0.8580675918407364,"upper_bound":1.3963145840359694},"point_estimate":1.0584088971315218,"standard_error":0.13577284051636615},"slope":{"confidence_interval":{"confidence_level":0.95,"lower_bound":13.800984702840239,"upper_bound":14.305816804177361},"point_estimate":14.051359551898571,"standard_error":0.12881655012656215},"std_dev":{"confidence_interval":{"confidence_level":0.95,"lower_bound":0.9299996701382758,"upper_bound":1.1642300060890134},"point_estimate":1.0559893612332985,"standard_error":0.05970254233644054}}