{"mean":{"confidence_interval":{"confidence_level":0.95,"lower_bound":8.586094812630357,"upper_bound":8.644370998943598},"point_estimate":8.610734973832793,"standard_error":0.015087553886813468},"median":{"confidence_interval":{"confidence_level":0.95,"lower_bound":8.568391692469145,"upper_bound":8.573882760914703},"point_estimate":8.57042350941828,"standard_error":0.001606456888037921},"median_abs_dev":{"confidence_interval":{"confidence_level":0.95,"lower_bound":0.0055182012706802485,"upper_bound":0.01245189830957437},"point_estimate":0.007904764511743281,"standard_error":0.0018004311933115147},"slope":{"confidence_interval":{"confidence_level":0.95,"lower_bound":8.574781525089225,"upper_bound":8.599407787453528},"point_estimate":8.58556071608335,"standard_error":0.006358365670671435},"std_dev":{"confidence_interval":{"confidence_level":0.95,"lower_bound":0.05625257277584605,"upper_bound":0.23644671482929802},"point_estimate":0.15180782065168671,"standard_error":0.051733696864813404}}