{"mean":{"confidence_interval":{"confidence_level":0.95,"lower_bound":11.792578560590584,"upper_bound":11.798022184903225},"point_estimate":11.795190831959488,"standard_error":0.001380990062003627},"median":{"confidence_interval":{"confidence_level":0.95,"lower_bound":11.792147070095776,"upper_bound":11.795920940172945},"point_estimate":11.794136789632905,"standard_error":0.0009486817439973901},"median_abs_dev":{"confidence_interval":{"confidence_level":0.95,"lower_bound":0.0063806065495987585,"upper_bound":0.011639715020652515},"point_estimate":0.008610537102508416,"standard_error":0.0013267198230958346},"slope":{"confidence_interval":{"confidence_level":0.95,"lower_bound":11.79434991469208,"upper_bound":11.798687901832878},"point_estimate":11.796430942707968,"standard_error":0.001109873595345573},"std_dev":{"confidence_interval":{"confidence_level":0.95,"lower_bound":0.009990981739033003,"upper_bound":0.017972473741591794},"point_estimate":0.013847602385013296,"standard_error":0.0020950436856729065}}