{"mean":{"confidence_interval":{"confidence_level":0.95,"lower_bound":8080.160353552821,"upper_bound":8255.332393526216},"point_estimate":8175.336869481149,"standard_error":43.68365061628211},"median":{"confidence_interval":{"confidence_level":0.95,"lower_bound":8303.14797979798,"upper_bound":8308.708333333334},"point_estimate":8306.824378635643,"standard_error":1.661435722080424},"median_abs_dev":{"confidence_interval":{"confidence_level":0.95,"lower_bound":6.500954452259255,"upper_bound":13.172336872414865},"point_estimate":8.543171142975865,"standard_error":1.7044561435399548},"slope":{"confidence_interval":{"confidence_level":0.95,"lower_bound":8306.712247788435,"upper_bound":8310.185464800135},"point_estimate":8308.616535909561,"standard_error":0.8793528329623573},"std_dev":{"confidence_interval":{"confidence_level":0.95,"lower_bound":275.25380997662427,"upper_bound":557.5782755770213},"point_estimate":436.91003739683663,"standard_error":70.39252563619492}}