{"mean":{"confidence_interval":{"confidence_level":0.95,"lower_bound":49.57594499494949,"upper_bound":50.36502230698099},"point_estimate":49.952981467378756,"standard_error":0.20081885508303882},"median":{"confidence_interval":{"confidence_level":0.95,"lower_bound":48.93512753439384,"upper_bound":49.87317720982435},"point_estimate":49.2815061345092,"standard_error":0.25565878542880827},"median_abs_dev":{"confidence_interval":{"confidence_level":0.95,"lower_bound":1.0196117282731503,"upper_bound":1.9516587815339022},"point_estimate":1.4654337547152232,"standard_error":0.2386190622007344},"slope":{"confidence_interval":{"confidence_level":0.95,"lower_bound":48.6476986327458,"upper_bound":49.113502913638925},"point_estimate":48.86781775076443,"standard_error":0.1189929088035665},"std_dev":{"confidence_interval":{"confidence_level":0.95,"lower_bound":1.5327534965817313,"upper_bound":2.5299849450189753},"point_estimate":2.0152906726592312,"standard_error":0.26064334221626767}}