{"mean":{"confidence_interval":{"confidence_level":0.95,"lower_bound":3720.1856090458277,"upper_bound":3753.8960595043345},"point_estimate":3739.458462934051,"standard_error":8.707326282538187},"median":{"confidence_interval":{"confidence_level":0.95,"lower_bound":3734.2038185085357,"upper_bound":3754.965863570392},"point_estimate":3743.2879501211573,"standard_error":4.821191491876655},"median_abs_dev":{"confidence_interval":{"confidence_level":0.95,"lower_bound":23.13734845314016,"upper_bound":40.9595231730169},"point_estimate":35.53156879591471,"standard_error":4.74651588445698},"slope":{"confidence_interval":{"confidence_level":0.95,"lower_bound":3764.980682535336,"upper_bound":3777.504216941167},"point_estimate":3771.229424047333,"standard_error":3.1739778158073912},"std_dev":{"confidence_interval":{"confidence_level":0.95,"lower_bound":27.131004490522987,"upper_bound":132.26694484162854},"point_estimate":87.55419981950436,"standard_error":28.401068929488932}}