{"mean":{"confidence_interval":{"confidence_level":0.95,"lower_bound":2603.8960446493775,"upper_bound":2622.573563031064},"point_estimate":2611.7870768968974,"standard_error":4.831016829453581},"median":{"confidence_interval":{"confidence_level":0.95,"lower_bound":2599.8206798224296,"upper_bound":2603.2410219555886},"point_estimate":2601.4623998630605,"standard_error":0.9202201486851138},"median_abs_dev":{"confidence_interval":{"confidence_level":0.95,"lower_bound":5.250175129687983,"upper_bound":11.77230183397904},"point_estimate":7.299304750109906,"standard_error":1.784893314606664},"slope":{"confidence_interval":{"confidence_level":0.95,"lower_bound":2598.11838245,"upper_bound":2602.1119220933747},"point_estimate":2599.968361032601,"standard_error":1.0187236620157585},"std_dev":{"confidence_interval":{"confidence_level":0.95,"lower_bound":13.738229222613645,"upper_bound":74.66498742281118},"point_estimate":48.32193492895694,"standard_error":16.42669556488467}}