{"mean":{"confidence_interval":{"confidence_level":0.95,"lower_bound":12.486230552265136,"upper_bound":12.511699822734837},"point_estimate":12.498971371118438,"standard_error":0.006492115691249072},"median":{"confidence_interval":{"confidence_level":0.95,"lower_bound":12.481518902046433,"upper_bound":12.518570232248887},"point_estimate":12.506231088381139,"standard_error":0.010655362972432518},"median_abs_dev":{"confidence_interval":{"confidence_level":0.95,"lower_bound":0.04372863827818908,"upper_bound":0.06688724528019223},"point_estimate":0.05281518191769357,"standard_error":0.005856157098414807},"slope":{"confidence_interval":{"confidence_level":0.95,"lower_bound":12.499437876880334,"upper_bound":12.519220279763875},"point_estimate":12.509242648751732,"standard_error":0.005049728282657746},"std_dev":{"confidence_interval":{"confidence_level":0.95,"lower_bound":0.052647107802375755,"upper_bound":0.07734986970346293},"point_estimate":0.06534316914226462,"standard_error":0.006318321103889212}}