{"mean":{"confidence_interval":{"confidence_level":0.95,"lower_bound":14.814206085713774,"upper_bound":14.833429737528602},"point_estimate":14.821457827635422,"standard_error":0.00521072593261837},"median":{"confidence_interval":{"confidence_level":0.95,"lower_bound":14.811810726775033,"upper_bound":14.815532889775803},"point_estimate":14.813290730680395,"standard_error":0.0010060579289935662},"median_abs_dev":{"confidence_interval":{"confidence_level":0.95,"lower_bound":0.003915809951391603,"upper_bound":0.006914666449237332},"point_estimate":0.005180887712356295,"standard_error":0.0007406587605964733},"slope":{"confidence_interval":{"confidence_level":0.95,"lower_bound":14.814162590266772,"upper_bound":14.834079862686707},"point_estimate":14.821707993614078,"standard_error":0.005333520609059944},"std_dev":{"confidence_interval":{"confidence_level":0.95,"lower_bound":0.0074805535394005486,"upper_bound":0.08803211400740683},"point_estimate":0.05262841808924285,"standard_error":0.025402587507828565}}