{"mean":{"confidence_interval":{"confidence_level":0.95,"lower_bound":9.264615954474111,"upper_bound":9.284282413968423},"point_estimate":9.273088413553051,"standard_error":0.0050829191377260476},"median":{"confidence_interval":{"confidence_level":0.95,"lower_bound":9.25952435058425,"upper_bound":9.264087007528994},"point_estimate":9.261323037319002,"standard_error":0.0009978779644588178},"median_abs_dev":{"confidence_interval":{"confidence_level":0.95,"lower_bound":0.005717026928129643,"upper_bound":0.009860765619831754},"point_estimate":0.007961349426668965,"standard_error":0.000993798733476239},"slope":{"confidence_interval":{"confidence_level":0.95,"lower_bound":9.262152850046759,"upper_bound":9.269992983514289},"point_estimate":9.265451174366808,"standard_error":0.002031058015854977},"std_dev":{"confidence_interval":{"confidence_level":0.95,"lower_bound":0.015685313546289503,"upper_bound":0.07793036669525447},"point_estimate":0.051103895014768336,"standard_error":0.016098900523573212}}