{"mean":{"confidence_interval":{"confidence_level":0.95,"lower_bound":2179.3010522386717,"upper_bound":2184.95429385662},"point_estimate":2182.043261661664,"standard_error":1.4388624435883013},"median":{"confidence_interval":{"confidence_level":0.95,"lower_bound":2176.3638932496074,"upper_bound":2180.1998707175176},"point_estimate":2178.5288026738954,"standard_error":0.9385860584998991},"median_abs_dev":{"confidence_interval":{"confidence_level":0.95,"lower_bound":5.494973414014719,"upper_bound":14.235781591127912},"point_estimate":8.41037550370951,"standard_error":2.2243046761073204},"slope":{"confidence_interval":{"confidence_level":0.95,"lower_bound":2173.6416573622755,"upper_bound":2176.881056078054},"point_estimate":2175.3316692611365,"standard_error":0.8255588685271227},"std_dev":{"confidence_interval":{"confidence_level":0.95,"lower_bound":12.043213773598307,"upper_bound":16.572839826899894},"point_estimate":14.492561176823106,"standard_error":1.149422446788753}}