{"mean":{"confidence_interval":{"confidence_level":0.95,"lower_bound":33773.60706299478,"upper_bound":34270.70864208718},"point_estimate":34009.32125084059,"standard_error":127.01410043080473},"median":{"confidence_interval":{"confidence_level":0.95,"lower_bound":33681.08245678222,"upper_bound":34319.33440256616},"point_estimate":33981.01236881559,"standard_error":155.06358472500744},"median_abs_dev":{"confidence_interval":{"confidence_level":0.95,"lower_bound":832.2574701636293,"upper_bound":1350.7590813568538},"point_estimate":1121.5017952778028,"standard_error":135.1675188776664},"slope":{"confidence_interval":{"confidence_level":0.95,"lower_bound":34310.99141138269,"upper_bound":34758.43277969633},"point_estimate":34526.706470039695,"standard_error":114.53221573128708},"std_dev":{"confidence_interval":{"confidence_level":0.95,"lower_bound":911.8848575123538,"upper_bound":1703.360446315223},"point_estimate":1274.8627847638345,"standard_error":217.92953907590697}}