{"mean":{"confidence_interval":{"confidence_level":0.95,"lower_bound":18991.90057937848,"upper_bound":19084.928321728974},"point_estimate":19037.669015828244,"standard_error":23.638207166596423},"median":{"confidence_interval":{"confidence_level":0.95,"lower_bound":19063.03798076923,"upper_bound":19075.001793345546},"point_estimate":19067.754646254645,"standard_error":3.422190584346517},"median_abs_dev":{"confidence_interval":{"confidence_level":0.95,"lower_bound":14.695987123709733,"upper_bound":30.525248709077616},"point_estimate":17.830098781630312,"standard_error":3.955864261624425},"slope":{"confidence_interval":{"confidence_level":0.95,"lower_bound":19082.652670546784,"upper_bound":19148.985316486356},"point_estimate":19112.647832638027,"standard_error":16.984790360210646},"std_dev":{"confidence_interval":{"confidence_level":0.95,"lower_bound":181.32709562501245,"upper_bound":291.32746763863275},"point_estimate":238.3752440755453,"standard_error":28.214252681315063}}