{"mean":{"confidence_interval":{"confidence_level":0.95,"lower_bound":12.53670065593928,"upper_bound":12.559325523433397},"point_estimate":12.548389743461628,"standard_error":0.005755637453971229},"median":{"confidence_interval":{"confidence_level":0.95,"lower_bound":12.558999819438544,"upper_bound":12.580038502457064},"point_estimate":12.571931040768302,"standard_error":0.0055277605135892706},"median_abs_dev":{"confidence_interval":{"confidence_level":0.95,"lower_bound":0.02195701455048993,"upper_bound":0.054041069042686636},"point_estimate":0.03696185170087701,"standard_error":0.00875109063829954},"slope":{"confidence_interval":{"confidence_level":0.95,"lower_bound":12.529874929639401,"upper_bound":12.560268042671074},"point_estimate":12.545504186999588,"standard_error":0.007772193552438213},"std_dev":{"confidence_interval":{"confidence_level":0.95,"lower_bound":0.04760132723350238,"upper_bound":0.06688195858564606},"point_estimate":0.05768150206927146,"standard_error":0.004931614964494809}}