{"mean":{"confidence_interval":{"confidence_level":0.95,"lower_bound":1185.597157410709,"upper_bound":1188.7963009791354},"point_estimate":1187.2462480906552,"standard_error":0.8173435662729936},"median":{"confidence_interval":{"confidence_level":0.95,"lower_bound":1187.9469581843464,"upper_bound":1188.5957613230034},"point_estimate":1188.158272909337,"standard_error":0.16537332270332805},"median_abs_dev":{"confidence_interval":{"confidence_level":0.95,"lower_bound":0.7961762427768406,"upper_bound":2.0159659225274282},"point_estimate":1.1207971242584303,"standard_error":0.320857225941525},"slope":{"confidence_interval":{"confidence_level":0.95,"lower_bound":1180.8011330846575,"upper_bound":1185.6730732302344},"point_estimate":1183.3095594743684,"standard_error":1.24388244749087},"std_dev":{"confidence_interval":{"confidence_level":0.95,"lower_bound":6.302797134880571,"upper_bound":9.920940057381125},"point_estimate":8.278872890236466,"standard_error":0.9183265256574775}}