{"mean":{"confidence_interval":{"confidence_level":0.95,"lower_bound":1593.1953051364017,"upper_bound":1618.876636514274},"point_estimate":1605.5624457145504,"standard_error":6.5652240186904605},"median":{"confidence_interval":{"confidence_level":0.95,"lower_bound":1583.279146141215,"upper_bound":1605.8140558292282},"point_estimate":1593.9381671967878,"standard_error":6.216732951989652},"median_abs_dev":{"confidence_interval":{"confidence_level":0.95,"lower_bound":35.51112988679288,"upper_bound":63.3938625517863},"point_estimate":47.99277585964904,"standard_error":7.25217283886083},"slope":{"confidence_interval":{"confidence_level":0.95,"lower_bound":1583.7916171902239,"upper_bound":1610.0355746389466},"point_estimate":1596.4053285540303,"standard_error":6.692461122429178},"std_dev":{"confidence_interval":{"confidence_level":0.95,"lower_bound":52.005262358940044,"upper_bound":78.15238953749318},"point_estimate":65.97763694514258,"standard_error":6.69400880275668}}