{"mean":{"confidence_interval":{"confidence_level":0.95,"lower_bound":1398.7545573000887,"upper_bound":1402.513592448373},"point_estimate":1400.6499783336358,"standard_error":0.957494125254531},"median":{"confidence_interval":{"confidence_level":0.95,"lower_bound":1401.6039062631605,"upper_bound":1403.0176652928099},"point_estimate":1402.3986044396074,"standard_error":0.3566282944805406},"median_abs_dev":{"confidence_interval":{"confidence_level":0.95,"lower_bound":2.0033245430856237,"upper_bound":5.191693146749188},"point_estimate":3.1202776100251417,"standard_error":0.8353955188372721},"slope":{"confidence_interval":{"confidence_level":0.95,"lower_bound":1393.5182993173423,"upper_bound":1398.5372107127187},"point_estimate":1395.9908530284943,"standard_error":1.2849297218118105},"std_dev":{"confidence_interval":{"confidence_level":0.95,"lower_bound":7.450567957945619,"upper_bound":11.516222082697837},"point_estimate":9.594823282576973,"standard_error":1.0377765891567738}}