{"mean":{"confidence_interval":{"confidence_level":0.95,"lower_bound":1550.6184517937818,"upper_bound":1570.70649783929},"point_estimate":1560.0003248883659,"standard_error":5.130703911791204},"median":{"confidence_interval":{"confidence_level":0.95,"lower_bound":1540.3356840396066,"upper_bound":1553.6760848211707},"point_estimate":1547.1445562550634,"standard_error":3.8009158350763537},"median_abs_dev":{"confidence_interval":{"confidence_level":0.95,"lower_bound":16.938366247239227,"upper_bound":30.64927042505276},"point_estimate":22.69289545474446,"standard_error":3.4128678507296972},"slope":{"confidence_interval":{"confidence_level":0.95,"lower_bound":1555.6700743789777,"upper_bound":1579.3838111850018},"point_estimate":1566.8331488938588,"standard_error":6.083186860767863},"std_dev":{"confidence_interval":{"confidence_level":0.95,"lower_bound":32.34543921226556,"upper_bound":67.94620035945205},"point_estimate":51.444718390391046,"standard_error":9.088399141995179}}