{"mean":{"confidence_interval":{"confidence_level":0.95,"lower_bound":732.0486671099353,"upper_bound":733.3132553662809},"point_estimate":732.5933036464894,"standard_error":0.32743522621906906},"median":{"confidence_interval":{"confidence_level":0.95,"lower_bound":731.545372257307,"upper_bound":731.818956179222},"point_estimate":731.6695721370163,"standard_error":0.07038785578082772},"median_abs_dev":{"confidence_interval":{"confidence_level":0.95,"lower_bound":0.44730890779850996,"upper_bound":0.8727578144119571},"point_estimate":0.6439284526085144,"standard_error":0.1097971421898616},"slope":{"confidence_interval":{"confidence_level":0.95,"lower_bound":731.3495366107719,"upper_bound":731.5298573111227},"point_estimate":731.4352159068064,"standard_error":0.046008794158619595},"std_dev":{"confidence_interval":{"confidence_level":0.95,"lower_bound":1.3876253437121187,"upper_bound":5.024511326261672},"point_estimate":3.2709496246112657,"standard_error":1.0381941832985007}}