{"mean":{"confidence_interval":{"confidence_level":0.95,"lower_bound":994.7361241703051,"upper_bound":996.8038565805243},"point_estimate":995.6655571246187,"standard_error":0.5291700545839534},"median":{"confidence_interval":{"confidence_level":0.95,"lower_bound":993.6781367613276,"upper_bound":994.3415080160321},"point_estimate":993.8598870733244,"standard_error":0.17440746331304915},"median_abs_dev":{"confidence_interval":{"confidence_level":0.95,"lower_bound":0.700732814775148,"upper_bound":1.5747807910844143},"point_estimate":1.0334718848027427,"standard_error":0.21432071094456415},"slope":{"confidence_interval":{"confidence_level":0.95,"lower_bound":993.5044205693838,"upper_bound":995.3520010226786},"point_estimate":994.1248586311089,"standard_error":0.5134966138456812},"std_dev":{"confidence_interval":{"confidence_level":0.95,"lower_bound":2.703637509678282,"upper_bound":7.431465977970899},"point_estimate":5.308538716641548,"standard_error":1.2043388369793364}}