{"mean":{"confidence_interval":{"confidence_level":0.95,"lower_bound":16.594549480616077,"upper_bound":17.126725872854966},"point_estimate":16.85772976331546,"standard_error":0.13605950982232698},"median":{"confidence_interval":{"confidence_level":0.95,"lower_bound":16.371708589139356,"upper_bound":17.172372507689005},"point_estimate":16.667031537410605,"standard_error":0.188022579508476},"median_abs_dev":{"confidence_interval":{"confidence_level":0.95,"lower_bound":1.1099571157169412,"upper_bound":1.8086905434030751},"point_estimate":1.405294823317312,"standard_error":0.18120396980671669},"slope":{"confidence_interval":{"confidence_level":0.95,"lower_bound":16.458043726110887,"upper_bound":17.047942721571722},"point_estimate":16.746574261025994,"standard_error":0.1502819656582393},"std_dev":{"confidence_interval":{"confidence_level":0.95,"lower_bound":1.1715521893831529,"upper_bound":1.5628545021105846},"point_estimate":1.373789739561094,"standard_error":0.10001906913866791}}