{"mean":{"confidence_interval":{"confidence_level":0.95,"lower_bound":123.598954021327,"upper_bound":125.41673732893575},"point_estimate":124.5133181427465,"standard_error":0.4654378392271533},"median":{"confidence_interval":{"confidence_level":0.95,"lower_bound":123.38000961415203,"upper_bound":124.83963933167881},"point_estimate":124.08523319200216,"standard_error":0.40815704653696305},"median_abs_dev":{"confidence_interval":{"confidence_level":0.95,"lower_bound":2.2932778032523973,"upper_bound":4.209490619448043},"point_estimate":2.980749861751467,"standard_error":0.47074252656926735},"slope":{"confidence_interval":{"confidence_level":0.95,"lower_bound":124.13932636496385,"upper_bound":125.86768890539904},"point_estimate":124.95780621389152,"standard_error":0.437970899835905},"std_dev":{"confidence_interval":{"confidence_level":0.95,"lower_bound":3.57495353930649,"upper_bound":5.725485439278185},"point_estimate":4.675951214996314,"standard_error":0.5480911605595992}}