{"mean":{"confidence_interval":{"confidence_level":0.95,"lower_bound":59.43058432796173,"upper_bound":60.04992006529567},"point_estimate":59.75828490049201,"standard_error":0.15834645924433166},"median":{"confidence_interval":{"confidence_level":0.95,"lower_bound":60.09873834779813,"upper_bound":60.5004045248218},"point_estimate":60.34589687692153,"standard_error":0.09494534958867822},"median_abs_dev":{"confidence_interval":{"confidence_level":0.95,"lower_bound":0.43399905524697663,"upper_bound":0.8752554606312508},"point_estimate":0.6053474002450887,"standard_error":0.10274757580495311},"slope":{"confidence_interval":{"confidence_level":0.95,"lower_bound":60.18523929722845,"upper_bound":60.393018661182886},"point_estimate":60.2853875065035,"standard_error":0.05302449168746548},"std_dev":{"confidence_interval":{"confidence_level":0.95,"lower_bound":1.1365125807040686,"upper_bound":1.9748234982599462},"point_estimate":1.5926110322412783,"standard_error":0.2140474764315517}}