{"mean":{"confidence_interval":{"confidence_level":0.95,"lower_bound":57.925744704746705,"upper_bound":58.51383455116522},"point_estimate":58.24209824913555,"standard_error":0.15089610810550633},"median":{"confidence_interval":{"confidence_level":0.95,"lower_bound":58.748654765478854,"upper_bound":58.831922488765386},"point_estimate":58.80365914300452,"standard_error":0.02263525878788687},"median_abs_dev":{"confidence_interval":{"confidence_level":0.95,"lower_bound":0.12665673742232791,"upper_bound":0.2526846957316114},"point_estimate":0.1853344585087444,"standard_error":0.03099699788233783},"slope":{"confidence_interval":{"confidence_level":0.95,"lower_bound":58.78537594145362,"upper_bound":58.84288707515549},"point_estimate":58.81344593901504,"standard_error":0.014687006371266608},"std_dev":{"confidence_interval":{"confidence_level":0.95,"lower_bound":0.9904225831755922,"upper_bound":1.9479183571614997},"point_estimate":1.5183837444088064,"standard_error":0.2438797513793567}}