{"mean":{"confidence_interval":{"confidence_level":0.95,"lower_bound":17.11192687111815,"upper_bound":17.114776215161083},"point_estimate":17.113343115357964,"standard_error":0.0007251503418422366},"median":{"confidence_interval":{"confidence_level":0.95,"lower_bound":17.11222035096252,"upper_bound":17.113855241656474},"point_estimate":17.113002600021648,"standard_error":0.0004676319279253678},"median_abs_dev":{"confidence_interval":{"confidence_level":0.95,"lower_bound":0.0028290932463964813,"upper_bound":0.004779827648337828},"point_estimate":0.003950521877323294,"standard_error":0.00049743159078149},"slope":{"confidence_interval":{"confidence_level":0.95,"lower_bound":17.113021878202,"upper_bound":17.116379574164448},"point_estimate":17.1145490518422,"standard_error":0.00086175311040131},"std_dev":{"confidence_interval":{"confidence_level":0.95,"lower_bound":0.00443712486256394,"upper_bound":0.009826572325443983},"point_estimate":0.0073047521510251935,"standard_error":0.001376211123237595}}