{"mean":{"confidence_interval":{"confidence_level":0.95,"lower_bound":4768.070403054561,"upper_bound":4783.936432124474},"point_estimate":4776.230864132113,"standard_error":4.060145847270243},"median":{"confidence_interval":{"confidence_level":0.95,"lower_bound":4780.013657407408,"upper_bound":4804.724386160715},"point_estimate":4791.345014880952,"standard_error":6.274152752658155},"median_abs_dev":{"confidence_interval":{"confidence_level":0.95,"lower_bound":12.70092885055295,"upper_bound":40.79305749006434},"point_estimate":27.490224454601208,"standard_error":7.252275690211247},"slope":{"confidence_interval":{"confidence_level":0.95,"lower_bound":4794.764288857073,"upper_bound":4802.380688757844},"point_estimate":4798.860221719374,"standard_error":1.9494713253529372},"std_dev":{"confidence_interval":{"confidence_level":0.95,"lower_bound":34.15744975323096,"upper_bound":45.98702413438629},"point_estimate":40.7042707301024,"standard_error":3.0181092433677414}}