{"mean":{"confidence_interval":{"confidence_level":0.95,"lower_bound":169.99044357226785,"upper_bound":170.5442507733827},"point_estimate":170.24021351297745,"standard_error":0.14210714030586985},"median":{"confidence_interval":{"confidence_level":0.95,"lower_bound":169.61548281309663,"upper_bound":169.78568654023255},"point_estimate":169.6663838906113,"standard_error":0.043757332225531916},"median_abs_dev":{"confidence_interval":{"confidence_level":0.95,"lower_bound":0.18267612901101535,"upper_bound":0.4325185256214331},"point_estimate":0.2788964626714712,"standard_error":0.06181246949394274},"slope":{"confidence_interval":{"confidence_level":0.95,"lower_bound":169.90819865901187,"upper_bound":170.72693678974198},"point_estimate":170.3183515861385,"standard_error":0.20891768434436964},"std_dev":{"confidence_interval":{"confidence_level":0.95,"lower_bound":0.8623206767794283,"upper_bound":2.0087441275287876},"point_estimate":1.4233312805739973,"standard_error":0.316914704195645}}