{"mean":{"confidence_interval":{"confidence_level":0.95,"lower_bound":321.3158955693532,"upper_bound":331.5939162638012},"point_estimate":325.89031328602243,"standard_error":2.640156297175561},"median":{"confidence_interval":{"confidence_level":0.95,"lower_bound":320.3790750788351,"upper_bound":326.09228758495397},"point_estimate":322.82827543732583,"standard_error":1.7332206624327755},"median_abs_dev":{"confidence_interval":{"confidence_level":0.95,"lower_bound":7.737091181164593,"upper_bound":12.222496114848873},"point_estimate":10.157244791688797,"standard_error":1.136672506016137},"slope":{"confidence_interval":{"confidence_level":0.95,"lower_bound":323.98023299346187,"upper_bound":328.7512479711314},"point_estimate":326.3219453781523,"standard_error":1.2136347183308627},"std_dev":{"confidence_interval":{"confidence_level":0.95,"lower_bound":13.38149716971696,"upper_bound":39.49175705200203},"point_estimate":26.454475668398626,"standard_error":7.276868807602884}}