{"mean":{"confidence_interval":{"confidence_level":0.95,"lower_bound":5.1281195310573935,"upper_bound":5.280954001622007},"point_estimate":5.200652256992713,"standard_error":0.03913494949289101},"median":{"confidence_interval":{"confidence_level":0.95,"lower_bound":5.06382591753356,"upper_bound":5.202364816149964},"point_estimate":5.144789947247512,"standard_error":0.02944411770910919},"median_abs_dev":{"confidence_interval":{"confidence_level":0.95,"lower_bound":0.1830381340399082,"upper_bound":0.3255025396564364},"point_estimate":0.2440977800062921,"standard_error":0.036148533928639016},"slope":{"confidence_interval":{"confidence_level":0.95,"lower_bound":5.102717303019982,"upper_bound":5.210887229912735},"point_estimate":5.156412811453765,"standard_error":0.027564361733980806},"std_dev":{"confidence_interval":{"confidence_level":0.95,"lower_bound":0.29006726685689305,"upper_bound":0.5105525724460207},"point_estimate":0.3940427722092787,"standard_error":0.05924617323036362}}