{"mean":{"confidence_interval":{"confidence_level":0.95,"lower_bound":165.79490518032202,"upper_bound":166.2044615152504},"point_estimate":165.97238129170677,"standard_error":0.10551713556680667},"median":{"confidence_interval":{"confidence_level":0.95,"lower_bound":165.61123828647925,"upper_bound":165.72681624486452},"point_estimate":165.6540533650768,"standard_error":0.030419640787479798},"median_abs_dev":{"confidence_interval":{"confidence_level":0.95,"lower_bound":0.1445646124342706,"upper_bound":0.30953711883418156},"point_estimate":0.21474305998564586,"standard_error":0.0427500238909344},"slope":{"confidence_interval":{"confidence_level":0.95,"lower_bound":165.55740304513517,"upper_bound":165.6060268958906},"point_estimate":165.57866447861295,"standard_error":0.012557054407330594},"std_dev":{"confidence_interval":{"confidence_level":0.95,"lower_bound":0.4453709264869181,"upper_bound":1.5982211932904649},"point_estimate":1.0625588232231586,"standard_error":0.3060769912893737}}