{"mean":{"confidence_interval":{"confidence_level":0.95,"lower_bound":98.90721499753272,"upper_bound":99.12015191174248},"point_estimate":98.99901842711428,"standard_error":0.05450702697663146},"median":{"confidence_interval":{"confidence_level":0.95,"lower_bound":98.8661353199596,"upper_bound":99.00425890191534},"point_estimate":98.92584101643355,"standard_error":0.03748985657339756},"median_abs_dev":{"confidence_interval":{"confidence_level":0.95,"lower_bound":0.1904480188349115,"upper_bound":0.2884759594169268},"point_estimate":0.2534464386633631,"standard_error":0.025944923316489614},"slope":{"confidence_interval":{"confidence_level":0.95,"lower_bound":98.89141775780375,"upper_bound":98.98103698910279},"point_estimate":98.93862593050214,"standard_error":0.022795338448352142},"std_dev":{"confidence_interval":{"confidence_level":0.95,"lower_bound":0.22487975509670385,"upper_bound":0.8437627084447759},"point_estimate":0.5473954549920551,"standard_error":0.17301014611206433}}