{"mean":{"confidence_interval":{"confidence_level":0.95,"lower_bound":90.95449770580952,"upper_bound":92.49856300098806},"point_estimate":91.58086452008729,"standard_error":0.40256661873758914},"median":{"confidence_interval":{"confidence_level":0.95,"lower_bound":90.62673414950795,"upper_bound":91.12615209338597},"point_estimate":90.97659988604559,"standard_error":0.14773569621253185},"median_abs_dev":{"confidence_interval":{"confidence_level":0.95,"lower_bound":0.8761650766114133,"upper_bound":1.509209010601284},"point_estimate":1.2404193653906104,"standard_error":0.15744977341406136},"slope":{"confidence_interval":{"confidence_level":0.95,"lower_bound":90.81697953929786,"upper_bound":93.34174995584266},"point_estimate":91.80327099108726,"standard_error":0.6698683355850447},"std_dev":{"confidence_interval":{"confidence_level":0.95,"lower_bound":1.511022183763865,"upper_bound":6.482345175882043},"point_estimate":4.030506001528507,"standard_error":1.6251511538356294}}