{"mean":{"confidence_interval":{"confidence_level":0.95,"lower_bound":392.4967224372513,"upper_bound":394.70219229843684},"point_estimate":393.39550699465525,"standard_error":0.5767282314452196},"median":{"confidence_interval":{"confidence_level":0.95,"lower_bound":392.472325357588,"upper_bound":393.1448136726764},"point_estimate":392.8551183943761,"standard_error":0.18259223145064996},"median_abs_dev":{"confidence_interval":{"confidence_level":0.95,"lower_bound":0.9286051942195266,"upper_bound":1.4851897303255641},"point_estimate":1.183506168941656,"standard_error":0.14665545013533768},"slope":{"confidence_interval":{"confidence_level":0.95,"lower_bound":392.8131561023307,"upper_bound":393.66957037098877},"point_estimate":393.1693147104737,"standard_error":0.22162510740489605},"std_dev":{"confidence_interval":{"confidence_level":0.95,"lower_bound":1.326247625485716,"upper_bound":9.370015198527183},"point_estimate":5.820112008538173,"standard_error":2.272051880289282}}