{"mean":{"confidence_interval":{"confidence_level":0.95,"lower_bound":707.394977796214,"upper_bound":717.54081297789},"point_estimate":712.098526152427,"standard_error":2.5966817543825096},"median":{"confidence_interval":{"confidence_level":0.95,"lower_bound":704.2813814571765,"upper_bound":708.4068315665489},"point_estimate":706.3600822680328,"standard_error":1.078672817781389},"median_abs_dev":{"confidence_interval":{"confidence_level":0.95,"lower_bound":6.998232274321351,"upper_bound":12.304390109472635},"point_estimate":9.984158522172594,"standard_error":1.3769849482040735},"slope":{"confidence_interval":{"confidence_level":0.95,"lower_bound":708.252281786867,"upper_bound":720.9764285732123},"point_estimate":714.1698696657704,"standard_error":3.239071165125317},"std_dev":{"confidence_interval":{"confidence_level":0.95,"lower_bound":16.63850065649305,"upper_bound":33.78595044539506},"point_estimate":26.07222877680288,"standard_error":4.386794204388723}}