{"mean":{"confidence_interval":{"confidence_level":0.95,"lower_bound":296.3437290402033,"upper_bound":296.9211884692284},"point_estimate":296.5908093285782,"standard_error":0.14953643759689014},"median":{"confidence_interval":{"confidence_level":0.95,"lower_bound":296.12112104067546,"upper_bound":296.34422442244227},"point_estimate":296.2166133279994,"standard_error":0.0608845285685811},"median_abs_dev":{"confidence_interval":{"confidence_level":0.95,"lower_bound":0.20946698479211878,"upper_bound":0.4177115106467991},"point_estimate":0.3146172864918687,"standard_error":0.057238330817786454},"slope":{"confidence_interval":{"confidence_level":0.95,"lower_bound":296.0573331742629,"upper_bound":296.1370685356684},"point_estimate":296.09511450509615,"standard_error":0.020365605470152703},"std_dev":{"confidence_interval":{"confidence_level":0.95,"lower_bound":0.503486692561903,"upper_bound":2.323565351091574},"point_estimate":1.504215720948741,"standard_error":0.4837907233820077}}