{"mean":{"confidence_interval":{"confidence_level":0.95,"lower_bound":1677.3028243385152,"upper_bound":1680.9224378428178},"point_estimate":1678.9936034307136,"standard_error":0.9272157829831172},"median":{"confidence_interval":{"confidence_level":0.95,"lower_bound":1675.187570048567,"upper_bound":1676.7094322238856},"point_estimate":1675.8049237642372,"standard_error":0.39371571182292275},"median_abs_dev":{"confidence_interval":{"confidence_level":0.95,"lower_bound":2.0400895299214086,"upper_bound":3.6424540017889946},"point_estimate":2.8046839421516383,"standard_error":0.41474878906543006},"slope":{"confidence_interval":{"confidence_level":0.95,"lower_bound":1674.6263041816676,"upper_bound":1675.535505976558},"point_estimate":1675.056695658135,"standard_error":0.23221498772169522},"std_dev":{"confidence_interval":{"confidence_level":0.95,"lower_bound":6.207229130633397,"upper_bound":11.943231631357726},"point_estimate":9.350700274234416,"standard_error":1.4643005891332048}}