{"mean":{"confidence_interval":{"confidence_level":0.95,"lower_bound":305.04112141307644,"upper_bound":313.4907507153941},"point_estimate":309.1798227546894,"standard_error":2.160721825627329},"median":{"confidence_interval":{"confidence_level":0.95,"lower_bound":299.92155201584865,"upper_bound":313.19022948341274},"point_estimate":308.05704124291697,"standard_error":3.7180093878918075},"median_abs_dev":{"confidence_interval":{"confidence_level":0.95,"lower_bound":18.53305462130586,"upper_bound":28.83108349534237},"point_estimate":23.94945258751002,"standard_error":2.657206388281928},"slope":{"confidence_interval":{"confidence_level":0.95,"lower_bound":295.8783899964227,"upper_bound":303.84998036425304},"point_estimate":299.68999021673915,"standard_error":2.0372584696330582},"std_dev":{"confidence_interval":{"confidence_level":0.95,"lower_bound":18.490321738421404,"upper_bound":24.643805664673117},"point_estimate":21.702796921697942,"standard_error":1.5758766890106284}}