{"mean":{"confidence_interval":{"confidence_level":0.95,"lower_bound":116.44375013704108,"upper_bound":117.08159293858199},"point_estimate":116.69547870340588,"standard_error":0.1679891543133927},"median":{"confidence_interval":{"confidence_level":0.95,"lower_bound":116.2205874059723,"upper_bound":116.39258631636248},"point_estimate":116.28859761511836,"standard_error":0.04903159912707711},"median_abs_dev":{"confidence_interval":{"confidence_level":0.95,"lower_bound":0.22003936746483918,"upper_bound":0.45775105478418193},"point_estimate":0.3029761033360045,"standard_error":0.06383842273404006},"slope":{"confidence_interval":{"confidence_level":0.95,"lower_bound":116.17445567177498,"upper_bound":116.2590724254086},"point_estimate":116.21383438491567,"standard_error":0.02160802793481207},"std_dev":{"confidence_interval":{"confidence_level":0.95,"lower_bound":0.5141529582846497,"upper_bound":2.7606578454592103},"point_estimate":1.6892365065406119,"standard_error":0.7274840213621105}}