{"mean":{"confidence_interval":{"confidence_level":0.95,"lower_bound":37.38128397416882,"upper_bound":37.99555356960206},"point_estimate":37.66096382753481,"standard_error":0.15802823112193295},"median":{"confidence_interval":{"confidence_level":0.95,"lower_bound":37.219376456660015,"upper_bound":37.38049474515017},"point_estimate":37.30158620538455,"standard_error":0.04056014671691954},"median_abs_dev":{"confidence_interval":{"confidence_level":0.95,"lower_bound":0.2464681649553032,"upper_bound":0.4273962068228423},"point_estimate":0.3125828920741434,"standard_error":0.046988790032091735},"slope":{"confidence_interval":{"confidence_level":0.95,"lower_bound":37.124940836604104,"upper_bound":37.42115464560736},"point_estimate":37.25381083229363,"standard_error":0.07588624745949515},"std_dev":{"confidence_interval":{"confidence_level":0.95,"lower_bound":0.843537927752359,"upper_bound":2.1519817871757856},"point_estimate":1.5929958192032878,"standard_error":0.33894426225620455}}