{"mean":{"confidence_interval":{"confidence_level":0.95,"lower_bound":17.61039702562603,"upper_bound":17.615155805549794},"point_estimate":17.612754149702905,"standard_error":0.0012131075690462454},"median":{"confidence_interval":{"confidence_level":0.95,"lower_bound":17.609523926583172,"upper_bound":17.614627441910116},"point_estimate":17.612722742135084,"standard_error":0.0014741739972957888},"median_abs_dev":{"confidence_interval":{"confidence_level":0.95,"lower_bound":0.007727884119524676,"upper_bound":0.011769995304733003},"point_estimate":0.010069545081378858,"standard_error":0.0010637818803243121},"slope":{"confidence_interval":{"confidence_level":0.95,"lower_bound":17.611376003980713,"upper_bound":17.61619241467203},"point_estimate":17.613681908348287,"standard_error":0.001229857892351932},"std_dev":{"confidence_interval":{"confidence_level":0.95,"lower_bound":0.009416343288111802,"upper_bound":0.014753004661586997},"point_estimate":0.01215450423173353,"standard_error":0.0013628756136145463}}