{"mean":{"confidence_interval":{"confidence_level":0.95,"lower_bound":231.45762661547914,"upper_bound":238.9100769016753},"point_estimate":234.64269028624028,"standard_error":1.92052807333801},"median":{"confidence_interval":{"confidence_level":0.95,"lower_bound":230.01245197610865,"upper_bound":233.43986819184178},"point_estimate":231.66158183884252,"standard_error":0.8367694183173678},"median_abs_dev":{"confidence_interval":{"confidence_level":0.95,"lower_bound":6.810018671249471,"upper_bound":11.11416210644161},"point_estimate":9.120448111958487,"standard_error":1.0887853401691578},"slope":{"confidence_interval":{"confidence_level":0.95,"lower_bound":231.35886543762854,"upper_bound":236.1672516485555},"point_estimate":233.61472333058086,"standard_error":1.2225034977927498},"std_dev":{"confidence_interval":{"confidence_level":0.95,"lower_bound":8.648636174960975,"upper_bound":29.770577353492495},"point_estimate":19.207600692747462,"standard_error":6.378404626692894}}