{"mean":{"confidence_interval":{"confidence_level":0.95,"lower_bound":294.7218822753786,"upper_bound":295.3116694313785},"point_estimate":294.97743546077544,"standard_error":0.15220527224370065},"median":{"confidence_interval":{"confidence_level":0.95,"lower_bound":294.4576936969478,"upper_bound":294.6642613920346},"point_estimate":294.5777777387585,"standard_error":0.053474605278018846},"median_abs_dev":{"confidence_interval":{"confidence_level":0.95,"lower_bound":0.2105756034395432,"upper_bound":0.41161079538060286},"point_estimate":0.31569712278150613,"standard_error":0.053046128504212406},"slope":{"confidence_interval":{"confidence_level":0.95,"lower_bound":294.39290262359077,"upper_bound":294.4627659752642},"point_estimate":294.42510155441266,"standard_error":0.01783776581998455},"std_dev":{"confidence_interval":{"confidence_level":0.95,"lower_bound":0.6279947519578022,"upper_bound":2.331150519175434},"point_estimate":1.5348147531666372,"standard_error":0.4576789192397394}}