{"mean":{"confidence_interval":{"confidence_level":0.95,"lower_bound":856.5427065601729,"upper_bound":868.5258032009405},"point_estimate":862.6043884588134,"standard_error":3.059319232746507},"median":{"confidence_interval":{"confidence_level":0.95,"lower_bound":854.74043715847,"upper_bound":872.5027413868261},"point_estimate":864.6589619707672,"standard_error":4.461468739373391},"median_abs_dev":{"confidence_interval":{"confidence_level":0.95,"lower_bound":22.813365777658806,"upper_bound":35.39160799195338},"point_estimate":29.405584616582424,"standard_error":3.0815406615194814},"slope":{"confidence_interval":{"confidence_level":0.95,"lower_bound":859.8988224509056,"upper_bound":870.216557309338},"point_estimate":865.0839668911839,"standard_error":2.6341781731108616},"std_dev":{"confidence_interval":{"confidence_level":0.95,"lower_bound":25.878240990909955,"upper_bound":35.47314850925743},"point_estimate":30.807643881619093,"standard_error":2.4525414940791066}}