{"mean":{"confidence_interval":{"confidence_level":0.95,"lower_bound":770.5919599840009,"upper_bound":772.112707853773},"point_estimate":771.2786627745002,"standard_error":0.38967159341812624},"median":{"confidence_interval":{"confidence_level":0.95,"lower_bound":769.8912253374871,"upper_bound":770.5461105002748},"point_estimate":770.2138629283489,"standard_error":0.15898655675531928},"median_abs_dev":{"confidence_interval":{"confidence_level":0.95,"lower_bound":0.9043648225477253,"upper_bound":1.5545684197686145},"point_estimate":1.2451245430555873,"standard_error":0.15860678414688867},"slope":{"confidence_interval":{"confidence_level":0.95,"lower_bound":769.8541559861599,"upper_bound":770.2558046620684},"point_estimate":770.0454404138279,"standard_error":0.1030430899107513},"std_dev":{"confidence_interval":{"confidence_level":0.95,"lower_bound":2.064350222304293,"upper_bound":5.543797456515069},"point_estimate":3.9060284860381085,"standard_error":0.9047435211343424}}