{"mean":{"confidence_interval":{"confidence_level":0.95,"lower_bound":9.503633812251318,"upper_bound":9.509154547530176},"point_estimate":9.506255892134241,"standard_error":0.0014157707998648822},"median":{"confidence_interval":{"confidence_level":0.95,"lower_bound":9.500360876664386,"upper_bound":9.503761788418617},"point_estimate":9.502219415353474,"standard_error":0.0008825349535774253},"median_abs_dev":{"confidence_interval":{"confidence_level":0.95,"lower_bound":0.005848013897321659,"upper_bound":0.011037107037446064},"point_estimate":0.008202137255065042,"standard_error":0.0013442286606236296},"slope":{"confidence_interval":{"confidence_level":0.95,"lower_bound":9.502964816134478,"upper_bound":9.507337479916767},"point_estimate":9.505047016788074,"standard_error":0.0011146695236758301},"std_dev":{"confidence_interval":{"confidence_level":0.95,"lower_bound":0.010234376562267049,"upper_bound":0.017975665640863985},"point_estimate":0.014246174637979179,"standard_error":0.0019917908106817507}}