{"mean":{"confidence_interval":{"confidence_level":0.95,"lower_bound":7.3103562106325155,"upper_bound":7.355738009203596},"point_estimate":7.329303700327932,"standard_error":0.011718117046915753},"median":{"confidence_interval":{"confidence_level":0.95,"lower_bound":7.2971150975839505,"upper_bound":7.307988040496688},"point_estimate":7.300773677543793,"standard_error":0.0026795980104062037},"median_abs_dev":{"confidence_interval":{"confidence_level":0.95,"lower_bound":0.008731453761039199,"upper_bound":0.018344718446149287},"point_estimate":0.013517332849737896,"standard_error":0.002308242682886736},"slope":{"confidence_interval":{"confidence_level":0.95,"lower_bound":7.311253973905762,"upper_bound":7.416956270962819},"point_estimate":7.353261752121882,"standard_error":0.028270313063421204},"std_dev":{"confidence_interval":{"confidence_level":0.95,"lower_bound":0.037817651193781325,"upper_bound":0.18454407943812803},"point_estimate":0.11718366959603277,"standard_error":0.0406128591589095}}