{"mean":{"confidence_interval":{"confidence_level":0.95,"lower_bound":37.785889076997556,"upper_bound":37.968631261766475},"point_estimate":37.86568258479947,"standard_error":0.04699247215073387},"median":{"confidence_interval":{"confidence_level":0.95,"lower_bound":37.70872057236981,"upper_bound":37.88770741776493},"point_estimate":37.795266665273004,"standard_error":0.04963221263838471},"median_abs_dev":{"confidence_interval":{"confidence_level":0.95,"lower_bound":0.2328574973118731,"upper_bound":0.38551157408237635},"point_estimate":0.325474749664066,"standard_error":0.0412738187631361},"slope":{"confidence_interval":{"confidence_level":0.95,"lower_bound":37.61514601567936,"upper_bound":37.70099998967178},"point_estimate":37.65424550005165,"standard_error":0.02186143203219978},"std_dev":{"confidence_interval":{"confidence_level":0.95,"lower_bound":0.2508950405974862,"upper_bound":0.715592380387256},"point_estimate":0.4710397867857244,"standard_error":0.1474936415388871}}