{"mean":{"confidence_interval":{"confidence_level":0.95,"lower_bound":1788.7217648339301,"upper_bound":1800.904781460713},"point_estimate":1796.30680003361,"standard_error":3.397281007396562},"median":{"confidence_interval":{"confidence_level":0.95,"lower_bound":1796.7394134963768,"upper_bound":1799.461668920478},"point_estimate":1798.1472668669226,"standard_error":0.7593583083490824},"median_abs_dev":{"confidence_interval":{"confidence_level":0.95,"lower_bound":3.8333691231666758,"upper_bound":6.086000272415456},"point_estimate":5.353053581554992,"standard_error":0.560458477483032},"slope":{"confidence_interval":{"confidence_level":0.95,"lower_bound":1795.7648555132284,"upper_bound":1797.5309871638317},"point_estimate":1796.6136994161777,"standard_error":0.4512918631429044},"std_dev":{"confidence_interval":{"confidence_level":0.95,"lower_bound":5.57510591838292,"upper_bound":57.78870061716138},"point_estimate":34.103782911280796,"standard_error":17.602515196461756}}