{"mean":{"confidence_interval":{"confidence_level":0.95,"lower_bound":10.371554345428992,"upper_bound":10.412877680715571},"point_estimate":10.389682260905044,"standard_error":0.01059056352217535},"median":{"confidence_interval":{"confidence_level":0.95,"lower_bound":10.344418968267293,"upper_bound":10.404770277578208},"point_estimate":10.389973949362428,"standard_error":0.015496473526261479},"median_abs_dev":{"confidence_interval":{"confidence_level":0.95,"lower_bound":0.03490675723403667,"upper_bound":0.07440176484658},"point_estimate":0.06403822219322378,"standard_error":0.010367101575527837},"slope":{"confidence_interval":{"confidence_level":0.95,"lower_bound":10.397995162720127,"upper_bound":10.415234931405925},"point_estimate":10.406670599760789,"standard_error":0.004378137387680033},"std_dev":{"confidence_interval":{"confidence_level":0.95,"lower_bound":0.04747046012810499,"upper_bound":0.16079206664753626},"point_estimate":0.10653279856304368,"standard_error":0.03070348372848938}}