{"mean":{"confidence_interval":{"confidence_level":0.95,"lower_bound":18.547995746603846,"upper_bound":18.924613133475773},"point_estimate":18.701126771589234,"standard_error":0.09816229997554768},"median":{"confidence_interval":{"confidence_level":0.95,"lower_bound":18.430618500164584,"upper_bound":18.527760779381676},"point_estimate":18.45751394966757,"standard_error":0.02175270478065002},"median_abs_dev":{"confidence_interval":{"confidence_level":0.95,"lower_bound":0.1569092768176249,"upper_bound":0.3153485028246799},"point_estimate":0.21337388133906754,"standard_error":0.038666799832443706},"slope":{"confidence_interval":{"confidence_level":0.95,"lower_bound":18.5927189702316,"upper_bound":18.833278661674434},"point_estimate":18.706111469773525,"standard_error":0.06134109232568834},"std_dev":{"confidence_interval":{"confidence_level":0.95,"lower_bound":0.3671637048587156,"upper_bound":1.5886779617753048},"point_estimate":0.9894169559243642,"standard_error":0.395521296726133}}