{"mean":{"confidence_interval":{"confidence_level":0.95,"lower_bound":10.20508358347494,"upper_bound":10.222114346372607},"point_estimate":10.212009942149413,"standard_error":0.004447950216739875},"median":{"confidence_interval":{"confidence_level":0.95,"lower_bound":10.201561662181113,"upper_bound":10.208571132456282},"point_estimate":10.205465847783355,"standard_error":0.0016932130120231224},"median_abs_dev":{"confidence_interval":{"confidence_level":0.95,"lower_bound":0.010893584809946507,"upper_bound":0.019303378121998897},"point_estimate":0.015299250976331325,"standard_error":0.00225781360098768},"slope":{"confidence_interval":{"confidence_level":0.95,"lower_bound":10.208334481077621,"upper_bound":10.21834734275293},"point_estimate":10.212979188182281,"standard_error":0.0025654308993773812},"std_dev":{"confidence_interval":{"confidence_level":0.95,"lower_bound":0.01631690178849055,"upper_bound":0.07240222286650308},"point_estimate":0.04482866812989802,"standard_error":0.018239195433632414}}