{"mean":{"confidence_interval":{"confidence_level":0.95,"lower_bound":268.7967050251623,"upper_bound":269.3396998443984},"point_estimate":269.0299562513353,"standard_error":0.1406255127476066},"median":{"confidence_interval":{"confidence_level":0.95,"lower_bound":268.5493757094211,"upper_bound":268.74293770321356},"point_estimate":268.6057674085772,"standard_error":0.05623412211467094},"median_abs_dev":{"confidence_interval":{"confidence_level":0.95,"lower_bound":0.19029055029259243,"upper_bound":0.42968593114900183},"point_estimate":0.27126914703079047,"standard_error":0.06886167165444645},"slope":{"confidence_interval":{"confidence_level":0.95,"lower_bound":268.479101621617,"upper_bound":268.5517059857087},"point_estimate":268.51119852183774,"standard_error":0.018543960339360812},"std_dev":{"confidence_interval":{"confidence_level":0.95,"lower_bound":0.5463332451496935,"upper_bound":2.1783735900963146},"point_estimate":1.4136879312840787,"standard_error":0.45024452139360366}}