{"mean":{"confidence_interval":{"confidence_level":0.95,"lower_bound":286.16437959022704,"upper_bound":287.1516468106355},"point_estimate":286.6366360871939,"standard_error":0.25179013226926833},"median":{"confidence_interval":{"confidence_level":0.95,"lower_bound":286.15311437046864,"upper_bound":287.0872209511466},"point_estimate":286.6881252969069,"standard_error":0.2520328647475701},"median_abs_dev":{"confidence_interval":{"confidence_level":0.95,"lower_bound":1.471800040544506,"upper_bound":2.287127936589919},"point_estimate":1.8820363192976735,"standard_error":0.2169067607048405},"slope":{"confidence_interval":{"confidence_level":0.95,"lower_bound":286.34231306229526,"upper_bound":287.7746557398314},"point_estimate":286.96552885589193,"standard_error":0.3693659178067288},"std_dev":{"confidence_interval":{"confidence_level":0.95,"lower_bound":1.76856354212686,"upper_bound":3.2745678278145367},"point_estimate":2.532177457342406,"standard_error":0.3912983828827275}}