{"mean":{"confidence_interval":{"confidence_level":0.95,"lower_bound":412.534007674149,"upper_bound":413.47336901257717},"point_estimate":412.9576032172817,"standard_error":0.24059703842020735},"median":{"confidence_interval":{"confidence_level":0.95,"lower_bound":412.0411827899709,"upper_bound":412.67841826789197},"point_estimate":412.3863678465649,"standard_error":0.19586025834332657},"median_abs_dev":{"confidence_interval":{"confidence_level":0.95,"lower_bound":0.8947575902027749,"upper_bound":1.5996960369769302},"point_estimate":1.217569142305503,"standard_error":0.18855726932922567},"slope":{"confidence_interval":{"confidence_level":0.95,"lower_bound":411.9878625003707,"upper_bound":412.4517877319459},"point_estimate":412.21087312019273,"standard_error":0.11859831997501741},"std_dev":{"confidence_interval":{"confidence_level":0.95,"lower_bound":1.392204133617494,"upper_bound":3.46013670962715},"point_estimate":2.408604542473764,"standard_error":0.5794468448884103}}