{"mean":{"confidence_interval":{"confidence_level":0.95,"lower_bound":283.3816927429768,"upper_bound":285.206547302375},"point_estimate":284.146207281605,"standard_error":0.47348043173663773},"median":{"confidence_interval":{"confidence_level":0.95,"lower_bound":283.03984629328204,"upper_bound":283.82454743142875},"point_estimate":283.34446064433644,"standard_error":0.2038518276452377},"median_abs_dev":{"confidence_interval":{"confidence_level":0.95,"lower_bound":1.2677636383115658,"upper_bound":2.2606308325141606},"point_estimate":1.7879826004786785,"standard_error":0.2585092513987838},"slope":{"confidence_interval":{"confidence_level":0.95,"lower_bound":283.17660957933634,"upper_bound":284.4630027249925},"point_estimate":283.7701499299081,"standard_error":0.32778279773684454},"std_dev":{"confidence_interval":{"confidence_level":0.95,"lower_bound":1.8533703137673436,"upper_bound":7.501852115920661},"point_estimate":4.747970647827199,"standard_error":1.7254455094600072}}