{"mean":{"confidence_interval":{"confidence_level":0.95,"lower_bound":7.508242785562866,"upper_bound":7.565432340737429},"point_estimate":7.532532090792012,"standard_error":0.014753342210751497},"median":{"confidence_interval":{"confidence_level":0.95,"lower_bound":7.493722142712041,"upper_bound":7.498275997618418},"point_estimate":7.496346807544724,"standard_error":0.0012964577406337145},"median_abs_dev":{"confidence_interval":{"confidence_level":0.95,"lower_bound":0.006089337219193279,"upper_bound":0.012418241102046569},"point_estimate":0.009606697876473176,"standard_error":0.0017068628026928605},"slope":{"confidence_interval":{"confidence_level":0.95,"lower_bound":7.505504652317066,"upper_bound":7.551054069465636},"point_estimate":7.524773335004605,"standard_error":0.011831660329559826},"std_dev":{"confidence_interval":{"confidence_level":0.95,"lower_bound":0.05445090886012191,"upper_bound":0.22965109015851154},"point_estimate":0.14830112381777627,"standard_error":0.04839267871655824}}