{"mean":{"confidence_interval":{"confidence_level":0.95,"lower_bound":146.00751242890013,"upper_bound":146.77649894710473},"point_estimate":146.38439389577744,"standard_error":0.1958937070780532},"median":{"confidence_interval":{"confidence_level":0.95,"lower_bound":145.80154868467878,"upper_bound":146.77242463782662},"point_estimate":146.1546482278548,"standard_error":0.25761651430297206},"median_abs_dev":{"confidence_interval":{"confidence_level":0.95,"lower_bound":1.492635886534916,"upper_bound":2.350278370600902},"point_estimate":1.9371430597941626,"standard_error":0.21879457905199795},"slope":{"confidence_interval":{"confidence_level":0.95,"lower_bound":145.23507045547038,"upper_bound":145.96722060379517},"point_estimate":145.59066315412838,"standard_error":0.18689623130633762},"std_dev":{"confidence_interval":{"confidence_level":0.95,"lower_bound":1.6561992736063273,"upper_bound":2.281472931077033},"point_estimate":1.9804032478006766,"standard_error":0.1604480119056306}}