{"mean":{"confidence_interval":{"confidence_level":0.95,"lower_bound":93.6615995934473,"upper_bound":94.36971195710294},"point_estimate":93.92425005955992,"standard_error":0.19672989724984546},"median":{"confidence_interval":{"confidence_level":0.95,"lower_bound":93.55441027105948,"upper_bound":93.61380596679572},"point_estimate":93.58222651862033,"standard_error":0.014882025098131751},"median_abs_dev":{"confidence_interval":{"confidence_level":0.95,"lower_bound":0.10547852163522844,"upper_bound":0.1849614258969375},"point_estimate":0.14087177359436318,"standard_error":0.019948316725299876},"slope":{"confidence_interval":{"confidence_level":0.95,"lower_bound":93.5312106425101,"upper_bound":93.68490390008876},"point_estimate":93.59884315447863,"standard_error":0.039539953968161505},"std_dev":{"confidence_interval":{"confidence_level":0.95,"lower_bound":0.31439069303381484,"upper_bound":3.344652792491739},"point_estimate":1.9866018739926283,"standard_error":1.0100747852712166}}