{"mean":{"confidence_interval":{"confidence_level":0.95,"lower_bound":93.40943233864746,"upper_bound":97.5564493128226},"point_estimate":95.47497079592156,"standard_error":1.0559933059090525},"median":{"confidence_interval":{"confidence_level":0.95,"lower_bound":91.87145818000599,"upper_bound":98.02665529027968},"point_estimate":93.574571578771,"standard_error":1.6607903289558168},"median_abs_dev":{"confidence_interval":{"confidence_level":0.95,"lower_bound":6.961957430640474,"upper_bound":10.914583914531741},"point_estimate":9.006491135600653,"standard_error":0.9457481638688422},"slope":{"confidence_interval":{"confidence_level":0.95,"lower_bound":91.10458956574412,"upper_bound":94.26448775152744},"point_estimate":92.65060697303795,"standard_error":0.807840313593244},"std_dev":{"confidence_interval":{"confidence_level":0.95,"lower_bound":8.58347157347841,"upper_bound":12.484403466442258},"point_estimate":10.586690633509702,"standard_error":0.9984872853211011}}