{"mean":{"confidence_interval":{"confidence_level":0.95,"lower_bound":64.77347088685735,"upper_bound":67.84317048572207},"point_estimate":66.27034378084906,"standard_error":0.7851113639870062},"median":{"confidence_interval":{"confidence_level":0.95,"lower_bound":62.90387301587302,"upper_bound":65.62096186270574},"point_estimate":64.08643617202108,"standard_error":0.6469255968083545},"median_abs_dev":{"confidence_interval":{"confidence_level":0.95,"lower_bound":3.6694857944006456,"upper_bound":7.120978852174028},"point_estimate":5.36337872948082,"standard_error":0.8275169791962746},"slope":{"confidence_interval":{"confidence_level":0.95,"lower_bound":61.17740554879174,"upper_bound":62.687455591111366},"point_estimate":61.89836614112326,"standard_error":0.3844408374671147},"std_dev":{"confidence_interval":{"confidence_level":0.95,"lower_bound":6.36391650016359,"upper_bound":9.262672860767692},"point_estimate":7.919389872478911,"standard_error":0.7446240501141995}}