{"mean":{"confidence_interval":{"confidence_level":0.95,"lower_bound":573.2474420080845,"upper_bound":578.1109860133729},"point_estimate":575.1364108970783,"standard_error":1.297833053991201},"median":{"confidence_interval":{"confidence_level":0.95,"lower_bound":572.2380130418105,"upper_bound":573.3508833310084},"point_estimate":572.8275694358127,"standard_error":0.28923159113060903},"median_abs_dev":{"confidence_interval":{"confidence_level":0.95,"lower_bound":1.6674011680840657,"upper_bound":3.1226458052358246},"point_estimate":2.3892144211645654,"standard_error":0.36724641794430607},"slope":{"confidence_interval":{"confidence_level":0.95,"lower_bound":572.7183093114724,"upper_bound":574.5182737269447},"point_estimate":573.5467249987798,"standard_error":0.4599803204260291},"std_dev":{"confidence_interval":{"confidence_level":0.95,"lower_bound":3.62788234213263,"upper_bound":21.523018094831965},"point_estimate":13.06051827162532,"standard_error":5.91956004528817}}