{"mean":{"confidence_interval":{"confidence_level":0.95,"lower_bound":12.227240065164944,"upper_bound":12.229821531910368},"point_estimate":12.228516135726789,"standard_error":0.0006547041114768464},"median":{"confidence_interval":{"confidence_level":0.95,"lower_bound":12.2261706069379,"upper_bound":12.228354321109359},"point_estimate":12.227419315877356,"standard_error":0.0004972853940939694},"median_abs_dev":{"confidence_interval":{"confidence_level":0.95,"lower_bound":0.0025443159477348486,"upper_bound":0.004707392467289941},"point_estimate":0.0037929086234219016,"standard_error":0.0005608799784071253},"slope":{"confidence_interval":{"confidence_level":0.95,"lower_bound":12.227321679834764,"upper_bound":12.228994667113472},"point_estimate":12.228116999731757,"standard_error":0.000425094550207798},"std_dev":{"confidence_interval":{"confidence_level":0.95,"lower_bound":0.0043656072173549176,"upper_bound":0.008545371895439843},"point_estimate":0.006561209578385546,"standard_error":0.0010659931870344373}}