{"mean":{"confidence_interval":{"confidence_level":0.95,"lower_bound":802.2042316939786,"upper_bound":817.2190155409811},"point_estimate":809.2872657232081,"standard_error":3.8358870768481936},"median":{"confidence_interval":{"confidence_level":0.95,"lower_bound":795.9876870446724,"upper_bound":808.135319998521},"point_estimate":802.5151861744328,"standard_error":3.739442639279534},"median_abs_dev":{"confidence_interval":{"confidence_level":0.95,"lower_bound":16.068681342101737,"upper_bound":28.239365896058054},"point_estimate":20.975504500650448,"standard_error":3.1215094289637286},"slope":{"confidence_interval":{"confidence_level":0.95,"lower_bound":795.6735066136505,"upper_bound":806.6545737255326},"point_estimate":801.0984840887097,"standard_error":2.801316242337054},"std_dev":{"confidence_interval":{"confidence_level":0.95,"lower_bound":26.098615429617933,"upper_bound":50.48745362279145},"point_estimate":38.524726335254684,"standard_error":6.337171980118636}}