{"mean":{"confidence_interval":{"confidence_level":0.95,"lower_bound":387.9660165427977,"upper_bound":390.2359449387263},"point_estimate":388.79868614266195,"standard_error":0.6471972795873352},"median":{"confidence_interval":{"confidence_level":0.95,"lower_bound":387.6364551558898,"upper_bound":387.92246370811245},"point_estimate":387.7810886427598,"standard_error":0.06772964925599005},"median_abs_dev":{"confidence_interval":{"confidence_level":0.95,"lower_bound":0.5097224966954271,"upper_bound":0.8994352618614961},"point_estimate":0.6778961447657204,"standard_error":0.09910013928569318},"slope":{"confidence_interval":{"confidence_level":0.95,"lower_bound":387.51906684825354,"upper_bound":387.90496010463363},"point_estimate":387.6920757917256,"standard_error":0.09885070525311822},"std_dev":{"confidence_interval":{"confidence_level":0.95,"lower_bound":0.9575754569849939,"upper_bound":11.001509320593184},"point_estimate":6.502477774073441,"standard_error":3.44137590075408}}