{"mean":{"confidence_interval":{"confidence_level":0.95,"lower_bound":1325.8848765355372,"upper_bound":1332.9303567602203},"point_estimate":1330.3374631150998,"standard_error":2.0331663640349826},"median":{"confidence_interval":{"confidence_level":0.95,"lower_bound":1330.948113207547,"upper_bound":1332.2407547169812},"point_estimate":1331.3880124783454,"standard_error":0.30151297209639505},"median_abs_dev":{"confidence_interval":{"confidence_level":0.95,"lower_bound":1.8264480035944397,"upper_bound":3.1275420192770245},"point_estimate":2.530662878844255,"standard_error":0.3550075523304409},"slope":{"confidence_interval":{"confidence_level":0.95,"lower_bound":1330.8254714760224,"upper_bound":1332.6745650905425},"point_estimate":1331.7320638288634,"standard_error":0.4733810541443522},"std_dev":{"confidence_interval":{"confidence_level":0.95,"lower_bound":3.112916500836793,"upper_bound":34.8045655427518},"point_estimate":20.471003516223266,"standard_error":11.055587152019074}}