{"mean":{"confidence_interval":{"confidence_level":0.95,"lower_bound":1679.016840322978,"upper_bound":1681.0190672236579},"point_estimate":1679.963384014006,"standard_error":0.5104692247908058},"median":{"confidence_interval":{"confidence_level":0.95,"lower_bound":1677.4285395763657,"upper_bound":1680.7950760630006},"point_estimate":1679.1497089762927,"standard_error":0.9090203842083487},"median_abs_dev":{"confidence_interval":{"confidence_level":0.95,"lower_bound":3.3363918519946982,"upper_bound":5.095619907587378},"point_estimate":4.239076903503389,"standard_error":0.42085295925367644},"slope":{"confidence_interval":{"confidence_level":0.95,"lower_bound":1677.3890819067703,"upper_bound":1679.2459325891036},"point_estimate":1678.2447472108863,"standard_error":0.4755000365341377},"std_dev":{"confidence_interval":{"confidence_level":0.95,"lower_bound":3.694529804276678,"upper_bound":6.41394325500325},"point_estimate":5.105251892312836,"standard_error":0.6963548831899699}}