{"mean":{"confidence_interval":{"confidence_level":0.95,"lower_bound":2034.6077995711205,"upper_bound":2069.849807648363},"point_estimate":2050.5639098168813,"standard_error":9.02596556914382},"median":{"confidence_interval":{"confidence_level":0.95,"lower_bound":2022.3045654785742,"upper_bound":2041.113457643425},"point_estimate":2030.3311619547853,"standard_error":3.8415069910993718},"median_abs_dev":{"confidence_interval":{"confidence_level":0.95,"lower_bound":26.16420209894232,"upper_bound":54.10972045238719},"point_estimate":34.90135672390622,"standard_error":7.529745706586029},"slope":{"confidence_interval":{"confidence_level":0.95,"lower_bound":2036.5089086116045,"upper_bound":2068.1003229651483},"point_estimate":2050.8556957221135,"standard_error":8.102945035637177},"std_dev":{"confidence_interval":{"confidence_level":0.95,"lower_bound":48.47851027881482,"upper_bound":124.97295636650338},"point_estimate":90.43209767013089,"standard_error":19.31021283430381}}