{"mean":{"confidence_interval":{"confidence_level":0.95,"lower_bound":5554.1195489553265,"upper_bound":5682.279243577016},"point_estimate":5617.43853940537,"standard_error":32.68069897535927},"median":{"confidence_interval":{"confidence_level":0.95,"lower_bound":5524.8399309083525,"upper_bound":5694.891047619048},"point_estimate":5615.68675907806,"standard_error":40.02938542229008},"median_abs_dev":{"confidence_interval":{"confidence_level":0.95,"lower_bound":250.36562526176087,"upper_bound":384.85404072840834},"point_estimate":311.17005943220926,"standard_error":33.87319844885327},"slope":{"confidence_interval":{"confidence_level":0.95,"lower_bound":5644.541728858931,"upper_bound":5773.730252059111},"point_estimate":5709.90181278051,"standard_error":32.956316051719845},"std_dev":{"confidence_interval":{"confidence_level":0.95,"lower_bound":273.29526151811,"upper_bound":381.629421215263},"point_estimate":328.0167729800503,"standard_error":27.780925118338086}}