{"mean":{"confidence_interval":{"confidence_level":0.95,"lower_bound":183.73378675733957,"upper_bound":184.165785575308},"point_estimate":183.91862622149313,"standard_error":0.1122668540407618},"median":{"confidence_interval":{"confidence_level":0.95,"lower_bound":183.54894781676396,"upper_bound":183.67551417680752},"point_estimate":183.60119651847776,"standard_error":0.04074473696615443},"median_abs_dev":{"confidence_interval":{"confidence_level":0.95,"lower_bound":0.14288670309787635,"upper_bound":0.28822697314695067},"point_estimate":0.2149265309960269,"standard_error":0.04128862178288972},"slope":{"confidence_interval":{"confidence_level":0.95,"lower_bound":183.49736479382892,"upper_bound":183.53996577496508},"point_estimate":183.51618064475272,"standard_error":0.010879534155889986},"std_dev":{"confidence_interval":{"confidence_level":0.95,"lower_bound":0.43340343579750873,"upper_bound":1.7519265891425355},"point_estimate":1.1296169858044727,"standard_error":0.36862212163683805}}