{"mean":{"confidence_interval":{"confidence_level":0.95,"lower_bound":154.92697032255387,"upper_bound":155.48128211411466},"point_estimate":155.1862386876944,"standard_error":0.14165534164390392},"median":{"confidence_interval":{"confidence_level":0.95,"lower_bound":155.0070089483203,"upper_bound":155.1363919027636},"point_estimate":155.03480289621882,"standard_error":0.03798826302563946},"median_abs_dev":{"confidence_interval":{"confidence_level":0.95,"lower_bound":0.2212764327241291,"upper_bound":0.5127687513002578},"point_estimate":0.3597233918234711,"standard_error":0.07365561260398196},"slope":{"confidence_interval":{"confidence_level":0.95,"lower_bound":154.2453519662458,"upper_bound":154.89335332966687},"point_estimate":154.58986564893445,"standard_error":0.1667401282138951},"std_dev":{"confidence_interval":{"confidence_level":0.95,"lower_bound":0.8308109103888573,"upper_bound":2.0096803391199343},"point_estimate":1.4242638369163254,"standard_error":0.31323966263130987}}