{"mean":{"confidence_interval":{"confidence_level":0.95,"lower_bound":1285.9918233360656,"upper_bound":1289.9810175986154},"point_estimate":1287.8791622215501,"standard_error":1.0189353352722577},"median":{"confidence_interval":{"confidence_level":0.95,"lower_bound":1285.0208327827213,"upper_bound":1288.1573062668024},"point_estimate":1287.033045733735,"standard_error":0.8843958226090454},"median_abs_dev":{"confidence_interval":{"confidence_level":0.95,"lower_bound":5.593219703084651,"upper_bound":9.2161309932084},"point_estimate":7.603816703752874,"standard_error":0.9378032037467856},"slope":{"confidence_interval":{"confidence_level":0.95,"lower_bound":1285.8685190277504,"upper_bound":1289.4522489942685},"point_estimate":1287.678449505485,"standard_error":0.9133183857740389},"std_dev":{"confidence_interval":{"confidence_level":0.95,"lower_bound":7.114214566836481,"upper_bound":13.572963744132304},"point_estimate":10.21814547038017,"standard_error":1.715847147788877}}