{"mean":{"confidence_interval":{"confidence_level":0.95,"lower_bound":106.71716490098422,"upper_bound":106.96012336005728},"point_estimate":106.82025610333407,"standard_error":0.06259586899387405},"median":{"confidence_interval":{"confidence_level":0.95,"lower_bound":106.61812186259823,"upper_bound":106.67839807671825},"point_estimate":106.63427736022435,"standard_error":0.017670805339466123},"median_abs_dev":{"confidence_interval":{"confidence_level":0.95,"lower_bound":0.0653601986659873,"upper_bound":0.1381934979337491},"point_estimate":0.09008114823817609,"standard_error":0.02058773777347858},"slope":{"confidence_interval":{"confidence_level":0.95,"lower_bound":106.6025560705957,"upper_bound":106.63295627312168},"point_estimate":106.61623686117171,"standard_error":0.007792960790159373},"std_dev":{"confidence_interval":{"confidence_level":0.95,"lower_bound":0.2554261100529314,"upper_bound":0.9669066087003576},"point_estimate":0.6258589089166317,"standard_error":0.20132233670029306}}