{"mean":{"confidence_interval":{"confidence_level":0.95,"lower_bound":86.55051754457524,"upper_bound":86.92254289481079},"point_estimate":86.71133900262224,"standard_error":0.09595630647143366},"median":{"confidence_interval":{"confidence_level":0.95,"lower_bound":86.3876280171982,"upper_bound":86.53877461830575},"point_estimate":86.47377090626969,"standard_error":0.04553917291570927},"median_abs_dev":{"confidence_interval":{"confidence_level":0.95,"lower_bound":0.15411639590419882,"upper_bound":0.30109289666083905},"point_estimate":0.2468024674730697,"standard_error":0.04156317535261897},"slope":{"confidence_interval":{"confidence_level":0.95,"lower_bound":86.3896614828577,"upper_bound":86.490191897264},"point_estimate":86.43445530618804,"standard_error":0.025645245859524626},"std_dev":{"confidence_interval":{"confidence_level":0.95,"lower_bound":0.3682171384048623,"upper_bound":1.439408499637323},"point_estimate":0.9575488105899173,"standard_error":0.28453694882873953}}