{"mean":{"confidence_interval":{"confidence_level":0.95,"lower_bound":16.93716259334414,"upper_bound":16.969378103208864},"point_estimate":16.951160176809104,"standard_error":0.008340744480361689},"median":{"confidence_interval":{"confidence_level":0.95,"lower_bound":16.920063038964308,"upper_bound":16.924353076358585},"point_estimate":16.921808153450648,"standard_error":0.0009634789797304399},"median_abs_dev":{"confidence_interval":{"confidence_level":0.95,"lower_bound":0.004533006027380337,"upper_bound":0.011141931368906267},"point_estimate":0.006940033624567954,"standard_error":0.0015285781539957882},"slope":{"confidence_interval":{"confidence_level":0.95,"lower_bound":16.92210159218808,"upper_bound":16.930762796805304},"point_estimate":16.925765681516186,"standard_error":0.0022392008778563564},"std_dev":{"confidence_interval":{"confidence_level":0.95,"lower_bound":0.033329402056230764,"upper_bound":0.12771268131792984},"point_estimate":0.08415973818708536,"standard_error":0.02477884800233965}}