{"mean":{"confidence_interval":{"confidence_level":0.95,"lower_bound":4.367203726018688,"upper_bound":4.4141840353824975},"point_estimate":4.389615021232178,"standard_error":0.012029013443647905},"median":{"confidence_interval":{"confidence_level":0.95,"lower_bound":4.340133454976742,"upper_bound":4.392697590503863},"point_estimate":4.364260221570888,"standard_error":0.014703664390315717},"median_abs_dev":{"confidence_interval":{"confidence_level":0.95,"lower_bound":0.07112655410925411,"upper_bound":0.12117431549961509},"point_estimate":0.09491656641467595,"standard_error":0.013062352657520232},"slope":{"confidence_interval":{"confidence_level":0.95,"lower_bound":4.363985243271757,"upper_bound":4.400661414004117},"point_estimate":4.382094303521361,"standard_error":0.00935976822445166},"std_dev":{"confidence_interval":{"confidence_level":0.95,"lower_bound":0.08930149677967701,"upper_bound":0.1527426592389353},"point_estimate":0.12113328065246409,"standard_error":0.016457510197774902}}