{"mean":{"confidence_interval":{"confidence_level":0.95,"lower_bound":26013.703306296928,"upper_bound":26054.732772730942},"point_estimate":26034.759670075906,"standard_error":10.446557207604654},"median":{"confidence_interval":{"confidence_level":0.95,"lower_bound":26030.918389853872,"upper_bound":26045.1086147373},"point_estimate":26038.402218716245,"standard_error":3.968125486500182},"median_abs_dev":{"confidence_interval":{"confidence_level":0.95,"lower_bound":31.89185690522187,"upper_bound":76.96658887203427},"point_estimate":47.4797822582482,"standard_error":11.765783476189187},"slope":{"confidence_interval":{"confidence_level":0.95,"lower_bound":25969.388940489334,"upper_bound":26019.34034649185},"point_estimate":25996.6698540807,"standard_error":12.81348631324361},"std_dev":{"confidence_interval":{"confidence_level":0.95,"lower_bound":80.56593047082389,"upper_bound":128.09964150499172},"point_estimate":104.99418162498145,"standard_error":12.205349214200547}}