{"mean":{"confidence_interval":{"confidence_level":0.95,"lower_bound":40.32519254277732,"upper_bound":40.488328189227225},"point_estimate":40.405736797335486,"standard_error":0.041420145101752404},"median":{"confidence_interval":{"confidence_level":0.95,"lower_bound":40.399660311135676,"upper_bound":40.54288995625523},"point_estimate":40.48833027945119,"standard_error":0.03909776392092916},"median_abs_dev":{"confidence_interval":{"confidence_level":0.95,"lower_bound":0.19913938697779363,"upper_bound":0.38487576053426786},"point_estimate":0.27220485690388985,"standard_error":0.04656818161823317},"slope":{"confidence_interval":{"confidence_level":0.95,"lower_bound":40.12741626447099,"upper_bound":40.32971470358184},"point_estimate":40.23064591696842,"standard_error":0.051784855802235644},"std_dev":{"confidence_interval":{"confidence_level":0.95,"lower_bound":0.3111526370841948,"upper_bound":0.5308634491752945},"point_estimate":0.4160204586664535,"standard_error":0.05751668346154139}}