{"mean":{"confidence_interval":{"confidence_level":0.95,"lower_bound":11854.569457877971,"upper_bound":11970.409364649073},"point_estimate":11910.869112537672,"standard_error":29.838079458229203},"median":{"confidence_interval":{"confidence_level":0.95,"lower_bound":11801.32850241546,"upper_bound":11807.663324979114},"point_estimate":11803.310958994709,"standard_error":1.5510296258746354},"median_abs_dev":{"confidence_interval":{"confidence_level":0.95,"lower_bound":9.570195002510024,"upper_bound":18.230262956646147},"point_estimate":13.094443778955089,"standard_error":2.220513492782279},"slope":{"confidence_interval":{"confidence_level":0.95,"lower_bound":11798.132937139078,"upper_bound":11802.508219718611},"point_estimate":11800.065819664056,"standard_error":1.11375875422666},"std_dev":{"confidence_interval":{"confidence_level":0.95,"lower_bound":209.4407754153357,"upper_bound":360.9598548200065},"point_estimate":299.5218113121918,"standard_error":38.264223861708956}}