{"mean":{"confidence_interval":{"confidence_level":0.95,"lower_bound":14300.055797299434,"upper_bound":14509.914042448685},"point_estimate":14397.105165592462,"standard_error":53.52367713057283},"median":{"confidence_interval":{"confidence_level":0.95,"lower_bound":14260.36698063841,"upper_bound":14378.785759040458},"point_estimate":14322.792821428571,"standard_error":31.608778890450672},"median_abs_dev":{"confidence_interval":{"confidence_level":0.95,"lower_bound":267.6432817600096,"upper_bound":444.8843855274363},"point_estimate":368.7352534823637,"standard_error":44.784285433848666},"slope":{"confidence_interval":{"confidence_level":0.95,"lower_bound":14387.119565229994,"upper_bound":14575.748610568806},"point_estimate":14474.837589900568,"standard_error":48.106772687941195},"std_dev":{"confidence_interval":{"confidence_level":0.95,"lower_bound":344.08153377583807,"upper_bound":751.0196513813261},"point_estimate":537.0294585150251,"standard_error":115.3657569140615}}