{"mean":{"confidence_interval":{"confidence_level":0.95,"lower_bound":53.483102561910165,"upper_bound":54.8861392296467},"point_estimate":54.0800276975863,"standard_error":0.3618618526303386},"median":{"confidence_interval":{"confidence_level":0.95,"lower_bound":52.779954805996475,"upper_bound":53.895538188518145},"point_estimate":53.490783381815135,"standard_error":0.30919318298264775},"median_abs_dev":{"confidence_interval":{"confidence_level":0.95,"lower_bound":1.360596748942406,"upper_bound":2.1543557608805264},"point_estimate":1.8058917345635928,"standard_error":0.20382136843268248},"slope":{"confidence_interval":{"confidence_level":0.95,"lower_bound":52.91430131139818,"upper_bound":53.66407162271536},"point_estimate":53.256615092982884,"standard_error":0.19158231445721755},"std_dev":{"confidence_interval":{"confidence_level":0.95,"lower_bound":1.7494322011352454,"upper_bound":5.644630412687652},"point_estimate":3.650157559798662,"standard_error":1.2422991146668916}}