{"mean":{"confidence_interval":{"confidence_level":0.95,"lower_bound":20.610529715483757,"upper_bound":20.882755838113567},"point_estimate":20.74400118414244,"standard_error":0.06970079626421487},"median":{"confidence_interval":{"confidence_level":0.95,"lower_bound":20.46250157162985,"upper_bound":20.915800673941956},"point_estimate":20.709248651960387,"standard_error":0.1279767159366706},"median_abs_dev":{"confidence_interval":{"confidence_level":0.95,"lower_bound":0.6251567284101195,"upper_bound":0.9150871901782969},"point_estimate":0.8249395845387485,"standard_error":0.07544145252423777},"slope":{"confidence_interval":{"confidence_level":0.95,"lower_bound":20.693242307763086,"upper_bound":20.97430008988757},"point_estimate":20.834825305936736,"standard_error":0.07190834203977448},"std_dev":{"confidence_interval":{"confidence_level":0.95,"lower_bound":0.572940531510002,"upper_bound":0.8363407992311253},"point_estimate":0.6984078376353369,"standard_error":0.0687224238148804}}