{"mean":{"confidence_interval":{"confidence_level":0.95,"lower_bound":14.827987080154616,"upper_bound":14.831211886232367},"point_estimate":14.82942498181004,"standard_error":0.0008265935247328607},"median":{"confidence_interval":{"confidence_level":0.95,"lower_bound":14.827303397571024,"upper_bound":14.82898186012373},"point_estimate":14.828202805186246,"standard_error":0.0005713355612526654},"median_abs_dev":{"confidence_interval":{"confidence_level":0.95,"lower_bound":0.0024430914748201815,"upper_bound":0.004218326130562532},"point_estimate":0.0035064320145597994,"standard_error":0.0004697058557379468},"slope":{"confidence_interval":{"confidence_level":0.95,"lower_bound":14.828088299867577,"upper_bound":14.829826958052832},"point_estimate":14.828914319604992,"standard_error":0.0004444570697410793},"std_dev":{"confidence_interval":{"confidence_level":0.95,"lower_bound":0.003986826137494137,"upper_bound":0.012601923143220208},"point_estimate":0.008288028111835707,"standard_error":0.002468623527973309}}