{"mean":{"confidence_interval":{"confidence_level":0.95,"lower_bound":18.082677118459202,"upper_bound":18.268024790059584},"point_estimate":18.173959552816264,"standard_error":0.04726771401650995},"median":{"confidence_interval":{"confidence_level":0.95,"lower_bound":18.080064656283177,"upper_bound":18.298881593188543},"point_estimate":18.196347775560493,"standard_error":0.04925165592285453},"median_abs_dev":{"confidence_interval":{"confidence_level":0.95,"lower_bound":0.2843133100846034,"upper_bound":0.4537816127337825},"point_estimate":0.3708185623929648,"standard_error":0.04280532461556119},"slope":{"confidence_interval":{"confidence_level":0.95,"lower_bound":18.14134828567556,"upper_bound":18.367419822221986},"point_estimate":18.243584707486907,"standard_error":0.057961765325777584},"std_dev":{"confidence_interval":{"confidence_level":0.95,"lower_bound":0.35913438210196696,"upper_bound":0.5875735771813402},"point_estimate":0.47556906787431596,"standard_error":0.058671576872473506}}