{"mean":{"confidence_interval":{"confidence_level":0.95,"lower_bound":622.4697342080207,"upper_bound":629.8548261693323},"point_estimate":626.0406634121242,"standard_error":1.883707262167338},"median":{"confidence_interval":{"confidence_level":0.95,"lower_bound":619.500121157098,"upper_bound":626.3699848103918},"point_estimate":623.1129252435576,"standard_error":1.8747698926921745},"median_abs_dev":{"confidence_interval":{"confidence_level":0.95,"lower_bound":12.499001552842875,"upper_bound":19.70247939511243},"point_estimate":15.662899543581027,"standard_error":1.7996570160823078},"slope":{"confidence_interval":{"confidence_level":0.95,"lower_bound":623.5476819003111,"upper_bound":633.0408203915372},"point_estimate":628.0527590832762,"standard_error":2.4276330223059177},"std_dev":{"confidence_interval":{"confidence_level":0.95,"lower_bound":14.853983337245197,"upper_bound":22.580478634871223},"point_estimate":18.85377005307017,"standard_error":1.9797006286256307}}