{"mean":{"confidence_interval":{"confidence_level":0.95,"lower_bound":75.41835436914893,"upper_bound":77.73004112971864},"point_estimate":76.50346615945092,"standard_error":0.5917915981943301},"median":{"confidence_interval":{"confidence_level":0.95,"lower_bound":73.6579474330294,"upper_bound":74.29050751879699},"point_estimate":73.87213633300891,"standard_error":0.16112987502833112},"median_abs_dev":{"confidence_interval":{"confidence_level":0.95,"lower_bound":0.4797516212746142,"upper_bound":1.46219752968748},"point_estimate":0.7820587397117824,"standard_error":0.25360516147717344},"slope":{"confidence_interval":{"confidence_level":0.95,"lower_bound":73.61983764838067,"upper_bound":73.96363868924277},"point_estimate":73.77924224259482,"standard_error":0.08743073443758077},"std_dev":{"confidence_interval":{"confidence_level":0.95,"lower_bound":4.25411225351847,"upper_bound":7.31635220648086},"point_estimate":5.950649082919937,"standard_error":0.7839338550731676}}