{"mean":{"confidence_interval":{"confidence_level":0.95,"lower_bound":63.84445442141325,"upper_bound":65.68840084187464},"point_estimate":64.69137208463533,"standard_error":0.47306965642796645},"median":{"confidence_interval":{"confidence_level":0.95,"lower_bound":63.03438381595471,"upper_bound":63.2757347057038},"point_estimate":63.16092530847396,"standard_error":0.06753829116992449},"median_abs_dev":{"confidence_interval":{"confidence_level":0.95,"lower_bound":0.38125987648229576,"upper_bound":0.7320552052785505},"point_estimate":0.5298895624203359,"standard_error":0.08864839037456385},"slope":{"confidence_interval":{"confidence_level":0.95,"lower_bound":62.92367568112016,"upper_bound":63.07132887845726},"point_estimate":62.996753255717024,"standard_error":0.03771485266758438},"std_dev":{"confidence_interval":{"confidence_level":0.95,"lower_bound":2.934723884902519,"upper_bound":6.131363950993792},"point_estimate":4.7386652149586626,"standard_error":0.8155842845645668}}