{"mean":{"confidence_interval":{"confidence_level":0.95,"lower_bound":1403.4313678890596,"upper_bound":1407.5093958266127},"point_estimate":1405.3130252824806,"standard_error":1.0452941771912911},"median":{"confidence_interval":{"confidence_level":0.95,"lower_bound":1401.0937317786647,"upper_bound":1402.246887839578},"point_estimate":1401.710491356972,"standard_error":0.297776386702347},"median_abs_dev":{"confidence_interval":{"confidence_level":0.95,"lower_bound":1.408410566629134,"upper_bound":2.7588681852712735},"point_estimate":2.1000444789047727,"standard_error":0.3577476922273872},"slope":{"confidence_interval":{"confidence_level":0.95,"lower_bound":1401.2719703489631,"upper_bound":1402.1400548669121},"point_estimate":1401.6993620913572,"standard_error":0.22125635528889293},"std_dev":{"confidence_interval":{"confidence_level":0.95,"lower_bound":6.4590056981124695,"upper_bound":14.00808520958982},"point_estimate":10.523125708839249,"standard_error":1.9362013011995236}}