{"mean":{"confidence_interval":{"confidence_level":0.95,"lower_bound":39.363691264365954,"upper_bound":39.53478029130262},"point_estimate":39.4358967652653,"standard_error":0.044211990406874735},"median":{"confidence_interval":{"confidence_level":0.95,"lower_bound":39.31047509665078,"upper_bound":39.339634643469665},"point_estimate":39.320308639148266,"standard_error":0.007997736804620079},"median_abs_dev":{"confidence_interval":{"confidence_level":0.95,"lower_bound":0.04453739426752872,"upper_bound":0.08016820392630873},"point_estimate":0.05837125965891698,"standard_error":0.009367442884269507},"slope":{"confidence_interval":{"confidence_level":0.95,"lower_bound":39.30429870466002,"upper_bound":39.40227205921085},"point_estimate":39.34436188772258,"standard_error":0.025576942381621337},"std_dev":{"confidence_interval":{"confidence_level":0.95,"lower_bound":0.14632520148360248,"upper_bound":0.695764145645416},"point_estimate":0.4438919036797112,"standard_error":0.15084829183074083}}