{"mean":{"confidence_interval":{"confidence_level":0.95,"lower_bound":41.53442820155465,"upper_bound":41.663814754631716},"point_estimate":41.59152921173767,"standard_error":0.03325543208827094},"median":{"confidence_interval":{"confidence_level":0.95,"lower_bound":41.4730940141441,"upper_bound":41.516452310940906},"point_estimate":41.49068854997519,"standard_error":0.009845884341807533},"median_abs_dev":{"confidence_interval":{"confidence_level":0.95,"lower_bound":0.04115012369034451,"upper_bound":0.08621397872200501},"point_estimate":0.05581617276879988,"standard_error":0.010970868003288798},"slope":{"confidence_interval":{"confidence_level":0.95,"lower_bound":41.47902490943877,"upper_bound":41.60338090515178},"point_estimate":41.52835273884074,"standard_error":0.03280507470434889},"std_dev":{"confidence_interval":{"confidence_level":0.95,"lower_bound":0.1495004150365581,"upper_bound":0.4990316680694058},"point_estimate":0.33447405347067405,"standard_error":0.09265531054399866}}