{"mean":{"confidence_interval":{"confidence_level":0.95,"lower_bound":9.813404169291355,"upper_bound":9.815499129760612},"point_estimate":9.814360401596534,"standard_error":0.0005360067960025212},"median":{"confidence_interval":{"confidence_level":0.95,"lower_bound":9.813066944847606,"upper_bound":9.81403243329922},"point_estimate":9.813635894698788,"standard_error":0.00027902452896736546},"median_abs_dev":{"confidence_interval":{"confidence_level":0.95,"lower_bound":0.0015225150446072553,"upper_bound":0.002584675307006446},"point_estimate":0.001999554944671218,"standard_error":0.00027602900576446823},"slope":{"confidence_interval":{"confidence_level":0.95,"lower_bound":9.813797775073589,"upper_bound":9.814958484159805},"point_estimate":9.814349293567828,"standard_error":0.0002963238515716943},"std_dev":{"confidence_interval":{"confidence_level":0.95,"lower_bound":0.0027487117904801384,"upper_bound":0.0074902087694207215},"point_estimate":0.005362781176198519,"standard_error":0.001214020352416501}}