{"mean":{"confidence_interval":{"confidence_level":0.95,"lower_bound":100264.08446682378,"upper_bound":103128.59353196723},"point_estimate":101688.6723741354,"standard_error":730.498949610155},"median":{"confidence_interval":{"confidence_level":0.95,"lower_bound":99160.7498366013,"upper_bound":103868.09096283783},"point_estimate":102158.67556547618,"standard_error":1044.6696999786454},"median_abs_dev":{"confidence_interval":{"confidence_level":0.95,"lower_bound":5843.81354481954,"upper_bound":9167.174176522534},"point_estimate":7108.968957106484,"standard_error":829.3055184599715},"slope":{"confidence_interval":{"confidence_level":0.95,"lower_bound":102257.89923925954,"upper_bound":105355.51781742217},"point_estimate":103855.30683848086,"standard_error":786.4563423364464},"std_dev":{"confidence_interval":{"confidence_level":0.95,"lower_bound":6311.63354179111,"upper_bound":8276.409092752145},"point_estimate":7333.994812004528,"standard_error":502.43364435474456}}