{"mean":{"confidence_interval":{"confidence_level":0.95,"lower_bound":10.798683564063039,"upper_bound":10.813756492578097},"point_estimate":10.805972697533246,"standard_error":0.003834462110894771},"median":{"confidence_interval":{"confidence_level":0.95,"lower_bound":10.7924940818116,"upper_bound":10.809699444076305},"point_estimate":10.801841983200656,"standard_error":0.0059720974841276095},"median_abs_dev":{"confidence_interval":{"confidence_level":0.95,"lower_bound":0.024604188889975842,"upper_bound":0.03979700796618568},"point_estimate":0.032523210263638316,"standard_error":0.0038795388100772497},"slope":{"confidence_interval":{"confidence_level":0.95,"lower_bound":10.797299721381478,"upper_bound":10.807377927878466},"point_estimate":10.802367852567613,"standard_error":0.002566181095009571},"std_dev":{"confidence_interval":{"confidence_level":0.95,"lower_bound":0.029562444094015768,"upper_bound":0.047725581766414685},"point_estimate":0.03848702304865343,"standard_error":0.004715380001640469}}