{"mean":{"confidence_interval":{"confidence_level":0.95,"lower_bound":13.010680414991263,"upper_bound":13.054132254204973},"point_estimate":13.033062432800877,"standard_error":0.011084717653495932},"median":{"confidence_interval":{"confidence_level":0.95,"lower_bound":13.058263875480591,"upper_bound":13.104307429798341},"point_estimate":13.090895265409033,"standard_error":0.010619232786952404},"median_abs_dev":{"confidence_interval":{"confidence_level":0.95,"lower_bound":0.02269375299840222,"upper_bound":0.0843526193888745},"point_estimate":0.04474061725091393,"standard_error":0.01585351262007031},"slope":{"confidence_interval":{"confidence_level":0.95,"lower_bound":13.024648473850352,"upper_bound":13.069561593507835},"point_estimate":13.04919009035946,"standard_error":0.011453011021471525},"std_dev":{"confidence_interval":{"confidence_level":0.95,"lower_bound":0.09319564918286431,"upper_bound":0.12737494352026588},"point_estimate":0.11196988938233711,"standard_error":0.008741109886341997}}