{"mean":{"confidence_interval":{"confidence_level":0.95,"lower_bound":9.0510026410271,"upper_bound":9.173704557445753},"point_estimate":9.110739408564394,"standard_error":0.031321185988687154},"median":{"confidence_interval":{"confidence_level":0.95,"lower_bound":9.017860414765059,"upper_bound":9.168750926184655},"point_estimate":9.106200744796489,"standard_error":0.038597217000872486},"median_abs_dev":{"confidence_interval":{"confidence_level":0.95,"lower_bound":0.19022307143108544,"upper_bound":0.29444170126863606},"point_estimate":0.24167911260494634,"standard_error":0.026894791973345086},"slope":{"confidence_interval":{"confidence_level":0.95,"lower_bound":9.033949379689838,"upper_bound":9.139344440810357},"point_estimate":9.08724329986072,"standard_error":0.026775100352618222},"std_dev":{"confidence_interval":{"confidence_level":0.95,"lower_bound":0.24274569535639673,"upper_bound":0.3853780990998606},"point_estimate":0.31581045570444993,"standard_error":0.03666902795185479}}