{"mean":{"confidence_interval":{"confidence_level":0.95,"lower_bound":72708.41958003883,"upper_bound":73417.95103489948},"point_estimate":73061.11000623682,"standard_error":180.89405951581634},"median":{"confidence_interval":{"confidence_level":0.95,"lower_bound":73858.43167701863,"upper_bound":73954.86023976025},"point_estimate":73910.26909838562,"standard_error":25.618252527521637},"median_abs_dev":{"confidence_interval":{"confidence_level":0.95,"lower_bound":144.32082109370816,"upper_bound":359.20775076565565},"point_estimate":205.75309110083987,"standard_error":59.14538595561783},"slope":{"confidence_interval":{"confidence_level":0.95,"lower_bound":71372.13681860808,"upper_bound":72156.79858510461},"point_estimate":71722.78575882962,"standard_error":200.32960542019026},"std_dev":{"confidence_interval":{"confidence_level":0.95,"lower_bound":1494.8159266634223,"upper_bound":2214.466204064915},"point_estimate":1820.2440070548469,"standard_error":189.42744608482215}}