{"mean":{"confidence_interval":{"confidence_level":0.95,"lower_bound":203.15739591516774,"upper_bound":205.92272558494813},"point_estimate":204.28716463978907,"standard_error":0.7292340096432431},"median":{"confidence_interval":{"confidence_level":0.95,"lower_bound":202.82379962970583,"upper_bound":203.0592808820852},"point_estimate":202.854977256623,"standard_error":0.06197106815299923},"median_abs_dev":{"confidence_interval":{"confidence_level":0.95,"lower_bound":0.3197781688423072,"upper_bound":0.6280942836645318},"point_estimate":0.42753938090996063,"standard_error":0.08470746136840841},"slope":{"confidence_interval":{"confidence_level":0.95,"lower_bound":202.8266855939482,"upper_bound":206.06741529892355},"point_estimate":204.06385275761485,"standard_error":0.8696236417496916},"std_dev":{"confidence_interval":{"confidence_level":0.95,"lower_bound":1.0380331563408483,"upper_bound":11.793501502621838},"point_estimate":7.339328656425524,"standard_error":2.917113157127481}}