{"mean":{"confidence_interval":{"confidence_level":0.95,"lower_bound":290.6671893844088,"upper_bound":291.2381148037396},"point_estimate":290.9163416166123,"standard_error":0.1469594761161514},"median":{"confidence_interval":{"confidence_level":0.95,"lower_bound":290.4036465892598,"upper_bound":290.6487116878682},"point_estimate":290.51354204883614,"standard_error":0.06392587567059477},"median_abs_dev":{"confidence_interval":{"confidence_level":0.95,"lower_bound":0.28649176725284775,"upper_bound":0.5373053762613558},"point_estimate":0.41800441919914855,"standard_error":0.06237049430295352},"slope":{"confidence_interval":{"confidence_level":0.95,"lower_bound":290.3016940180858,"upper_bound":290.3970225801396},"point_estimate":290.34433556169773,"standard_error":0.02434871686700208},"std_dev":{"confidence_interval":{"confidence_level":0.95,"lower_bound":0.6379135559220777,"upper_bound":2.2279064761323673},"point_estimate":1.4766882364907454,"standard_error":0.42937873377498625}}