{"mean":{"confidence_interval":{"confidence_level":0.95,"lower_bound":92.6760459277972,"upper_bound":98.93423924859819},"point_estimate":95.6306333755358,"standard_error":1.5976556448139265},"median":{"confidence_interval":{"confidence_level":0.95,"lower_bound":88.24888392857143,"upper_bound":91.90042857142858},"point_estimate":89.84511204481794,"standard_error":1.0338901891212273},"median_abs_dev":{"confidence_interval":{"confidence_level":0.95,"lower_bound":5.478019652535927,"upper_bound":10.522082563068269},"point_estimate":7.750331224829164,"standard_error":1.279640567025146},"slope":{"confidence_interval":{"confidence_level":0.95,"lower_bound":86.53841445042411,"upper_bound":88.82217967024279},"point_estimate":87.6086570330807,"standard_error":0.5827683828155816},"std_dev":{"confidence_interval":{"confidence_level":0.95,"lower_bound":11.502484799063426,"upper_bound":19.941518922373994},"point_estimate":16.06023809925705,"standard_error":2.164230085398257}}