{"mean":{"confidence_interval":{"confidence_level":0.95,"lower_bound":39.092738337698336,"upper_bound":40.423103192946414},"point_estimate":39.72975704884546,"standard_error":0.3396217103717256},"median":{"confidence_interval":{"confidence_level":0.95,"lower_bound":38.108358310809,"upper_bound":39.04713882205252},"point_estimate":38.52452366667934,"standard_error":0.23221295364574046},"median_abs_dev":{"confidence_interval":{"confidence_level":0.95,"lower_bound":1.0726469391520317,"upper_bound":2.191528136148648},"point_estimate":1.5997327806803592,"standard_error":0.28510202900170317},"slope":{"confidence_interval":{"confidence_level":0.95,"lower_bound":37.6735266308975,"upper_bound":38.141961508875035},"point_estimate":37.90446185857959,"standard_error":0.11925104437260876},"std_dev":{"confidence_interval":{"confidence_level":0.95,"lower_bound":2.583367251897752,"upper_bound":4.1222351317681944},"point_estimate":3.4047158467002916,"standard_error":0.39236722251973977}}