{"mean":{"confidence_interval":{"confidence_level":0.95,"lower_bound":131.7047491760866,"upper_bound":137.15015797549364},"point_estimate":134.24160467795747,"standard_error":1.3905077272432214},"median":{"confidence_interval":{"confidence_level":0.95,"lower_bound":128.79994137728886,"upper_bound":134.202897082658},"point_estimate":129.97283514702477,"standard_error":1.2927068241837096},"median_abs_dev":{"confidence_interval":{"confidence_level":0.95,"lower_bound":4.525383003933782,"upper_bound":9.597025290784789},"point_estimate":7.111593521136471,"standard_error":1.245277523448593},"slope":{"confidence_interval":{"confidence_level":0.95,"lower_bound":137.40793688081735,"upper_bound":145.43579595846603},"point_estimate":141.21483757935772,"standard_error":2.0569632286966737},"std_dev":{"confidence_interval":{"confidence_level":0.95,"lower_bound":8.61888463414284,"upper_bound":18.82148561841132},"point_estimate":13.983840819081742,"standard_error":2.6177180062550542}}