{"mean":{"confidence_interval":{"confidence_level":0.95,"lower_bound":141.11634797914834,"upper_bound":147.36534816798368},"point_estimate":144.09667309580826,"standard_error":1.596879568558248},"median":{"confidence_interval":{"confidence_level":0.95,"lower_bound":137.51662686351136,"upper_bound":142.44796425739582},"point_estimate":139.6088905775076,"standard_error":1.3187088718057325},"median_abs_dev":{"confidence_interval":{"confidence_level":0.95,"lower_bound":6.845249976456838,"upper_bound":12.308685991421362},"point_estimate":9.228987681897395,"standard_error":1.3756504385812114},"slope":{"confidence_interval":{"confidence_level":0.95,"lower_bound":141.4296787561932,"upper_bound":145.92164484873024},"point_estimate":143.67367221043656,"standard_error":1.1441128766981663},"std_dev":{"confidence_interval":{"confidence_level":0.95,"lower_bound":11.649827483607936,"upper_bound":19.986984117424566},"point_estimate":16.074823424015698,"standard_error":2.1357128177840297}}