{"mean":{"confidence_interval":{"confidence_level":0.95,"lower_bound":10573.000303262983,"upper_bound":10673.761084758387},"point_estimate":10616.81250608524,"standard_error":25.923681440622367},"median":{"confidence_interval":{"confidence_level":0.95,"lower_bound":10555.8241881299,"upper_bound":10561.460246360582},"point_estimate":10557.484182924822,"standard_error":1.5765161231316356},"median_abs_dev":{"confidence_interval":{"confidence_level":0.95,"lower_bound":13.1521382813877,"upper_bound":27.755132328477657},"point_estimate":20.959693593429193,"standard_error":3.908701957653015},"slope":{"confidence_interval":{"confidence_level":0.95,"lower_bound":10543.981969170585,"upper_bound":10548.258931565824},"point_estimate":10545.87883747473,"standard_error":1.0961284994866483},"std_dev":{"confidence_interval":{"confidence_level":0.95,"lower_bound":107.99599347443127,"upper_bound":384.58585327761415},"point_estimate":258.4714654850169,"standard_error":72.33322252915501}}