{"mean":{"confidence_interval":{"confidence_level":0.95,"lower_bound":37.91369090688431,"upper_bound":39.26522026142022},"point_estimate":38.58941282658073,"standard_error":0.3451082460494391},"median":{"confidence_interval":{"confidence_level":0.95,"lower_bound":35.4923287143196,"upper_bound":41.80212934976729},"point_estimate":40.17000468852492,"standard_error":2.7099098910529755},"median_abs_dev":{"confidence_interval":{"confidence_level":0.95,"lower_bound":0.5869175664192156,"upper_bound":5.058272477605002},"point_estimate":3.1430989894264454,"standard_error":1.2283878712431033},"slope":{"confidence_interval":{"confidence_level":0.95,"lower_bound":36.65654046136389,"upper_bound":38.27927520203164},"point_estimate":37.390107348078686,"standard_error":0.41339831753829576},"std_dev":{"confidence_interval":{"confidence_level":0.95,"lower_bound":3.355007491208678,"upper_bound":3.5253746851452505},"point_estimate":3.4687336082909317,"standard_error":0.04344645609527428}}