{"mean":{"confidence_interval":{"confidence_level":0.95,"lower_bound":259.82769620848444,"upper_bound":260.9377544325354},"point_estimate":260.3007060353694,"standard_error":0.2873039459152936},"median":{"confidence_interval":{"confidence_level":0.95,"lower_bound":259.43489062846993,"upper_bound":259.85038946802354},"point_estimate":259.60258035923584,"standard_error":0.10620942477123267},"median_abs_dev":{"confidence_interval":{"confidence_level":0.95,"lower_bound":0.4897500222914095,"upper_bound":0.8643264277523187},"point_estimate":0.6007922823224624,"standard_error":0.09452934197433051},"slope":{"confidence_interval":{"confidence_level":0.95,"lower_bound":259.46007814421745,"upper_bound":259.83826362204843},"point_estimate":259.63293063835476,"standard_error":0.09645520388270928},"std_dev":{"confidence_interval":{"confidence_level":0.95,"lower_bound":1.042453214712871,"upper_bound":4.480659177140881},"point_estimate":2.8806843097461003,"standard_error":0.9381780808600821}}