{"mean":{"confidence_interval":{"confidence_level":0.95,"lower_bound":222.693322955519,"upper_bound":223.54503011809456},"point_estimate":223.07247093552215,"standard_error":0.21751715589094556},"median":{"confidence_interval":{"confidence_level":0.95,"lower_bound":222.56434003463596,"upper_bound":223.08465609871686},"point_estimate":222.83195166026655,"standard_error":0.1235161651871158},"median_abs_dev":{"confidence_interval":{"confidence_level":0.95,"lower_bound":1.0307248203224002,"upper_bound":1.8790206416502846},"point_estimate":1.4388648462311981,"standard_error":0.2277483631873221},"slope":{"confidence_interval":{"confidence_level":0.95,"lower_bound":222.55160323363347,"upper_bound":223.14775427178802},"point_estimate":222.85048358393217,"standard_error":0.15222271139756371},"std_dev":{"confidence_interval":{"confidence_level":0.95,"lower_bound":1.263823484362613,"upper_bound":3.202005224969776},"point_estimate":2.1752930226925,"standard_error":0.5932440780714547}}