{"mean":{"confidence_interval":{"confidence_level":0.95,"lower_bound":144.14881758780723,"upper_bound":148.3726637302053},"point_estimate":146.34684329763977,"standard_error":1.083152313633133},"median":{"confidence_interval":{"confidence_level":0.95,"lower_bound":148.5344669365722,"upper_bound":149.7908900037161},"point_estimate":149.5073914181057,"standard_error":0.3216585395255684},"median_abs_dev":{"confidence_interval":{"confidence_level":0.95,"lower_bound":1.803389908776738,"upper_bound":3.6546675053313504},"point_estimate":2.4892310278509355,"standard_error":0.48523481977450067},"slope":{"confidence_interval":{"confidence_level":0.95,"lower_bound":145.24245831695302,"upper_bound":148.67991854055248},"point_estimate":147.17034873613653,"standard_error":0.8815201283997881},"std_dev":{"confidence_interval":{"confidence_level":0.95,"lower_bound":8.157045643655604,"upper_bound":13.179898851715121},"point_estimate":10.921005986680663,"standard_error":1.2840772920057273}}