{"mean":{"confidence_interval":{"confidence_level":0.95,"lower_bound":261.1939034716259,"upper_bound":283.65880092185967},"point_estimate":270.8392958012888,"standard_error":5.806676147874775},"median":{"confidence_interval":{"confidence_level":0.95,"lower_bound":258.3124405636725,"upper_bound":269.4587407063197},"point_estimate":264.1669049661615,"standard_error":2.7445012802835946},"median_abs_dev":{"confidence_interval":{"confidence_level":0.95,"lower_bound":15.901859763676438,"upper_bound":26.973798716634352},"point_estimate":20.16359227612112,"standard_error":2.832485739780205},"slope":{"confidence_interval":{"confidence_level":0.95,"lower_bound":276.2616519183933,"upper_bound":305.8654106556557},"point_estimate":289.4970548853143,"standard_error":7.6086142734477615},"std_dev":{"confidence_interval":{"confidence_level":0.95,"lower_bound":22.57765705152049,"upper_bound":91.03507069784337},"point_estimate":58.55419431443931,"standard_error":19.605101211115755}}