{"mean":{"confidence_interval":{"confidence_level":0.95,"lower_bound":86.73576143694007,"upper_bound":91.48070688937723},"point_estimate":89.02587896213838,"standard_error":1.2070419423543637},"median":{"confidence_interval":{"confidence_level":0.95,"lower_bound":82.29299010321077,"upper_bound":86.12965879265091},"point_estimate":83.48522074481257,"standard_error":0.9452462232934277},"median_abs_dev":{"confidence_interval":{"confidence_level":0.95,"lower_bound":3.5138563344932954,"upper_bound":8.735084851753577},"point_estimate":5.2418612787127055,"standard_error":1.3304051639982255},"slope":{"confidence_interval":{"confidence_level":0.95,"lower_bound":81.02486710564168,"upper_bound":81.91001521544707},"point_estimate":81.40370875799532,"standard_error":0.226095675179557},"std_dev":{"confidence_interval":{"confidence_level":0.95,"lower_bound":9.859027792350881,"upper_bound":13.918734305327225},"point_estimate":12.123954388937083,"standard_error":1.0350028795947859}}