{"mean":{"confidence_interval":{"confidence_level":0.95,"lower_bound":6.4454264202917235,"upper_bound":6.524966275747918},"point_estimate":6.483517454964471,"standard_error":0.020320491743796708},"median":{"confidence_interval":{"confidence_level":0.95,"lower_bound":6.402774884544096,"upper_bound":6.469434164363002},"point_estimate":6.435186320500698,"standard_error":0.01922891508649253},"median_abs_dev":{"confidence_interval":{"confidence_level":0.95,"lower_bound":0.10822144028918598,"upper_bound":0.17729405036575108},"point_estimate":0.14678577835531512,"standard_error":0.017392839213413096},"slope":{"confidence_interval":{"confidence_level":0.95,"lower_bound":6.464971972184966,"upper_bound":6.582794596575023},"point_estimate":6.521985756639262,"standard_error":0.030036389640195883},"std_dev":{"confidence_interval":{"confidence_level":0.95,"lower_bound":0.1574247447440283,"upper_bound":0.24351146139410135},"point_estimate":0.20332739312793752,"standard_error":0.02201043870373958}}