{"mean":{"confidence_interval":{"confidence_level":0.95,"lower_bound":574.1282827411376,"upper_bound":575.8201551420115},"point_estimate":574.8778652289834,"standard_error":0.4321042501048118},"median":{"confidence_interval":{"confidence_level":0.95,"lower_bound":573.8673027375202,"upper_bound":574.1747246376812},"point_estimate":573.9487975812801,"standard_error":0.06424136390737192},"median_abs_dev":{"confidence_interval":{"confidence_level":0.95,"lower_bound":0.33660219356844606,"upper_bound":0.6629745811457601},"point_estimate":0.4696979735156611,"standard_error":0.07480443718103841},"slope":{"confidence_interval":{"confidence_level":0.95,"lower_bound":573.6976880770883,"upper_bound":573.8581767923364},"point_estimate":573.7743035386991,"standard_error":0.0407828038435297},"std_dev":{"confidence_interval":{"confidence_level":0.95,"lower_bound":1.7421140763223912,"upper_bound":6.686063581586194},"point_estimate":4.3366906869178425,"standard_error":1.3346790393114643}}