{"mean":{"confidence_interval":{"confidence_level":0.95,"lower_bound":136.15080083732983,"upper_bound":137.28444755283687},"point_estimate":136.71648560209985,"standard_error":0.28869347010758206},"median":{"confidence_interval":{"confidence_level":0.95,"lower_bound":135.60456546714335,"upper_bound":136.34688330871492},"point_estimate":135.97098768480646,"standard_error":0.20155278784990094},"median_abs_dev":{"confidence_interval":{"confidence_level":0.95,"lower_bound":1.112572049703843,"upper_bound":2.3171990233617605},"point_estimate":1.6950984529941975,"standard_error":0.3342301421275223},"slope":{"confidence_interval":{"confidence_level":0.95,"lower_bound":135.02889374223236,"upper_bound":135.57897418246097},"point_estimate":135.31883418510066,"standard_error":0.1399498241576576},"std_dev":{"confidence_interval":{"confidence_level":0.95,"lower_bound":2.3617905931605123,"upper_bound":3.4019449908363115},"point_estimate":2.8957313847503117,"standard_error":0.2665646297424057}}