{"mean":{"confidence_interval":{"confidence_level":0.95,"lower_bound":4465.667489150098,"upper_bound":4504.200567387412},"point_estimate":4482.8868157993265,"standard_error":9.90771064845108},"median":{"confidence_interval":{"confidence_level":0.95,"lower_bound":4454.989242721762,"upper_bound":4478.622770827788},"point_estimate":4473.17702273217,"standard_error":6.129153317228629},"median_abs_dev":{"confidence_interval":{"confidence_level":0.95,"lower_bound":20.41658346801538,"upper_bound":44.70580446344912},"point_estimate":34.93717607657315,"standard_error":6.263621945415858},"slope":{"confidence_interval":{"confidence_level":0.95,"lower_bound":4478.85783441078,"upper_bound":4508.9655434459955},"point_estimate":4492.058114284989,"standard_error":7.705439022792366},"std_dev":{"confidence_interval":{"confidence_level":0.95,"lower_bound":42.898402908928624,"upper_bound":142.24288601871183},"point_estimate":99.77183843379953,"standard_error":25.311272353932907}}