{"mean":{"confidence_interval":{"confidence_level":0.95,"lower_bound":5618.603765567765,"upper_bound":5776.842549472604},"point_estimate":5687.3804019422005,"standard_error":40.62200275591703},"median":{"confidence_interval":{"confidence_level":0.95,"lower_bound":5559.468665197477,"upper_bound":5635.211685823755},"point_estimate":5586.668436769433,"standard_error":17.783873405695637},"median_abs_dev":{"confidence_interval":{"confidence_level":0.95,"lower_bound":111.17769504677008,"upper_bound":234.0368947410526},"point_estimate":153.4791539904756,"standard_error":31.26969883192199},"slope":{"confidence_interval":{"confidence_level":0.95,"lower_bound":5612.920366788307,"upper_bound":5746.63771961763},"point_estimate":5677.230571638224,"standard_error":34.16149029637801},"std_dev":{"confidence_interval":{"confidence_level":0.95,"lower_bound":205.48371499652782,"upper_bound":622.6376612522224},"point_estimate":408.1748323969414,"standard_error":131.12440983192167}}