{"mean":{"confidence_interval":{"confidence_level":0.95,"lower_bound":1610.5185321643453,"upper_bound":1615.9392247864193},"point_estimate":1613.7915747327738,"standard_error":1.4280143564172838},"median":{"confidence_interval":{"confidence_level":0.95,"lower_bound":1612.931470809321,"upper_bound":1614.0631999379557},"point_estimate":1613.345023593185,"standard_error":0.2876205662300625},"median_abs_dev":{"confidence_interval":{"confidence_level":0.95,"lower_bound":1.2544687152535574,"upper_bound":2.321684113654009},"point_estimate":1.6952775599367602,"standard_error":0.2816329752576767},"slope":{"confidence_interval":{"confidence_level":0.95,"lower_bound":1612.5595694019225,"upper_bound":1613.1392959560392},"point_estimate":1612.8218331922162,"standard_error":0.1480197823810483},"std_dev":{"confidence_interval":{"confidence_level":0.95,"lower_bound":3.4543677763593683,"upper_bound":23.86100351179614},"point_estimate":14.335161792398045,"standard_error":6.444734825803904}}