{"mean":{"confidence_interval":{"confidence_level":0.95,"lower_bound":9.313626677353824,"upper_bound":9.31944073197129},"point_estimate":9.316436948557069,"standard_error":0.0014752152623638739},"median":{"confidence_interval":{"confidence_level":0.95,"lower_bound":9.310274928935472,"upper_bound":9.322046360995278},"point_estimate":9.312398614729712,"standard_error":0.0027184582405919084},"median_abs_dev":{"confidence_interval":{"confidence_level":0.95,"lower_bound":0.008399924777161064,"upper_bound":0.01660339598441386},"point_estimate":0.014102520595576588,"standard_error":0.002202788174743387},"slope":{"confidence_interval":{"confidence_level":0.95,"lower_bound":9.318682597128243,"upper_bound":9.324086429468847},"point_estimate":9.321420938803167,"standard_error":0.001379018570193728},"std_dev":{"confidence_interval":{"confidence_level":0.95,"lower_bound":0.01116187128349077,"upper_bound":0.01881432987128504},"point_estimate":0.014743445909041327,"standard_error":0.0020412831537965173}}