{"mean":{"confidence_interval":{"confidence_level":0.95,"lower_bound":11.66418257994612,"upper_bound":11.806610641969908},"point_estimate":11.731061466642284,"standard_error":0.03625986019633156},"median":{"confidence_interval":{"confidence_level":0.95,"lower_bound":11.616883469620563,"upper_bound":11.702576580829483},"point_estimate":11.665916826715126,"standard_error":0.023507606443562198},"median_abs_dev":{"confidence_interval":{"confidence_level":0.95,"lower_bound":0.12897573919963573,"upper_bound":0.21041782024244843},"point_estimate":0.165198365329308,"standard_error":0.020962197490978073},"slope":{"confidence_interval":{"confidence_level":0.95,"lower_bound":11.665605028151713,"upper_bound":11.839561047249605},"point_estimate":11.744052206808878,"standard_error":0.044714572114491445},"std_dev":{"confidence_interval":{"confidence_level":0.95,"lower_bound":0.24443187309405762,"upper_bound":0.4655033105513164},"point_estimate":0.36298731349388463,"standard_error":0.05658748801837825}}