{"mean":{"confidence_interval":{"confidence_level":0.95,"lower_bound":174.04672694604884,"upper_bound":176.40764373246657},"point_estimate":175.20670073538514,"standard_error":0.6015485836821851},"median":{"confidence_interval":{"confidence_level":0.95,"lower_bound":173.63344719223937,"upper_bound":176.01146971013944},"point_estimate":174.8866696269982,"standard_error":0.5591633810142158},"median_abs_dev":{"confidence_interval":{"confidence_level":0.95,"lower_bound":4.199724819452348,"upper_bound":6.898025825356153},"point_estimate":5.485842800475396,"standard_error":0.69065355269249},"slope":{"confidence_interval":{"confidence_level":0.95,"lower_bound":172.25125657187337,"upper_bound":175.02630761901491},"point_estimate":173.60170487064877,"standard_error":0.7071309768027798},"std_dev":{"confidence_interval":{"confidence_level":0.95,"lower_bound":5.0426057133500874,"upper_bound":6.981387693741591},"point_estimate":6.059940061591512,"standard_error":0.49504517071124515}}