{"mean":{"confidence_interval":{"confidence_level":0.95,"lower_bound":271.80541254886975,"upper_bound":275.8035704305485},"point_estimate":273.45936029185464,"standard_error":1.0458812561942203},"median":{"confidence_interval":{"confidence_level":0.95,"lower_bound":271.3430394374335,"upper_bound":271.6702390766694},"point_estimate":271.52842522504517,"standard_error":0.09212844211998417},"median_abs_dev":{"confidence_interval":{"confidence_level":0.95,"lower_bound":0.508213528350325,"upper_bound":0.8715869140255732},"point_estimate":0.7323046649988995,"standard_error":0.10049559704162388},"slope":{"confidence_interval":{"confidence_level":0.95,"lower_bound":271.3854469730352,"upper_bound":273.2669951837512},"point_estimate":272.11659598719405,"standard_error":0.4988966473282079},"std_dev":{"confidence_interval":{"confidence_level":0.95,"lower_bound":1.4439885524934517,"upper_bound":16.705317133175484},"point_estimate":10.540124452360002,"standard_error":4.008327424084121}}