{"mean":{"confidence_interval":{"confidence_level":0.95,"lower_bound":4.352476831302352,"upper_bound":4.431297100553884},"point_estimate":4.389384611177819,"standard_error":0.020108841238947153},"median":{"confidence_interval":{"confidence_level":0.95,"lower_bound":4.335286573393652,"upper_bound":4.388496822288163},"point_estimate":4.363661872308022,"standard_error":0.01484751655932234},"median_abs_dev":{"confidence_interval":{"confidence_level":0.95,"lower_bound":0.0876292933659341,"upper_bound":0.14770423254020576},"point_estimate":0.12037701966473478,"standard_error":0.015440379125106584},"slope":{"confidence_interval":{"confidence_level":0.95,"lower_bound":4.354549360526533,"upper_bound":4.41444963903892},"point_estimate":4.383105823638551,"standard_error":0.015275165067285774},"std_dev":{"confidence_interval":{"confidence_level":0.95,"lower_bound":0.1292502789740925,"upper_bound":0.2753737646916213},"point_estimate":0.20129850333685076,"standard_error":0.03879401063523357}}