{"mean":{"confidence_interval":{"confidence_level":0.95,"lower_bound":2109.2717764053587,"upper_bound":2114.913765602495},"point_estimate":2112.222789861977,"standard_error":1.441991887342918},"median":{"confidence_interval":{"confidence_level":0.95,"lower_bound":2113.4587145600362,"upper_bound":2116.210866372981},"point_estimate":2114.9306662376875,"standard_error":0.729572486985678},"median_abs_dev":{"confidence_interval":{"confidence_level":0.95,"lower_bound":4.095270184476428,"upper_bound":6.912037127273648},"point_estimate":5.624240238153497,"standard_error":0.7177813456126115},"slope":{"confidence_interval":{"confidence_level":0.95,"lower_bound":2114.1402761696318,"upper_bound":2115.9445638784273},"point_estimate":2114.9951233408565,"standard_error":0.4611049835696415},"std_dev":{"confidence_interval":{"confidence_level":0.95,"lower_bound":10.227430851678504,"upper_bound":18.130501989597025},"point_estimate":14.46889900258033,"standard_error":2.019514841085766}}