{"mean":{"confidence_interval":{"confidence_level":0.95,"lower_bound":3968.9883200866034,"upper_bound":3977.4799650946043},"point_estimate":3973.393020207482,"standard_error":2.1706971250069063},"median":{"confidence_interval":{"confidence_level":0.95,"lower_bound":3979.897150997151,"upper_bound":3984.1611609691577},"point_estimate":3982.5475000421693,"standard_error":1.227680310591923},"median_abs_dev":{"confidence_interval":{"confidence_level":0.95,"lower_bound":6.148416976558658,"upper_bound":12.424409503178003},"point_estimate":8.678092250282647,"standard_error":1.537355025325385},"slope":{"confidence_interval":{"confidence_level":0.95,"lower_bound":3983.312490334269,"upper_bound":3986.065387117443},"point_estimate":3984.6900587272658,"standard_error":0.7034235622256463},"std_dev":{"confidence_interval":{"confidence_level":0.95,"lower_bound":17.46779543356216,"upper_bound":25.39992111302326},"point_estimate":21.837836606143476,"standard_error":2.018523465526735}}