{"mean":{"confidence_interval":{"confidence_level":0.95,"lower_bound":14.320340536944327,"upper_bound":14.329628568367331},"point_estimate":14.325106346327459,"standard_error":0.002362814027061266},"median":{"confidence_interval":{"confidence_level":0.95,"lower_bound":14.322659814206023,"upper_bound":14.330816386215224},"point_estimate":14.32740041304836,"standard_error":0.0021597317374500956},"median_abs_dev":{"confidence_interval":{"confidence_level":0.95,"lower_bound":0.013640648514521379,"upper_bound":0.021733299908242933},"point_estimate":0.017475608722525234,"standard_error":0.002123287944245763},"slope":{"confidence_interval":{"confidence_level":0.95,"lower_bound":14.319656009942852,"upper_bound":14.329092163104669},"point_estimate":14.324448758236109,"standard_error":0.0024012186813918653},"std_dev":{"confidence_interval":{"confidence_level":0.95,"lower_bound":0.01796320919439623,"upper_bound":0.029724725328944667},"point_estimate":0.023732125545757782,"standard_error":0.00304628817422448}}