{"mean":{"confidence_interval":{"confidence_level":0.95,"lower_bound":39.637710144893674,"upper_bound":41.12889580769773},"point_estimate":40.34249942725594,"standard_error":0.3809668754514965},"median":{"confidence_interval":{"confidence_level":0.95,"lower_bound":39.28578393881453,"upper_bound":40.20428203857139},"point_estimate":39.839363222677875,"standard_error":0.2630277247647224},"median_abs_dev":{"confidence_interval":{"confidence_level":0.95,"lower_bound":1.654158476846963,"upper_bound":3.2111943539057672},"point_estimate":2.335667609533354,"standard_error":0.4163859214693104},"slope":{"confidence_interval":{"confidence_level":0.95,"lower_bound":37.963628653817885,"upper_bound":39.00279884874899},"point_estimate":38.457209684214334,"standard_error":0.26582457183788105},"std_dev":{"confidence_interval":{"confidence_level":0.95,"lower_bound":2.6818335911357836,"upper_bound":5.029279684663928},"point_estimate":3.829237455131747,"standard_error":0.6180275681460613}}