{"mean":{"confidence_interval":{"confidence_level":0.95,"lower_bound":25.141713893928102,"upper_bound":25.619923069714034},"point_estimate":25.317134471886156,"standard_error":0.13403895266573937},"median":{"confidence_interval":{"confidence_level":0.95,"lower_bound":25.08398056605438,"upper_bound":25.130928111139006},"point_estimate":25.10457166623373,"standard_error":0.012761226765125826},"median_abs_dev":{"confidence_interval":{"confidence_level":0.95,"lower_bound":0.06713746876431291,"upper_bound":0.12663431247771634},"point_estimate":0.0939395043640037,"standard_error":0.015730272307904414},"slope":{"confidence_interval":{"confidence_level":0.95,"lower_bound":25.093056367373364,"upper_bound":25.237218273719034},"point_estimate":25.149695264279128,"standard_error":0.03777036196747568},"std_dev":{"confidence_interval":{"confidence_level":0.95,"lower_bound":0.14073084358594198,"upper_bound":2.2788519240119247},"point_estimate":1.3492917316759783,"standard_error":0.6993169398972678}}