{"mean":{"confidence_interval":{"confidence_level":0.95,"lower_bound":1184.8655343326402,"upper_bound":1228.5761205379395},"point_estimate":1206.2625632134057,"standard_error":11.155230942596337},"median":{"confidence_interval":{"confidence_level":0.95,"lower_bound":1162.35693953671,"upper_bound":1226.2027509931925},"point_estimate":1195.096522629468,"standard_error":17.64069249346596},"median_abs_dev":{"confidence_interval":{"confidence_level":0.95,"lower_bound":81.20476773736438,"upper_bound":123.22027167928017},"point_estimate":95.14175193400823,"standard_error":10.745539944444813},"slope":{"confidence_interval":{"confidence_level":0.95,"lower_bound":1156.6994002232034,"upper_bound":1188.8292779246276},"point_estimate":1172.2675381376016,"standard_error":8.205227277381862},"std_dev":{"confidence_interval":{"confidence_level":0.95,"lower_bound":89.38958214295945,"upper_bound":134.18755618498946},"point_estimate":112.04800793086059,"standard_error":11.527906992220709}}