{"mean":{"confidence_interval":{"confidence_level":0.95,"lower_bound":73.43782948365524,"upper_bound":74.86199239914177},"point_estimate":74.08447950624526,"standard_error":0.3632269316439602},"median":{"confidence_interval":{"confidence_level":0.95,"lower_bound":73.09180517477725,"upper_bound":74.34801233721727},"point_estimate":73.85557991976776,"standard_error":0.4102464405130007},"median_abs_dev":{"confidence_interval":{"confidence_level":0.95,"lower_bound":1.6596192051441945,"upper_bound":2.782762008574001},"point_estimate":2.0888750561391705,"standard_error":0.2995431510454215},"slope":{"confidence_interval":{"confidence_level":0.95,"lower_bound":73.79157638520921,"upper_bound":74.93621504477726},"point_estimate":74.36824807483562,"standard_error":0.29135431382382304},"std_dev":{"confidence_interval":{"confidence_level":0.95,"lower_bound":2.2416820252169973,"upper_bound":5.273007815586116},"point_estimate":3.643044015182151,"standard_error":0.9119471869535829}}