{"mean":{"confidence_interval":{"confidence_level":0.95,"lower_bound":120.20639337634958,"upper_bound":120.49183608093172},"point_estimate":120.32974041592135,"standard_error":0.07373290726418409},"median":{"confidence_interval":{"confidence_level":0.95,"lower_bound":120.05863858363858,"upper_bound":120.16390977443609},"point_estimate":120.11009510956879,"standard_error":0.02700356408533198},"median_abs_dev":{"confidence_interval":{"confidence_level":0.95,"lower_bound":0.09719193814981532,"upper_bound":0.23324157579174765},"point_estimate":0.15352799144469423,"standard_error":0.03629444063226079},"slope":{"confidence_interval":{"confidence_level":0.95,"lower_bound":120.04138919548029,"upper_bound":120.07480956817858},"point_estimate":120.05706504073402,"standard_error":0.00852659898485482},"std_dev":{"confidence_interval":{"confidence_level":0.95,"lower_bound":0.3092066228335178,"upper_bound":1.1402655171583624},"point_estimate":0.7414079031511142,"standard_error":0.2340710650902243}}