{"mean":{"confidence_interval":{"confidence_level":0.95,"lower_bound":7.628924023270509,"upper_bound":7.655047359448406},"point_estimate":7.642237701621954,"standard_error":0.006650969523147921},"median":{"confidence_interval":{"confidence_level":0.95,"lower_bound":7.627490627189235,"upper_bound":7.6544741892902355},"point_estimate":7.6376006693722225,"standard_error":0.006882491151137359},"median_abs_dev":{"confidence_interval":{"confidence_level":0.95,"lower_bound":0.042959995156385725,"upper_bound":0.0664098936911539},"point_estimate":0.054815791330302996,"standard_error":0.005794163738849907},"slope":{"confidence_interval":{"confidence_level":0.95,"lower_bound":7.626500645066923,"upper_bound":7.649038992485626},"point_estimate":7.6376834123246,"standard_error":0.005754957850789664},"std_dev":{"confidence_interval":{"confidence_level":0.95,"lower_bound":0.0526437661201168,"upper_bound":0.07970667656997514},"point_estimate":0.06669998376371503,"standard_error":0.0069318827678481795}}