{"mean":{"confidence_interval":{"confidence_level":0.95,"lower_bound":65.72268648782563,"upper_bound":65.99491869175888},"point_estimate":65.83583122448115,"standard_error":0.07113612404048804},"median":{"confidence_interval":{"confidence_level":0.95,"lower_bound":65.60434514637905,"upper_bound":65.7554693299564},"point_estimate":65.66353039720894,"standard_error":0.03419096968353417},"median_abs_dev":{"confidence_interval":{"confidence_level":0.95,"lower_bound":0.19386621175185795,"upper_bound":0.36490952311881986},"point_estimate":0.28507242431748575,"standard_error":0.04445040825564271},"slope":{"confidence_interval":{"confidence_level":0.95,"lower_bound":65.53201036440075,"upper_bound":65.58508593827675},"point_estimate":65.55584198420621,"standard_error":0.01355549354293298},"std_dev":{"confidence_interval":{"confidence_level":0.95,"lower_bound":0.25706878337869576,"upper_bound":1.143583902978354},"point_estimate":0.7165163665199634,"standard_error":0.2714312424757676}}