{"mean":{"confidence_interval":{"confidence_level":0.95,"lower_bound":1050.8722257768063,"upper_bound":1082.714935278607},"point_estimate":1065.7054620002598,"standard_error":8.123243275678991},"median":{"confidence_interval":{"confidence_level":0.95,"lower_bound":1047.5958444794605,"upper_bound":1070.6158747156396},"point_estimate":1058.7065976206363,"standard_error":5.49676339995443},"median_abs_dev":{"confidence_interval":{"confidence_level":0.95,"lower_bound":33.085301694726844,"upper_bound":54.72032796219102},"point_estimate":44.332151087782066,"standard_error":5.52570491650555},"slope":{"confidence_interval":{"confidence_level":0.95,"lower_bound":1063.630795010176,"upper_bound":1091.9782442042974},"point_estimate":1077.462085362374,"standard_error":7.264975999315869},"std_dev":{"confidence_interval":{"confidence_level":0.95,"lower_bound":52.368363158791176,"upper_bound":115.1823713461698},"point_estimate":81.90971419515157,"standard_error":17.894913501684577}}