{"mean":{"confidence_interval":{"confidence_level":0.95,"lower_bound":30.73124842221406,"upper_bound":31.065991400687878},"point_estimate":30.887906340745616,"standard_error":0.08570557958119837},"median":{"confidence_interval":{"confidence_level":0.95,"lower_bound":30.459225544950645,"upper_bound":30.61244439769937},"point_estimate":30.546356362868647,"standard_error":0.047117079958511165},"median_abs_dev":{"confidence_interval":{"confidence_level":0.95,"lower_bound":0.20764139641857077,"upper_bound":0.45905424001883915},"point_estimate":0.3436269939710907,"standard_error":0.07328896294644018},"slope":{"confidence_interval":{"confidence_level":0.95,"lower_bound":30.435285726932204,"upper_bound":30.57388083334213},"point_estimate":30.492205487834987,"standard_error":0.0360778107746903},"std_dev":{"confidence_interval":{"confidence_level":0.95,"lower_bound":0.5721635635458558,"upper_bound":1.1330489260450956},"point_estimate":0.8588670569711377,"standard_error":0.14536917781135628}}