{"mean":{"confidence_interval":{"confidence_level":0.95,"lower_bound":6054.2515184532485,"upper_bound":6153.381772012198},"point_estimate":6100.019357853897,"standard_error":25.359089768200036},"median":{"confidence_interval":{"confidence_level":0.95,"lower_bound":6040.13310633029,"upper_bound":6098.793757440355},"point_estimate":6067.465607580825,"standard_error":15.572148150993181},"median_abs_dev":{"confidence_interval":{"confidence_level":0.95,"lower_bound":78.3598114859196,"upper_bound":133.92890327341186},"point_estimate":107.02272031656612,"standard_error":14.387171433286365},"slope":{"confidence_interval":{"confidence_level":0.95,"lower_bound":6099.020939349541,"upper_bound":6216.057041229192},"point_estimate":6149.878165694214,"standard_error":30.086148726503446},"std_dev":{"confidence_interval":{"confidence_level":0.95,"lower_bound":144.63372931208005,"upper_bound":345.80259339381735},"point_estimate":255.62178738458488,"standard_error":50.799658194710396}}