{"mean":{"confidence_interval":{"confidence_level":0.95,"lower_bound":552.711373993914,"upper_bound":554.7892368106997},"point_estimate":553.6213915187354,"standard_error":0.5346073847484437},"median":{"confidence_interval":{"confidence_level":0.95,"lower_bound":551.8415070553233,"upper_bound":553.0602456925311},"point_estimate":552.4372291578668,"standard_error":0.3137465130876084},"median_abs_dev":{"confidence_interval":{"confidence_level":0.95,"lower_bound":1.4298854937617311,"upper_bound":2.277783528943643},"point_estimate":1.8785393800356538,"standard_error":0.21681055220666237},"slope":{"confidence_interval":{"confidence_level":0.95,"lower_bound":551.5691326386817,"upper_bound":552.154296392079},"point_estimate":551.8498283616802,"standard_error":0.14906594434536516},"std_dev":{"confidence_interval":{"confidence_level":0.95,"lower_bound":2.4810291772702495,"upper_bound":8.124952530896223},"point_estimate":5.388967711071936,"standard_error":1.5625940997690742}}