{"mean":{"confidence_interval":{"confidence_level":0.95,"lower_bound":25862.476044707724,"upper_bound":26000.674668885185},"point_estimate":25928.7173525603,"standard_error":35.086754856302555},"median":{"confidence_interval":{"confidence_level":0.95,"lower_bound":25730.94807692308,"upper_bound":25737.985184192505},"point_estimate":25733.74318753142,"standard_error":2.010041839382202},"median_abs_dev":{"confidence_interval":{"confidence_level":0.95,"lower_bound":8.606540934857923,"upper_bound":18.300277547215536},"point_estimate":11.141465834587786,"standard_error":2.47198733454513},"slope":{"confidence_interval":{"confidence_level":0.95,"lower_bound":25735.049360709178,"upper_bound":25752.14202698281},"point_estimate":25742.214097221433,"standard_error":4.3649182821277845},"std_dev":{"confidence_interval":{"confidence_level":0.95,"lower_bound":293.053551744654,"upper_bound":405.15600036660766},"point_estimate":354.29436231758416,"standard_error":28.42866470579195}}