{"mean":{"confidence_interval":{"confidence_level":0.95,"lower_bound":19.83257043719364,"upper_bound":19.856549011172778},"point_estimate":19.84688131606384,"standard_error":0.006303615738453699},"median":{"confidence_interval":{"confidence_level":0.95,"lower_bound":19.853982171239032,"upper_bound":19.858511880904665},"point_estimate":19.85539645553054,"standard_error":0.0012078820207525062},"median_abs_dev":{"confidence_interval":{"confidence_level":0.95,"lower_bound":0.007315403779719107,"upper_bound":0.012275113922117378},"point_estimate":0.009973078205071763,"standard_error":0.0013074626614560658},"slope":{"confidence_interval":{"confidence_level":0.95,"lower_bound":19.84875546462134,"upper_bound":19.859578772751494},"point_estimate":19.855123125518066,"standard_error":0.0027953785311301813},"std_dev":{"confidence_interval":{"confidence_level":0.95,"lower_bound":0.011894170819975002,"upper_bound":0.10217599140781441},"point_estimate":0.06318100039426464,"standard_error":0.025429101906833947}}