{"mean":{"confidence_interval":{"confidence_level":0.95,"lower_bound":2932.7920358956717,"upper_bound":2955.7631007499076},"point_estimate":2945.7610166594764,"standard_error":5.926680688224795},"median":{"confidence_interval":{"confidence_level":0.95,"lower_bound":2951.1065249266862,"upper_bound":2960.565056942358},"point_estimate":2956.759412156758,"standard_error":2.2566851987811978},"median_abs_dev":{"confidence_interval":{"confidence_level":0.95,"lower_bound":16.6746608582979,"upper_bound":27.690413327988992},"point_estimate":21.862864694193664,"standard_error":2.6713731545100146},"slope":{"confidence_interval":{"confidence_level":0.95,"lower_bound":2943.6322716397704,"upper_bound":2955.0615868120676},"point_estimate":2949.528138677132,"standard_error":2.9200576877285678},"std_dev":{"confidence_interval":{"confidence_level":0.95,"lower_bound":23.599826241202354,"upper_bound":88.44996898139928},"point_estimate":59.5135646313207,"standard_error":17.371420858882654}}