{"mean":{"confidence_interval":{"confidence_level":0.95,"lower_bound":22.409370859047293,"upper_bound":22.774926504409926},"point_estimate":22.58474591443624,"standard_error":0.09344863650880564},"median":{"confidence_interval":{"confidence_level":0.95,"lower_bound":22.239944747558962,"upper_bound":22.597770209743935},"point_estimate":22.426177075161846,"standard_error":0.10627494002150015},"median_abs_dev":{"confidence_interval":{"confidence_level":0.95,"lower_bound":0.5655496309612853,"upper_bound":0.9403591126031872},"point_estimate":0.7640763556839554,"standard_error":0.09473217657141968},"slope":{"confidence_interval":{"confidence_level":0.95,"lower_bound":22.413405695288,"upper_bound":22.85506038347444},"point_estimate":22.615367704590298,"standard_error":0.11287088768707583},"std_dev":{"confidence_interval":{"confidence_level":0.95,"lower_bound":0.6979632692089387,"upper_bound":1.1628586260605258},"point_estimate":0.9363206416141154,"standard_error":0.11943759105273216}}