{"mean":{"confidence_interval":{"confidence_level":0.95,"lower_bound":8.595677195068804,"upper_bound":8.596985970744983},"point_estimate":8.596315692865689,"standard_error":0.0003336480728814333},"median":{"confidence_interval":{"confidence_level":0.95,"lower_bound":8.5952852515748,"upper_bound":8.596298271438055},"point_estimate":8.595975415532969,"standard_error":0.00024839265996792656},"median_abs_dev":{"confidence_interval":{"confidence_level":0.95,"lower_bound":0.0013535159263813406,"upper_bound":0.0022903172069445817},"point_estimate":0.0019411867938482976,"standard_error":0.00023230748655789945},"slope":{"confidence_interval":{"confidence_level":0.95,"lower_bound":8.595566737975332,"upper_bound":8.596912012599358},"point_estimate":8.596155159848532,"standard_error":0.0003459497427765202},"std_dev":{"confidence_interval":{"confidence_level":0.95,"lower_bound":0.0023680728824768656,"upper_bound":0.004215395946969556},"point_estimate":0.0033413813918402235,"standard_error":0.00047191058365274595}}