{"mean":{"confidence_interval":{"confidence_level":0.95,"lower_bound":4.938078087595368,"upper_bound":4.94759861722501},"point_estimate":4.941996326103928,"standard_error":0.002495321619932677},"median":{"confidence_interval":{"confidence_level":0.95,"lower_bound":4.937329234402492,"upper_bound":4.940222196252185},"point_estimate":4.938622533721597,"standard_error":0.0007366748400392936},"median_abs_dev":{"confidence_interval":{"confidence_level":0.95,"lower_bound":0.004005704545620558,"upper_bound":0.006888679035421267},"point_estimate":0.005269184799395512,"standard_error":0.0006961304337135992},"slope":{"confidence_interval":{"confidence_level":0.95,"lower_bound":4.937108644276209,"upper_bound":4.95399791400959},"point_estimate":4.944105828085252,"standard_error":0.004388791090189763},"std_dev":{"confidence_interval":{"confidence_level":0.95,"lower_bound":0.0065196719282659904,"upper_bound":0.040359499147934234},"point_estimate":0.025154578928575876,"standard_error":0.009567602502421535}}