{"mean":{"confidence_interval":{"confidence_level":0.95,"lower_bound":144.73293016078304,"upper_bound":146.59351328805533},"point_estimate":145.67656136076636,"standard_error":0.4727726304439806},"median":{"confidence_interval":{"confidence_level":0.95,"lower_bound":145.30156457075543,"upper_bound":147.34646436366822},"point_estimate":146.32185342267803,"standard_error":0.5226484747231862},"median_abs_dev":{"confidence_interval":{"confidence_level":0.95,"lower_bound":3.0328250504276455,"upper_bound":4.858242073961027},"point_estimate":3.898262681538959,"standard_error":0.47344816509844917},"slope":{"confidence_interval":{"confidence_level":0.95,"lower_bound":144.60658546876124,"upper_bound":146.34836889203854},"point_estimate":145.49561640630554,"standard_error":0.44507176832246415},"std_dev":{"confidence_interval":{"confidence_level":0.95,"lower_bound":3.7662288762566405,"upper_bound":5.733332723917031},"point_estimate":4.765486230675694,"standard_error":0.5053488580153045}}