{"mean":{"confidence_interval":{"confidence_level":0.95,"lower_bound":128.88500219606468,"upper_bound":129.21720587709103},"point_estimate":129.02740455263057,"standard_error":0.085646256446087},"median":{"confidence_interval":{"confidence_level":0.95,"lower_bound":128.74341062350493,"upper_bound":128.8396405174426},"point_estimate":128.7779154983489,"standard_error":0.02587816056153478},"median_abs_dev":{"confidence_interval":{"confidence_level":0.95,"lower_bound":0.08145542343954912,"upper_bound":0.19992582668159142},"point_estimate":0.12579849520088074,"standard_error":0.029330670181289105},"slope":{"confidence_interval":{"confidence_level":0.95,"lower_bound":128.7225482870898,"upper_bound":128.7563447078842},"point_estimate":128.73771583620942,"standard_error":0.008597029003409414},"std_dev":{"confidence_interval":{"confidence_level":0.95,"lower_bound":0.3267705364395576,"upper_bound":1.323987413103634},"point_estimate":0.8549263525859965,"standard_error":0.27260877918141424}}