{"mean":{"confidence_interval":{"confidence_level":0.95,"lower_bound":126.99033981483117,"upper_bound":127.33419105484708},"point_estimate":127.13977451622755,"standard_error":0.08878817112356117},"median":{"confidence_interval":{"confidence_level":0.95,"lower_bound":126.84359723684994,"upper_bound":126.94354028531244},"point_estimate":126.87677997155421,"standard_error":0.029878218915763265},"median_abs_dev":{"confidence_interval":{"confidence_level":0.95,"lower_bound":0.11713256133708067,"upper_bound":0.25430745118133824},"point_estimate":0.17698018045291794,"standard_error":0.03578160059079275},"slope":{"confidence_interval":{"confidence_level":0.95,"lower_bound":126.8045961876384,"upper_bound":126.84853187605414},"point_estimate":126.82460978382295,"standard_error":0.011224008338004207},"std_dev":{"confidence_interval":{"confidence_level":0.95,"lower_bound":0.34614468652556596,"upper_bound":1.3595900854034442},"point_estimate":0.8922141674929217,"standard_error":0.26717089074408545}}