{"mean":{"confidence_interval":{"confidence_level":0.95,"lower_bound":190.831780998935,"upper_bound":197.71858219123192},"point_estimate":194.27083275583055,"standard_error":1.7604908650282216},"median":{"confidence_interval":{"confidence_level":0.95,"lower_bound":192.58101181190105,"upper_bound":200.19212765255048},"point_estimate":196.63296133886172,"standard_error":1.9154720410003592},"median_abs_dev":{"confidence_interval":{"confidence_level":0.95,"lower_bound":11.813550306068475,"upper_bound":21.40602122586125},"point_estimate":16.171334890766953,"standard_error":2.4078504441679924},"slope":{"confidence_interval":{"confidence_level":0.95,"lower_bound":201.49845514859928,"upper_bound":207.81213021190257},"point_estimate":204.6454138153704,"standard_error":1.602265441588124},"std_dev":{"confidence_interval":{"confidence_level":0.95,"lower_bound":15.234632204068326,"upper_bound":20.02286768082648},"point_estimate":17.713036219314485,"standard_error":1.221896281594134}}