{"mean":{"confidence_interval":{"confidence_level":0.95,"lower_bound":1560.2975815475536,"upper_bound":1592.6197613132015},"point_estimate":1575.990034788342,"standard_error":8.24270733551755},"median":{"confidence_interval":{"confidence_level":0.95,"lower_bound":1542.5991023960673,"upper_bound":1581.8568598596332},"point_estimate":1556.0134574307385,"standard_error":10.35924979598725},"median_abs_dev":{"confidence_interval":{"confidence_level":0.95,"lower_bound":55.37476123255804,"upper_bound":92.34385132638282},"point_estimate":76.37641475908434,"standard_error":9.437031335965894},"slope":{"confidence_interval":{"confidence_level":0.95,"lower_bound":1547.7627021504752,"upper_bound":1582.2190861621443},"point_estimate":1564.4406745891138,"standard_error":8.783808141519607},"std_dev":{"confidence_interval":{"confidence_level":0.95,"lower_bound":65.62145360622826,"upper_bound":99.97427808868476},"point_estimate":82.99498985679267,"standard_error":8.884118811625779}}