{"mean":{"confidence_interval":{"confidence_level":0.95,"lower_bound":138.26927516094912,"upper_bound":140.4782070402354},"point_estimate":139.36044924707224,"standard_error":0.5627268955806047},"median":{"confidence_interval":{"confidence_level":0.95,"lower_bound":138.67208284095386,"upper_bound":141.7507006224134},"point_estimate":139.90183768498764,"standard_error":0.7640183788915409},"median_abs_dev":{"confidence_interval":{"confidence_level":0.95,"lower_bound":3.5958367550231265,"upper_bound":6.4201549092690815},"point_estimate":5.026746599299773,"standard_error":0.7004530592202327},"slope":{"confidence_interval":{"confidence_level":0.95,"lower_bound":138.67126019257256,"upper_bound":141.79771361015537},"point_estimate":140.2251448183253,"standard_error":0.7997664465147938},"std_dev":{"confidence_interval":{"confidence_level":0.95,"lower_bound":4.61666658889817,"upper_bound":6.748184080428667},"point_estimate":5.659902814941069,"standard_error":0.551424194447638}}