{"mean":{"confidence_interval":{"confidence_level":0.95,"lower_bound":93.38980167545252,"upper_bound":93.89581271359826},"point_estimate":93.61519359572529,"standard_error":0.1294217996858023},"median":{"confidence_interval":{"confidence_level":0.95,"lower_bound":93.20059839489912,"upper_bound":93.42503444219751},"point_estimate":93.27412354504476,"standard_error":0.05347026040786894},"median_abs_dev":{"confidence_interval":{"confidence_level":0.95,"lower_bound":0.32413687415999143,"upper_bound":0.5430418604320972},"point_estimate":0.42207293624650377,"standard_error":0.05499227061555276},"slope":{"confidence_interval":{"confidence_level":0.95,"lower_bound":93.05796151633199,"upper_bound":93.19142060072299},"point_estimate":93.12220143932092,"standard_error":0.03401205061931949},"std_dev":{"confidence_interval":{"confidence_level":0.95,"lower_bound":0.5791876458062536,"upper_bound":1.8791320559179268},"point_estimate":1.3015045303285149,"standard_error":0.33071437262567005}}