{"mean":{"confidence_interval":{"confidence_level":0.95,"lower_bound":12521.833953084599,"upper_bound":12590.656177729377},"point_estimate":12553.926262998453,"standard_error":17.597457837067772},"median":{"confidence_interval":{"confidence_level":0.95,"lower_bound":12488.334468568186,"upper_bound":12497.113794954374},"point_estimate":12491.601810227254,"standard_error":2.4460014869939446},"median_abs_dev":{"confidence_interval":{"confidence_level":0.95,"lower_bound":9.781070019475393,"upper_bound":17.800720291758182},"point_estimate":12.871220654787454,"standard_error":2.0979849530091417},"slope":{"confidence_interval":{"confidence_level":0.95,"lower_bound":12487.122944787447,"upper_bound":12491.522059288929},"point_estimate":12489.22494374479,"standard_error":1.1230029611211008},"std_dev":{"confidence_interval":{"confidence_level":0.95,"lower_bound":118.7449608851722,"upper_bound":221.1226766380568},"point_estimate":175.79992599517763,"standard_error":26.061623113356667}}