{"mean":{"confidence_interval":{"confidence_level":0.95,"lower_bound":17540.973304316398,"upper_bound":17928.625937577886},"point_estimate":17733.571396030966,"standard_error":98.73475671375633},"median":{"confidence_interval":{"confidence_level":0.95,"lower_bound":17331.89225905673,"upper_bound":17969.910714285714},"point_estimate":17634.069909637226,"standard_error":152.16579063955484},"median_abs_dev":{"confidence_interval":{"confidence_level":0.95,"lower_bound":738.3514302311269,"upper_bound":1171.145980829207},"point_estimate":927.8760116997412,"standard_error":106.3203881461316},"slope":{"confidence_interval":{"confidence_level":0.95,"lower_bound":17366.92996805738,"upper_bound":17864.394351120543},"point_estimate":17593.98009204332,"standard_error":127.44143334957299},"std_dev":{"confidence_interval":{"confidence_level":0.95,"lower_bound":807.9853581624109,"upper_bound":1173.2692410037791},"point_estimate":994.6239429568333,"standard_error":93.66313129301479}}