{"mean":{"confidence_interval":{"confidence_level":0.95,"lower_bound":3739.6156761334246,"upper_bound":3743.2401136396525},"point_estimate":3741.3941274277126,"standard_error":0.9245061225779594},"median":{"confidence_interval":{"confidence_level":0.95,"lower_bound":3736.0398608881756,"upper_bound":3741.938096247615},"point_estimate":3738.1642475864114,"standard_error":1.4792745658647202},"median_abs_dev":{"confidence_interval":{"confidence_level":0.95,"lower_bound":6.152470664719417,"upper_bound":12.173098130187345},"point_estimate":8.667850544105805,"standard_error":1.604182462576258},"slope":{"confidence_interval":{"confidence_level":0.95,"lower_bound":3735.2742255726234,"upper_bound":3737.711654256708},"point_estimate":3736.3648439081708,"standard_error":0.6221676008421526},"std_dev":{"confidence_interval":{"confidence_level":0.95,"lower_bound":8.116230933821061,"upper_bound":10.284849211255036},"point_estimate":9.266215300250893,"standard_error":0.5527117403996074}}