{"mean":{"confidence_interval":{"confidence_level":0.95,"lower_bound":3817.4388217054056,"upper_bound":3896.2439796407784},"point_estimate":3851.41475485849,"standard_error":20.371121416409366},"median":{"confidence_interval":{"confidence_level":0.95,"lower_bound":3800.7266883939888,"upper_bound":3835.5501735824105},"point_estimate":3816.1923269276886,"standard_error":9.147007832549916},"median_abs_dev":{"confidence_interval":{"confidence_level":0.95,"lower_bound":46.20412632402573,"upper_bound":73.53543477521019},"point_estimate":58.73535536926806,"standard_error":6.853692233421576},"slope":{"confidence_interval":{"confidence_level":0.95,"lower_bound":3804.6329578987134,"upper_bound":3830.2565381307795},"point_estimate":3817.424601485289,"standard_error":6.5310658961990535},"std_dev":{"confidence_interval":{"confidence_level":0.95,"lower_bound":83.51087235059833,"upper_bound":316.0758639286518},"point_estimate":205.86660707198206,"standard_error":65.3054501891949}}