{"mean":{"confidence_interval":{"confidence_level":0.95,"lower_bound":6.177022390970694,"upper_bound":6.190871088001661},"point_estimate":6.183114454645184,"standard_error":0.003541324094678826},"median":{"confidence_interval":{"confidence_level":0.95,"lower_bound":6.173679399793545,"upper_bound":6.18025684955091},"point_estimate":6.1757993814559455,"standard_error":0.0014845753665934673},"median_abs_dev":{"confidence_interval":{"confidence_level":0.95,"lower_bound":0.011232873446290242,"upper_bound":0.01703196160714111},"point_estimate":0.014359352494068417,"standard_error":0.0014870090388139792},"slope":{"confidence_interval":{"confidence_level":0.95,"lower_bound":6.177638197300982,"upper_bound":6.18578069061495},"point_estimate":6.1813738882005165,"standard_error":0.0020834537300521484},"std_dev":{"confidence_interval":{"confidence_level":0.95,"lower_bound":0.015333150517659343,"upper_bound":0.05224063873757896},"point_estimate":0.03543950285817426,"standard_error":0.00963130945724596}}