{"mean":{"confidence_interval":{"confidence_level":0.95,"lower_bound":24603.355713822828,"upper_bound":24631.234246459753},"point_estimate":24616.7885845018,"standard_error":7.121997538937619},"median":{"confidence_interval":{"confidence_level":0.95,"lower_bound":24579.050573888093,"upper_bound":24595.924041811846},"point_estimate":24584.32803818032,"standard_error":4.458339903460717},"median_abs_dev":{"confidence_interval":{"confidence_level":0.95,"lower_bound":22.14698068608113,"upper_bound":43.543588157438066},"point_estimate":31.175028951818664,"standard_error":5.505461516717478},"slope":{"confidence_interval":{"confidence_level":0.95,"lower_bound":24574.020298401592,"upper_bound":24582.16176673579},"point_estimate":24577.817041380877,"standard_error":2.083487240137847},"std_dev":{"confidence_interval":{"confidence_level":0.95,"lower_bound":57.48888144154062,"upper_bound":83.13733723002768},"point_estimate":71.70587867447496,"standard_error":6.554884789855009}}