{"mean":{"confidence_interval":{"confidence_level":0.95,"lower_bound":1129.2192467976674,"upper_bound":1132.3958448289977},"point_estimate":1130.7571578905681,"standard_error":0.8106360633297448},"median":{"confidence_interval":{"confidence_level":0.95,"lower_bound":1127.1597152847153,"upper_bound":1132.2397457620943},"point_estimate":1129.4386093959233,"standard_error":1.1698991038421396},"median_abs_dev":{"confidence_interval":{"confidence_level":0.95,"lower_bound":5.8215993314280015,"upper_bound":8.994462513241148},"point_estimate":7.504392017259243,"standard_error":0.7751020501466169},"slope":{"confidence_interval":{"confidence_level":0.95,"lower_bound":1127.0079712056317,"upper_bound":1129.6382709253717},"point_estimate":1128.290649663474,"standard_error":0.6717524887794061},"std_dev":{"confidence_interval":{"confidence_level":0.95,"lower_bound":6.301006119596124,"upper_bound":10.216405635318425},"point_estimate":8.177193296546491,"standard_error":1.0303186521100887}}