{"mean":{"confidence_interval":{"confidence_level":0.95,"lower_bound":25.752269434064733,"upper_bound":26.12692047785862},"point_estimate":25.904425106345766,"standard_error":0.09794906611227248},"median":{"confidence_interval":{"confidence_level":0.95,"lower_bound":25.60604136477134,"upper_bound":25.711632450318895},"point_estimate":25.642608936316044,"standard_error":0.025656450055915114},"median_abs_dev":{"confidence_interval":{"confidence_level":0.95,"lower_bound":0.09852447297943998,"upper_bound":0.22058013727797682},"point_estimate":0.1377124724201825,"standard_error":0.028485806160832655},"slope":{"confidence_interval":{"confidence_level":0.95,"lower_bound":25.570838436572704,"upper_bound":25.61677623100697},"point_estimate":25.590783834572985,"standard_error":0.011730875423898012},"std_dev":{"confidence_interval":{"confidence_level":0.95,"lower_bound":0.33269690074181063,"upper_bound":1.588490853238848},"point_estimate":0.9868470300199306,"standard_error":0.3916348005540723}}