{"mean":{"confidence_interval":{"confidence_level":0.95,"lower_bound":4107.258999819075,"upper_bound":4113.411736530874},"point_estimate":4110.333179681363,"standard_error":1.5621606147902027},"median":{"confidence_interval":{"confidence_level":0.95,"lower_bound":4106.4087963886905,"upper_bound":4113.067296786389},"point_estimate":4108.622205753184,"standard_error":1.829027187040517},"median_abs_dev":{"confidence_interval":{"confidence_level":0.95,"lower_bound":10.66189109874053,"upper_bound":16.781151968526856},"point_estimate":13.718954387819469,"standard_error":1.5284327995030969},"slope":{"confidence_interval":{"confidence_level":0.95,"lower_bound":4105.6375630426055,"upper_bound":4110.456862301539},"point_estimate":4107.975489414743,"standard_error":1.2237380696788158},"std_dev":{"confidence_interval":{"confidence_level":0.95,"lower_bound":13.07970691385095,"upper_bound":18.15219656778632},"point_estimate":15.744699327993995,"standard_error":1.2991554512459143}}