{"mean":{"confidence_interval":{"confidence_level":0.95,"lower_bound":11.267805159196937,"upper_bound":11.291716925263307},"point_estimate":11.278378325877528,"standard_error":0.006129940574904013},"median":{"confidence_interval":{"confidence_level":0.95,"lower_bound":11.261336657710581,"upper_bound":11.267474123854196},"point_estimate":11.265402650265308,"standard_error":0.0014542623775291431},"median_abs_dev":{"confidence_interval":{"confidence_level":0.95,"lower_bound":0.009307732389361952,"upper_bound":0.01637268203954092},"point_estimate":0.013028844297298309,"standard_error":0.0018261359112149112},"slope":{"confidence_interval":{"confidence_level":0.95,"lower_bound":11.266582016390544,"upper_bound":11.28448964587608},"point_estimate":11.274505875516507,"standard_error":0.004614442070351169},"std_dev":{"confidence_interval":{"confidence_level":0.95,"lower_bound":0.02824406669827167,"upper_bound":0.09108981957007628},"point_estimate":0.06178241201683573,"standard_error":0.01658307294615073}}