{"mean":{"confidence_interval":{"confidence_level":0.95,"lower_bound":10.891180721308979,"upper_bound":10.936754178006288},"point_estimate":10.911178910800494,"standard_error":0.011766682172513372},"median":{"confidence_interval":{"confidence_level":0.95,"lower_bound":10.875976693819243,"upper_bound":10.890918744934307},"point_estimate":10.8846096950302,"standard_error":0.004481323826532281},"median_abs_dev":{"confidence_interval":{"confidence_level":0.95,"lower_bound":0.01815240753123092,"upper_bound":0.029247159201099406},"point_estimate":0.02331921750440836,"standard_error":0.0027501781057288712},"slope":{"confidence_interval":{"confidence_level":0.95,"lower_bound":10.887791044613246,"upper_bound":10.925746675396173},"point_estimate":10.904424471012925,"standard_error":0.009743796772543669},"std_dev":{"confidence_interval":{"confidence_level":0.95,"lower_bound":0.05019919538398787,"upper_bound":0.17642379401468217},"point_estimate":0.11866933014330647,"standard_error":0.03321491722254749}}