{"mean":{"confidence_interval":{"confidence_level":0.95,"lower_bound":144.24334545785916,"upper_bound":144.6413959783676},"point_estimate":144.420054800152,"standard_error":0.10226179419653306},"median":{"confidence_interval":{"confidence_level":0.95,"lower_bound":144.00947234209372,"upper_bound":144.1590879439163},"point_estimate":144.08326469232873,"standard_error":0.03777600482351914},"median_abs_dev":{"confidence_interval":{"confidence_level":0.95,"lower_bound":0.15562958594640436,"upper_bound":0.33515320341547034},"point_estimate":0.22385487526779108,"standard_error":0.04487060882486673},"slope":{"confidence_interval":{"confidence_level":0.95,"lower_bound":143.96074804535283,"upper_bound":144.0061330930198},"point_estimate":143.98080344722908,"standard_error":0.011615621487890368},"std_dev":{"confidence_interval":{"confidence_level":0.95,"lower_bound":0.5281121694537556,"upper_bound":1.5222825246621288},"point_estimate":1.0305092281762103,"standard_error":0.2747760805524648}}