{"mean":{"confidence_interval":{"confidence_level":0.95,"lower_bound":146.4550812899967,"upper_bound":146.96643054700888},"point_estimate":146.67831475857068,"standard_error":0.13167759931893205},"median":{"confidence_interval":{"confidence_level":0.95,"lower_bound":146.2770588024124,"upper_bound":146.39239900440361},"point_estimate":146.33376841004412,"standard_error":0.027832470718829064},"median_abs_dev":{"confidence_interval":{"confidence_level":0.95,"lower_bound":0.19943713529604495,"upper_bound":0.3977050850894038},"point_estimate":0.2894846827972145,"standard_error":0.051067799074538206},"slope":{"confidence_interval":{"confidence_level":0.95,"lower_bound":146.20851831644458,"upper_bound":146.32532546005066},"point_estimate":146.26036110514357,"standard_error":0.02972520860104728},"std_dev":{"confidence_interval":{"confidence_level":0.95,"lower_bound":0.5452128857392862,"upper_bound":1.9855097028352005},"point_estimate":1.3189347236745494,"standard_error":0.3781862568993789}}