{"mean":{"confidence_interval":{"confidence_level":0.95,"lower_bound":106.54474034263947,"upper_bound":106.90053556162054},"point_estimate":106.69099001991493,"standard_error":0.0925244923941719},"median":{"confidence_interval":{"confidence_level":0.95,"lower_bound":106.43120865513083,"upper_bound":106.56604340316888},"point_estimate":106.49589815038624,"standard_error":0.03770292537082847},"median_abs_dev":{"confidence_interval":{"confidence_level":0.95,"lower_bound":0.1586260142256007,"upper_bound":0.28272746945482047},"point_estimate":0.18967256028851592,"standard_error":0.031175978085082556},"slope":{"confidence_interval":{"confidence_level":0.95,"lower_bound":106.43831528245049,"upper_bound":106.5659666515292},"point_estimate":106.49751147752235,"standard_error":0.032606990005979254},"std_dev":{"confidence_interval":{"confidence_level":0.95,"lower_bound":0.30573667137928323,"upper_bound":1.4898170926029852},"point_estimate":0.9312150199555558,"standard_error":0.35551886268794514}}