{"mean":{"confidence_interval":{"confidence_level":0.95,"lower_bound":129.47204062154086,"upper_bound":135.2500617287177},"point_estimate":131.9219041370994,"standard_error":1.4957910456042405},"median":{"confidence_interval":{"confidence_level":0.95,"lower_bound":127.383273234667,"upper_bound":130.48136549395878},"point_estimate":128.8628278251599,"standard_error":0.9056810691521585},"median_abs_dev":{"confidence_interval":{"confidence_level":0.95,"lower_bound":4.52812906125103,"upper_bound":7.70097510232997},"point_estimate":5.917237155370066,"standard_error":0.8634303217576447},"slope":{"confidence_interval":{"confidence_level":0.95,"lower_bound":128.88488729443543,"upper_bound":132.81611071140796},"point_estimate":130.72385457473763,"standard_error":1.009423792054629},"std_dev":{"confidence_interval":{"confidence_level":0.95,"lower_bound":6.562109475170566,"upper_bound":23.551075765440324},"point_estimate":15.110498532784156,"standard_error":5.235917430009101}}