{"mean":{"confidence_interval":{"confidence_level":0.95,"lower_bound":34.16498476262609,"upper_bound":34.3499672816486},"point_estimate":34.257587269403714,"standard_error":0.04734241156734616},"median":{"confidence_interval":{"confidence_level":0.95,"lower_bound":34.17103456879561,"upper_bound":34.37362114510224},"point_estimate":34.3144422415381,"standard_error":0.055660701366633716},"median_abs_dev":{"confidence_interval":{"confidence_level":0.95,"lower_bound":0.37340823806884,"upper_bound":0.6280452847497283},"point_estimate":0.49257575255220715,"standard_error":0.06668291419721616},"slope":{"confidence_interval":{"confidence_level":0.95,"lower_bound":34.238518738248025,"upper_bound":34.42835759171334},"point_estimate":34.33406843165782,"standard_error":0.048469319494862065},"std_dev":{"confidence_interval":{"confidence_level":0.95,"lower_bound":0.41390470880649666,"upper_bound":0.5287935944523132},"point_estimate":0.4749124743817953,"standard_error":0.029356613889029673}}