{"mean":{"confidence_interval":{"confidence_level":0.95,"lower_bound":30.43867597218286,"upper_bound":30.49587454282847},"point_estimate":30.46741888134694,"standard_error":0.014609456885808175},"median":{"confidence_interval":{"confidence_level":0.95,"lower_bound":30.440666104301958,"upper_bound":30.49779485287386},"point_estimate":30.470239401908472,"standard_error":0.0145885448998688},"median_abs_dev":{"confidence_interval":{"confidence_level":0.95,"lower_bound":0.09814050743536772,"upper_bound":0.1613852133895222},"point_estimate":0.13140235450881782,"standard_error":0.01586054146879332},"slope":{"confidence_interval":{"confidence_level":0.95,"lower_bound":30.426890997647707,"upper_bound":30.47229031767234},"point_estimate":30.44949893562747,"standard_error":0.011533116363269898},"std_dev":{"confidence_interval":{"confidence_level":0.95,"lower_bound":0.12164560942526872,"upper_bound":0.17159312128004547},"point_estimate":0.14738046377467542,"standard_error":0.012807210527710708}}