{"mean":{"confidence_interval":{"confidence_level":0.95,"lower_bound":15.347523591908223,"upper_bound":15.423042065379844},"point_estimate":15.384482906284543,"standard_error":0.019201315981747263},"median":{"confidence_interval":{"confidence_level":0.95,"lower_bound":15.315051504188213,"upper_bound":15.394101410866863},"point_estimate":15.34248786178199,"standard_error":0.01724719209186363},"median_abs_dev":{"confidence_interval":{"confidence_level":0.95,"lower_bound":0.12430366815086562,"upper_bound":0.2047734910821303},"point_estimate":0.15461789970016376,"standard_error":0.020336028071957602},"slope":{"confidence_interval":{"confidence_level":0.95,"lower_bound":15.250795362093445,"upper_bound":15.313339262540689},"point_estimate":15.2812224735004,"standard_error":0.015925219872520782},"std_dev":{"confidence_interval":{"confidence_level":0.95,"lower_bound":0.15913239997912113,"upper_bound":0.22251439651411875},"point_estimate":0.1927942685877895,"standard_error":0.01619961327999386}}