{"mean":{"confidence_interval":{"confidence_level":0.95,"lower_bound":2746.9388792526456,"upper_bound":2750.387491375241},"point_estimate":2748.4890864816225,"standard_error":0.8791278723141724},"median":{"confidence_interval":{"confidence_level":0.95,"lower_bound":2745.3271866295263,"upper_bound":2747.3651810584956},"point_estimate":2746.399077950802,"standard_error":0.44609548751642797},"median_abs_dev":{"confidence_interval":{"confidence_level":0.95,"lower_bound":2.884754759042012,"upper_bound":5.048426839845789},"point_estimate":3.7909089330956403,"standard_error":0.5216244612504172},"slope":{"confidence_interval":{"confidence_level":0.95,"lower_bound":2745.301066860286,"upper_bound":2747.0765360550386},"point_estimate":2746.1424469066455,"standard_error":0.4536092173772596},"std_dev":{"confidence_interval":{"confidence_level":0.95,"lower_bound":4.543101648467818,"upper_bound":12.678677139744876},"point_estimate":8.7963032105724,"standard_error":2.1576103451275714}}