{"mean":{"confidence_interval":{"confidence_level":0.95,"lower_bound":138.34388728114925,"upper_bound":138.7363495055817},"point_estimate":138.50703749248805,"standard_error":0.10194344825564064},"median":{"confidence_interval":{"confidence_level":0.95,"lower_bound":138.19741368849475,"upper_bound":138.31462110574947},"point_estimate":138.24134896105136,"standard_error":0.028297874061187982},"median_abs_dev":{"confidence_interval":{"confidence_level":0.95,"lower_bound":0.1561067885013727,"upper_bound":0.3193288624108178},"point_estimate":0.21444477962313313,"standard_error":0.037776349608266195},"slope":{"confidence_interval":{"confidence_level":0.95,"lower_bound":138.1883921910303,"upper_bound":138.3433818204566},"point_estimate":138.25923976962954,"standard_error":0.03984707532609772},"std_dev":{"confidence_interval":{"confidence_level":0.95,"lower_bound":0.3655260307338876,"upper_bound":1.636060592320829},"point_estimate":1.0285457871128165,"standard_error":0.38729569628404437}}