{"mean":{"confidence_interval":{"confidence_level":0.95,"lower_bound":75.54426285254529,"upper_bound":75.7612294443164},"point_estimate":75.63128474453062,"standard_error":0.057202184874628886},"median":{"confidence_interval":{"confidence_level":0.95,"lower_bound":75.47861579976818,"upper_bound":75.50938880706921},"point_estimate":75.49611518694365,"standard_error":0.0073711004015745915},"median_abs_dev":{"confidence_interval":{"confidence_level":0.95,"lower_bound":0.04472280890635762,"upper_bound":0.09901636373138649},"point_estimate":0.06845462682739621,"standard_error":0.014199453730862184},"slope":{"confidence_interval":{"confidence_level":0.95,"lower_bound":75.47080422401352,"upper_bound":75.54387360071483},"point_estimate":75.50313967795758,"standard_error":0.018755823650452398},"std_dev":{"confidence_interval":{"confidence_level":0.95,"lower_bound":0.17803948690943722,"upper_bound":0.9330322014407635},"point_estimate":0.5749542124386652,"standard_error":0.23908682119600136}}