{"mean":{"confidence_interval":{"confidence_level":0.95,"lower_bound":128.06835537197614,"upper_bound":128.69354909226564},"point_estimate":128.34508207191018,"standard_error":0.16089625834499532},"median":{"confidence_interval":{"confidence_level":0.95,"lower_bound":127.78248047553114,"upper_bound":128.05617551718598},"point_estimate":127.91397379413951,"standard_error":0.07128624029614987},"median_abs_dev":{"confidence_interval":{"confidence_level":0.95,"lower_bound":0.3497149114421793,"upper_bound":0.6384129016585384},"point_estimate":0.4602418847711288,"standard_error":0.07154200845962763},"slope":{"confidence_interval":{"confidence_level":0.95,"lower_bound":127.61682053175521,"upper_bound":127.75540175033339},"point_estimate":127.68370730470693,"standard_error":0.035301194659190994},"std_dev":{"confidence_interval":{"confidence_level":0.95,"lower_bound":0.7362561530107913,"upper_bound":2.3608517923806702},"point_estimate":1.6161227722594613,"standard_error":0.41881332786589}}