{"mean":{"confidence_interval":{"confidence_level":0.95,"lower_bound":130.63443413133527,"upper_bound":130.93553998203862},"point_estimate":130.76491046468522,"standard_error":0.07763768983912532},"median":{"confidence_interval":{"confidence_level":0.95,"lower_bound":130.48538495783467,"upper_bound":130.59996913627876},"point_estimate":130.52097361033128,"standard_error":0.03135833678470123},"median_abs_dev":{"confidence_interval":{"confidence_level":0.95,"lower_bound":0.12532092159244834,"upper_bound":0.26494365452054086},"point_estimate":0.1692077073361617,"standard_error":0.037878620799186406},"slope":{"confidence_interval":{"confidence_level":0.95,"lower_bound":130.44185250658668,"upper_bound":130.48207627146041},"point_estimate":130.45947000378217,"standard_error":0.010301466714115859},"std_dev":{"confidence_interval":{"confidence_level":0.95,"lower_bound":0.32507006462025445,"upper_bound":1.1995216591231108},"point_estimate":0.7842171398708792,"standard_error":0.24266471301705567}}