{"mean":{"confidence_interval":{"confidence_level":0.95,"lower_bound":93.24340899656899,"upper_bound":93.77894500671043},"point_estimate":93.44613558190377,"standard_error":0.14623110185209723},"median":{"confidence_interval":{"confidence_level":0.95,"lower_bound":93.13824423749114,"upper_bound":93.25097206574804},"point_estimate":93.19375305279405,"standard_error":0.02609094882229195},"median_abs_dev":{"confidence_interval":{"confidence_level":0.95,"lower_bound":0.16125662356531967,"upper_bound":0.28689035980446476},"point_estimate":0.2147879478700631,"standard_error":0.033224258214496045},"slope":{"confidence_interval":{"confidence_level":0.95,"lower_bound":93.05693998802529,"upper_bound":93.12062997719703},"point_estimate":93.08682766490158,"standard_error":0.016263190448947945},"std_dev":{"confidence_interval":{"confidence_level":0.95,"lower_bound":0.2777378268100549,"upper_bound":2.4559589079791544},"point_estimate":1.4701789974603718,"standard_error":0.7129414274232639}}