{"mean":{"confidence_interval":{"confidence_level":0.95,"lower_bound":478.9383749690909,"upper_bound":479.59304572141303},"point_estimate":479.28315661497186,"standard_error":0.16708934272427772},"median":{"confidence_interval":{"confidence_level":0.95,"lower_bound":479.49762859022894,"upper_bound":479.7753528540237},"point_estimate":479.60518802852175,"standard_error":0.06524477595659704},"median_abs_dev":{"confidence_interval":{"confidence_level":0.95,"lower_bound":0.38000295176884463,"upper_bound":0.6518070112620512},"point_estimate":0.4836427359957848,"standard_error":0.06874477389690495},"slope":{"confidence_interval":{"confidence_level":0.95,"lower_bound":479.62615159023284,"upper_bound":479.7981081844159},"point_estimate":479.71129793304465,"standard_error":0.043727862129727214},"std_dev":{"confidence_interval":{"confidence_level":0.95,"lower_bound":1.0253306125439858,"upper_bound":2.2316726593878737},"point_estimate":1.6823606104068194,"standard_error":0.3063011426720167}}