{"mean":{"confidence_interval":{"confidence_level":0.95,"lower_bound":5.695134876690493,"upper_bound":5.833139341242055},"point_estimate":5.760982171678113,"standard_error":0.03518423753301851},"median":{"confidence_interval":{"confidence_level":0.95,"lower_bound":5.634678844276573,"upper_bound":5.761967240701184},"point_estimate":5.7028600847000135,"standard_error":0.029669243865057798},"median_abs_dev":{"confidence_interval":{"confidence_level":0.95,"lower_bound":0.20030149194215782,"upper_bound":0.3292485611670785},"point_estimate":0.2721248698144212,"standard_error":0.03232143218478932},"slope":{"confidence_interval":{"confidence_level":0.95,"lower_bound":5.7134425238699444,"upper_bound":5.82502529663526},"point_estimate":5.768648957425999,"standard_error":0.028434089179902363},"std_dev":{"confidence_interval":{"confidence_level":0.95,"lower_bound":0.25600725554308595,"upper_bound":0.4551041537505803},"point_estimate":0.3533653209034133,"standard_error":0.052276340489348386}}