{"mean":{"confidence_interval":{"confidence_level":0.95,"lower_bound":41.74981168003111,"upper_bound":43.10573407383977},"point_estimate":42.3814428422308,"standard_error":0.3463077894198413},"median":{"confidence_interval":{"confidence_level":0.95,"lower_bound":41.12518579916555,"upper_bound":41.50740424029854},"point_estimate":41.40627143324406,"standard_error":0.11022781568088318},"median_abs_dev":{"confidence_interval":{"confidence_level":0.95,"lower_bound":0.7552125981718789,"upper_bound":1.4122318038055954},"point_estimate":1.0540627316921125,"standard_error":0.16279184752026524},"slope":{"confidence_interval":{"confidence_level":0.95,"lower_bound":41.143013785498646,"upper_bound":41.53472834170176},"point_estimate":41.32854971425498,"standard_error":0.09974320849736339},"std_dev":{"confidence_interval":{"confidence_level":0.95,"lower_bound":2.3081722393097195,"upper_bound":4.380628634565494},"point_estimate":3.4612790183363797,"standard_error":0.5282989384152197}}