{"mean":{"confidence_interval":{"confidence_level":0.95,"lower_bound":48.50086530967597,"upper_bound":49.2621025928232},"point_estimate":48.8517496693348,"standard_error":0.1932301670042509},"median":{"confidence_interval":{"confidence_level":0.95,"lower_bound":48.08950293827678,"upper_bound":48.48806201652428},"point_estimate":48.24559719955353,"standard_error":0.09194426144309224},"median_abs_dev":{"confidence_interval":{"confidence_level":0.95,"lower_bound":0.6126888905506833,"upper_bound":1.2180055826042162},"point_estimate":0.8391489958884182,"standard_error":0.14729226229945258},"slope":{"confidence_interval":{"confidence_level":0.95,"lower_bound":48.346011612038765,"upper_bound":48.942281432625514},"point_estimate":48.62985291212841,"standard_error":0.1519498856727121},"std_dev":{"confidence_interval":{"confidence_level":0.95,"lower_bound":1.2543719685943602,"upper_bound":2.713627094351178},"point_estimate":1.960721224183586,"standard_error":0.4059023595207136}}