{"mean":{"confidence_interval":{"confidence_level":0.95,"lower_bound":45.97619086516458,"upper_bound":46.09964042175075},"point_estimate":46.03167667711699,"standard_error":0.03165791940035507},"median":{"confidence_interval":{"confidence_level":0.95,"lower_bound":45.912901343738035,"upper_bound":45.9631595164731},"point_estimate":45.93225026119754,"standard_error":0.01166338439737224},"median_abs_dev":{"confidence_interval":{"confidence_level":0.95,"lower_bound":0.07001614045362174,"upper_bound":0.14264354870212287},"point_estimate":0.09751073029064464,"standard_error":0.019608379908767067},"slope":{"confidence_interval":{"confidence_level":0.95,"lower_bound":45.864495223378654,"upper_bound":45.89702085580629},"point_estimate":45.87961812279122,"standard_error":0.008318798796836193},"std_dev":{"confidence_interval":{"confidence_level":0.95,"lower_bound":0.17653162293298383,"upper_bound":0.46057007275848066},"point_estimate":0.3196990828110157,"standard_error":0.07740585287769493}}