{"mean":{"confidence_interval":{"confidence_level":0.95,"lower_bound":59.38632782089468,"upper_bound":59.535020293368596},"point_estimate":59.452839484983095,"standard_error":0.038160851445361445},"median":{"confidence_interval":{"confidence_level":0.95,"lower_bound":59.33573038990458,"upper_bound":59.44323467068075},"point_estimate":59.400125958107765,"standard_error":0.02874614626046249},"median_abs_dev":{"confidence_interval":{"confidence_level":0.95,"lower_bound":0.14999180265274933,"upper_bound":0.25260282152011376},"point_estimate":0.18473236952434727,"standard_error":0.026863385841820624},"slope":{"confidence_interval":{"confidence_level":0.95,"lower_bound":59.339266203471944,"upper_bound":59.43079239222383},"point_estimate":59.38548577455619,"standard_error":0.02338039873686282},"std_dev":{"confidence_interval":{"confidence_level":0.95,"lower_bound":0.21849525326290306,"upper_bound":0.5625365959328931},"point_estimate":0.3829898190789734,"standard_error":0.10237461549273347}}