{"mean":{"confidence_interval":{"confidence_level":0.95,"lower_bound":53.64578291256202,"upper_bound":55.48252319763684},"point_estimate":54.56564368360805,"standard_error":0.46744553472540257},"median":{"confidence_interval":{"confidence_level":0.95,"lower_bound":53.793431224855624,"upper_bound":56.20189162273699},"point_estimate":55.12415777425458,"standard_error":0.6306392989557795},"median_abs_dev":{"confidence_interval":{"confidence_level":0.95,"lower_bound":3.772829769623054,"upper_bound":5.9238290147430135},"point_estimate":4.832079859484936,"standard_error":0.5535301379269905},"slope":{"confidence_interval":{"confidence_level":0.95,"lower_bound":55.42121439133965,"upper_bound":57.11883168667279},"point_estimate":56.2871255340066,"standard_error":0.43336386143556593},"std_dev":{"confidence_interval":{"confidence_level":0.95,"lower_bound":4.033121431024994,"upper_bound":5.341873795257186},"point_estimate":4.7047118260705,"standard_error":0.33397343491633125}}