{"mean":{"confidence_interval":{"confidence_level":0.95,"lower_bound":45.72626057454427,"upper_bound":45.84822125460286},"point_estimate":45.78189235258822,"standard_error":0.031252946593974214},"median":{"confidence_interval":{"confidence_level":0.95,"lower_bound":45.69355157662146,"upper_bound":45.765718876624284},"point_estimate":45.733651889806126,"standard_error":0.01874653611739512},"median_abs_dev":{"confidence_interval":{"confidence_level":0.95,"lower_bound":0.11618224412644657,"upper_bound":0.2044769062986652},"point_estimate":0.15056217961129467,"standard_error":0.02140341606020452},"slope":{"confidence_interval":{"confidence_level":0.95,"lower_bound":45.59222302719365,"upper_bound":45.656201466080276},"point_estimate":45.62265496632809,"standard_error":0.01635015817155957},"std_dev":{"confidence_interval":{"confidence_level":0.95,"lower_bound":0.18273336494406822,"upper_bound":0.447421193344901},"point_estimate":0.3159317280334618,"standard_error":0.07070999612488865}}