{"mean":{"confidence_interval":{"confidence_level":0.95,"lower_bound":15.707157833570967,"upper_bound":15.76771230896852},"point_estimate":15.737470490841785,"standard_error":0.015449287409415409},"median":{"confidence_interval":{"confidence_level":0.95,"lower_bound":15.698546305413503,"upper_bound":15.76620715941937},"point_estimate":15.732227093613545,"standard_error":0.015769144200536395},"median_abs_dev":{"confidence_interval":{"confidence_level":0.95,"lower_bound":0.11018211651522009,"upper_bound":0.1806333616132543},"point_estimate":0.15435913438370552,"standard_error":0.01812726419860217},"slope":{"confidence_interval":{"confidence_level":0.95,"lower_bound":15.661571631340248,"upper_bound":15.757754627208366},"point_estimate":15.710735645102526,"standard_error":0.024549237949433873},"std_dev":{"confidence_interval":{"confidence_level":0.95,"lower_bound":0.1288677852296707,"upper_bound":0.17958948276231224},"point_estimate":0.15511668925936284,"standard_error":0.012981218726782368}}