{"mean":{"confidence_interval":{"confidence_level":0.95,"lower_bound":50.35069640728221,"upper_bound":51.58134904296532},"point_estimate":50.856360734356855,"standard_error":0.3200247801942634},"median":{"confidence_interval":{"confidence_level":0.95,"lower_bound":50.18796159887924,"upper_bound":50.5349995456817},"point_estimate":50.41379793973981,"standard_error":0.10422214986451159},"median_abs_dev":{"confidence_interval":{"confidence_level":0.95,"lower_bound":0.46500031380928714,"upper_bound":0.8524024512423523},"point_estimate":0.573824655888628,"standard_error":0.09815533253723012},"slope":{"confidence_interval":{"confidence_level":0.95,"lower_bound":49.94910891159806,"upper_bound":50.19573821358982},"point_estimate":50.0738666923373,"standard_error":0.06287657520752374},"std_dev":{"confidence_interval":{"confidence_level":0.95,"lower_bound":1.0286876907511042,"upper_bound":5.1542121427714624},"point_estimate":3.2170009618972504,"standard_error":1.2230248678221556}}