{"mean":{"confidence_interval":{"confidence_level":0.95,"lower_bound":55.25159052664016,"upper_bound":55.53387096800779},"point_estimate":55.37010098864254,"standard_error":0.07326334954422532},"median":{"confidence_interval":{"confidence_level":0.95,"lower_bound":55.143180421830365,"upper_bound":55.21517465627265},"point_estimate":55.17395966458287,"standard_error":0.02138017372186918},"median_abs_dev":{"confidence_interval":{"confidence_level":0.95,"lower_bound":0.08717205860113782,"upper_bound":0.18085111905572793},"point_estimate":0.12542621298865483,"standard_error":0.025448465983524036},"slope":{"confidence_interval":{"confidence_level":0.95,"lower_bound":55.13917487059655,"upper_bound":55.221618693037286},"point_estimate":55.17627508942548,"standard_error":0.021259747150681352},"std_dev":{"confidence_interval":{"confidence_level":0.95,"lower_bound":0.2345611913902512,"upper_bound":1.1591986579986209},"point_estimate":0.7359645943253738,"standard_error":0.2575829010199484}}