{"mean":{"confidence_interval":{"confidence_level":0.95,"lower_bound":371.8317868445151,"upper_bound":374.52265113312615},"point_estimate":373.27475954672525,"standard_error":0.6885748311344492},"median":{"confidence_interval":{"confidence_level":0.95,"lower_bound":372.91985114300905,"upper_bound":375.7519936204147},"point_estimate":373.7948805309079,"standard_error":0.7074676142745575},"median_abs_dev":{"confidence_interval":{"confidence_level":0.95,"lower_bound":2.920868519660862,"upper_bound":5.13818292220581},"point_estimate":4.08153449087499,"standard_error":0.5357331102837688},"slope":{"confidence_interval":{"confidence_level":0.95,"lower_bound":371.0967637002038,"upper_bound":373.05165880400085},"point_estimate":372.11467502131205,"standard_error":0.4998081238283399},"std_dev":{"confidence_interval":{"confidence_level":0.95,"lower_bound":4.35837492566979,"upper_bound":9.369032730868385},"point_estimate":6.946184149537504,"standard_error":1.3017541739851424}}