{"mean":{"confidence_interval":{"confidence_level":0.95,"lower_bound":694.93579490157,"upper_bound":716.3864529722771},"point_estimate":705.0146778753109,"standard_error":5.476093320730822},"median":{"confidence_interval":{"confidence_level":0.95,"lower_bound":689.3491458206223,"upper_bound":704.261524196397},"point_estimate":697.1463533573577,"standard_error":3.6866624626912143},"median_abs_dev":{"confidence_interval":{"confidence_level":0.95,"lower_bound":27.568587882310165,"upper_bound":44.941309110179034},"point_estimate":37.84853406292068,"standard_error":4.266830248936581},"slope":{"confidence_interval":{"confidence_level":0.95,"lower_bound":695.9336326084531,"upper_bound":708.4193774149298},"point_estimate":702.2597216133764,"standard_error":3.1874110101224167},"std_dev":{"confidence_interval":{"confidence_level":0.95,"lower_bound":35.69498477162618,"upper_bound":73.18458966623112},"point_estimate":55.22003947812236,"standard_error":9.74087484186783}}