{"mean":{"confidence_interval":{"confidence_level":0.95,"lower_bound":14.057253867404475,"upper_bound":14.23314099074225},"point_estimate":14.144114697472974,"standard_error":0.04490588496337958},"median":{"confidence_interval":{"confidence_level":0.95,"lower_bound":14.048093458088156,"upper_bound":14.225899064580982},"point_estimate":14.142012746613208,"standard_error":0.05109480050663339},"median_abs_dev":{"confidence_interval":{"confidence_level":0.95,"lower_bound":0.2592844374737404,"upper_bound":0.4075138033705935},"point_estimate":0.31621361166285367,"standard_error":0.037543448675758526},"slope":{"confidence_interval":{"confidence_level":0.95,"lower_bound":14.142212780015011,"upper_bound":14.29584640564643},"point_estimate":14.218887794735206,"standard_error":0.03907579860278226},"std_dev":{"confidence_interval":{"confidence_level":0.95,"lower_bound":0.3571415264109306,"upper_bound":0.5333030598610804},"point_estimate":0.44939313425234945,"standard_error":0.04500452154386764}}