{"mean":{"confidence_interval":{"confidence_level":0.95,"lower_bound":13.68123045276172,"upper_bound":13.836275150411796},"point_estimate":13.75401361470873,"standard_error":0.03952418885597233},"median":{"confidence_interval":{"confidence_level":0.95,"lower_bound":13.628801183096066,"upper_bound":13.77787838152058},"point_estimate":13.682187496377757,"standard_error":0.04136577422634862},"median_abs_dev":{"confidence_interval":{"confidence_level":0.95,"lower_bound":0.21772296007962183,"upper_bound":0.33706639661354904},"point_estimate":0.2728989685342267,"standard_error":0.03049125722093533},"slope":{"confidence_interval":{"confidence_level":0.95,"lower_bound":13.719222302778974,"upper_bound":13.897181123613773},"point_estimate":13.80331893219925,"standard_error":0.04548601117132032},"std_dev":{"confidence_interval":{"confidence_level":0.95,"lower_bound":0.26958345936463085,"upper_bound":0.5139334375946872},"point_estimate":0.39587501156565086,"standard_error":0.06312336054877037}}