{"mean":{"confidence_interval":{"confidence_level":0.95,"lower_bound":11.729416011515598,"upper_bound":11.732975022147782},"point_estimate":11.730927305704132,"standard_error":0.0009172444960128036},"median":{"confidence_interval":{"confidence_level":0.95,"lower_bound":11.728484596790658,"upper_bound":11.72990001297578},"point_estimate":11.729250423546551,"standard_error":0.00037930633532648407},"median_abs_dev":{"confidence_interval":{"confidence_level":0.95,"lower_bound":0.0017554483612888534,"upper_bound":0.0032596279330057497},"point_estimate":0.002253970540035564,"standard_error":0.00037833123324450334},"slope":{"confidence_interval":{"confidence_level":0.95,"lower_bound":11.729199879204451,"upper_bound":11.731271503562617},"point_estimate":11.730105964451532,"standard_error":0.0005322726781436742},"std_dev":{"confidence_interval":{"confidence_level":0.95,"lower_bound":0.0032367675175831215,"upper_bound":0.014463837826426766},"point_estimate":0.009215483883924059,"standard_error":0.003102120751548897}}