{"mean":{"confidence_interval":{"confidence_level":0.95,"lower_bound":17.09517181111741,"upper_bound":17.097583066598006},"point_estimate":17.0962733580218,"standard_error":0.0006140682355384},"median":{"confidence_interval":{"confidence_level":0.95,"lower_bound":17.09419190071372,"upper_bound":17.095690179085206},"point_estimate":17.094925279219645,"standard_error":0.00038419694345701515},"median_abs_dev":{"confidence_interval":{"confidence_level":0.95,"lower_bound":0.0017488734295097053,"upper_bound":0.003060256108712551},"point_estimate":0.002461681042199008,"standard_error":0.0003411431433109217},"slope":{"confidence_interval":{"confidence_level":0.95,"lower_bound":17.095265500595325,"upper_bound":17.097347044731947},"point_estimate":17.09618729944619,"standard_error":0.0005346461412614289},"std_dev":{"confidence_interval":{"confidence_level":0.95,"lower_bound":0.003150614723335708,"upper_bound":0.008496176864321178},"point_estimate":0.006173013498570771,"standard_error":0.0013234890596126652}}