{"mean":{"confidence_interval":{"confidence_level":0.95,"lower_bound":21.13917275110755,"upper_bound":21.579555137695724},"point_estimate":21.3561854710362,"standard_error":0.1122611704723283},"median":{"confidence_interval":{"confidence_level":0.95,"lower_bound":21.064151478842152,"upper_bound":21.5933503942515},"point_estimate":21.248236638779282,"standard_error":0.11684715512698722},"median_abs_dev":{"confidence_interval":{"confidence_level":0.95,"lower_bound":0.8354819311416365,"upper_bound":1.2993597751402515},"point_estimate":1.074005325322985,"standard_error":0.12025855679808993},"slope":{"confidence_interval":{"confidence_level":0.95,"lower_bound":21.567578501417962,"upper_bound":21.95176061655515},"point_estimate":21.760200991971878,"standard_error":0.09774942338133069},"std_dev":{"confidence_interval":{"confidence_level":0.95,"lower_bound":0.9388111377137783,"upper_bound":1.3171634661804532},"point_estimate":1.130149296714077,"standard_error":0.0973206471715359}}