{"mean":{"confidence_interval":{"confidence_level":0.95,"lower_bound":20.474778612467787,"upper_bound":20.71729311965245},"point_estimate":20.594971551549733,"standard_error":0.06194662515380393},"median":{"confidence_interval":{"confidence_level":0.95,"lower_bound":20.406140822775026,"upper_bound":20.67603360583493},"point_estimate":20.56194810521707,"standard_error":0.06440121084983373},"median_abs_dev":{"confidence_interval":{"confidence_level":0.95,"lower_bound":0.41092119496150215,"upper_bound":0.7639206735970157},"point_estimate":0.5569854368385304,"standard_error":0.09455107379149673},"slope":{"confidence_interval":{"confidence_level":0.95,"lower_bound":20.55008652570649,"upper_bound":20.824677767055014},"point_estimate":20.685249032399813,"standard_error":0.06984993359130223},"std_dev":{"confidence_interval":{"confidence_level":0.95,"lower_bound":0.5357261754544381,"upper_bound":0.7006955077613329},"point_estimate":0.6224121826090909,"standard_error":0.04218679492017231}}