{"mean":{"confidence_interval":{"confidence_level":0.95,"lower_bound":26054.29323200094,"upper_bound":26189.939911898357},"point_estimate":26125.280262198365,"standard_error":34.57580658484308},"median":{"confidence_interval":{"confidence_level":0.95,"lower_bound":26167.46706420195,"upper_bound":26249.281182094743},"point_estimate":26211.993229166666,"standard_error":22.542345123363077},"median_abs_dev":{"confidence_interval":{"confidence_level":0.95,"lower_bound":151.22146708995456,"upper_bound":268.72275720474295},"point_estimate":201.44303061094575,"standard_error":30.874746812729445},"slope":{"confidence_interval":{"confidence_level":0.95,"lower_bound":26153.97593034259,"upper_bound":26241.044448672877},"point_estimate":26201.052210311733,"standard_error":22.198046043577786},"std_dev":{"confidence_interval":{"confidence_level":0.95,"lower_bound":261.2084239814495,"upper_bound":426.63052562536166},"point_estimate":348.60409970920387,"standard_error":42.26494476108102}}