{"mean":{"confidence_interval":{"confidence_level":0.95,"lower_bound":30377.339986977815,"upper_bound":31027.387295990728},"point_estimate":30690.581679145125,"standard_error":165.7060601771095},"median":{"confidence_interval":{"confidence_level":0.95,"lower_bound":30026.801143009037,"upper_bound":30725.503787878788},"point_estimate":30429.360411810412,"standard_error":167.11462955270034},"median_abs_dev":{"confidence_interval":{"confidence_level":0.95,"lower_bound":944.4158609429356,"upper_bound":1725.9105892377497},"point_estimate":1288.7886598157895,"standard_error":213.7942089079723},"slope":{"confidence_interval":{"confidence_level":0.95,"lower_bound":30609.889969021428,"upper_bound":31454.137651983896},"point_estimate":31013.061824719785,"standard_error":214.78006326257892},"std_dev":{"confidence_interval":{"confidence_level":0.95,"lower_bound":1285.8355763297213,"upper_bound":2042.5316619946466},"point_estimate":1665.1405461298784,"standard_error":195.75767151059662}}