{"mean":{"confidence_interval":{"confidence_level":0.95,"lower_bound":4097.592312199523,"upper_bound":4207.211394293761},"point_estimate":4149.281828234678,"standard_error":28.06026047910998},"median":{"confidence_interval":{"confidence_level":0.95,"lower_bound":4073.8513410931173,"upper_bound":4161.450568107614},"point_estimate":4129.917926225821,"standard_error":19.918540943300556},"median_abs_dev":{"confidence_interval":{"confidence_level":0.95,"lower_bound":162.08792947806515,"upper_bound":260.56782599975156},"point_estimate":224.19946997040662,"standard_error":25.204414003871438},"slope":{"confidence_interval":{"confidence_level":0.95,"lower_bound":4162.992887053298,"upper_bound":4267.675816627233},"point_estimate":4215.200494517033,"standard_error":26.783656765710408},"std_dev":{"confidence_interval":{"confidence_level":0.95,"lower_bound":195.33829548667438,"upper_bound":375.7911158147859},"point_estimate":282.0287861306982,"standard_error":48.34395961649409}}