{"mean":{"confidence_interval":{"confidence_level":0.95,"lower_bound":3402.3238851864417,"upper_bound":3418.336522829711},"point_estimate":3411.168665094917,"standard_error":4.1294718598412326},"median":{"confidence_interval":{"confidence_level":0.95,"lower_bound":3409.5028200346437,"upper_bound":3413.0673217981953},"point_estimate":3411.1665534641106,"standard_error":1.0682132782314302},"median_abs_dev":{"confidence_interval":{"confidence_level":0.95,"lower_bound":7.944922943141788,"upper_bound":14.798590018715725},"point_estimate":11.365403722622464,"standard_error":1.824887527924895},"slope":{"confidence_interval":{"confidence_level":0.95,"lower_bound":3408.598625674479,"upper_bound":3413.235864987684},"point_estimate":3410.762104979847,"standard_error":1.182635749406802},"std_dev":{"confidence_interval":{"confidence_level":0.95,"lower_bound":16.727949263709316,"upper_bound":59.26752306087404},"point_estimate":41.398233004791656,"standard_error":10.47920562721688}}