{"mean":{"confidence_interval":{"confidence_level":0.95,"lower_bound":3960.8470411636154,"upper_bound":3998.3542970954745},"point_estimate":3977.17443562008,"standard_error":10.014245872658279},"median":{"confidence_interval":{"confidence_level":0.95,"lower_bound":3953.8461672778067,"upper_bound":3956.313224992995},"point_estimate":3954.9071444988213,"standard_error":0.6822233590675929},"median_abs_dev":{"confidence_interval":{"confidence_level":0.95,"lower_bound":5.362000404364825,"upper_bound":10.97262781499623},"point_estimate":7.840605580865495,"standard_error":1.4395799335183468},"slope":{"confidence_interval":{"confidence_level":0.95,"lower_bound":3955.8917873564387,"upper_bound":3960.041621243322},"point_estimate":3957.8918869448535,"standard_error":1.055206238762438},"std_dev":{"confidence_interval":{"confidence_level":0.95,"lower_bound":49.43314225508255,"upper_bound":140.367469709169},"point_estimate":100.04555430124293,"standard_error":25.54225925254576}}