{"mean":{"confidence_interval":{"confidence_level":0.95,"lower_bound":4335.832731302818,"upper_bound":4425.775462039889},"point_estimate":4379.539337922427,"standard_error":22.926130686782564},"median":{"confidence_interval":{"confidence_level":0.95,"lower_bound":4293.556323385518,"upper_bound":4409.72909074344},"point_estimate":4359.822887597204,"standard_error":30.04097492961512},"median_abs_dev":{"confidence_interval":{"confidence_level":0.95,"lower_bound":166.46080219458358,"upper_bound":256.09647623463013},"point_estimate":213.61600122400466,"standard_error":21.505179213376334},"slope":{"confidence_interval":{"confidence_level":0.95,"lower_bound":4388.483547863358,"upper_bound":4464.392537910123},"point_estimate":4427.064351580148,"standard_error":19.305386515798702},"std_dev":{"confidence_interval":{"confidence_level":0.95,"lower_bound":184.46898244153556,"upper_bound":277.5838213298427},"point_estimate":231.22400442836073,"standard_error":23.9101336910848}}