{"mean":{"confidence_interval":{"confidence_level":0.95,"lower_bound":3894.3812679927023,"upper_bound":3901.048254891856},"point_estimate":3897.4962463076313,"standard_error":1.7117925316780862},"median":{"confidence_interval":{"confidence_level":0.95,"lower_bound":3889.860024533188,"upper_bound":3891.4553621780615},"point_estimate":3890.3749769360247,"standard_error":0.4728263594001576},"median_abs_dev":{"confidence_interval":{"confidence_level":0.95,"lower_bound":2.376120053871902,"upper_bound":5.164863274319642},"point_estimate":3.569204235927336,"standard_error":0.7705789335369425},"slope":{"confidence_interval":{"confidence_level":0.95,"lower_bound":3888.8414704036063,"upper_bound":3890.135570650566},"point_estimate":3889.4095500542917,"standard_error":0.33086648956450665},"std_dev":{"confidence_interval":{"confidence_level":0.95,"lower_bound":11.985212722497758,"upper_bound":21.773076712469813},"point_estimate":17.179174418747998,"standard_error":2.5041945953469265}}