{"mean":{"confidence_interval":{"confidence_level":0.95,"lower_bound":4071.6265204549704,"upper_bound":4076.618197173464},"point_estimate":4074.045769307933,"standard_error":1.265445742176191},"median":{"confidence_interval":{"confidence_level":0.95,"lower_bound":4070.8870124419864,"upper_bound":4073.3858524516418},"point_estimate":4072.2163307677474,"standard_error":0.6874142564566055},"median_abs_dev":{"confidence_interval":{"confidence_level":0.95,"lower_bound":3.801326285684932,"upper_bound":7.030236748980055},"point_estimate":5.424355569033201,"standard_error":0.8544939230135749},"slope":{"confidence_interval":{"confidence_level":0.95,"lower_bound":4069.879629866767,"upper_bound":4071.750624918661},"point_estimate":4070.8381247408684,"standard_error":0.47646878292973477},"std_dev":{"confidence_interval":{"confidence_level":0.95,"lower_bound":8.765636768593394,"upper_bound":16.094201251668643},"point_estimate":12.684045409225966,"standard_error":1.8692915294331875}}