{"mean":{"confidence_interval":{"confidence_level":0.95,"lower_bound":18578.50893907568,"upper_bound":18991.18977504058},"point_estimate":18792.21368479721,"standard_error":105.59895633528137},"median":{"confidence_interval":{"confidence_level":0.95,"lower_bound":19096.569182389936,"upper_bound":19374.40162037037},"point_estimate":19283.04431818182,"standard_error":73.70336424252636},"median_abs_dev":{"confidence_interval":{"confidence_level":0.95,"lower_bound":158.70548882563023,"upper_bound":482.9432091667276},"point_estimate":287.91227756476087,"standard_error":87.60721959921426},"slope":{"confidence_interval":{"confidence_level":0.95,"lower_bound":19168.28183118858,"upper_bound":19280.3793152018},"point_estimate":19225.365440563957,"standard_error":28.67738751235479},"std_dev":{"confidence_interval":{"confidence_level":0.95,"lower_bound":868.9803914201175,"upper_bound":1202.9568207572652},"point_estimate":1061.2470527933851,"standard_error":86.53565709410256}}