{"mean":{"confidence_interval":{"confidence_level":0.95,"lower_bound":37.21329505571449,"upper_bound":37.28798872874003},"point_estimate":37.250774170249485,"standard_error":0.019059221559175256},"median":{"confidence_interval":{"confidence_level":0.95,"lower_bound":37.21787258056769,"upper_bound":37.29089265723357},"point_estimate":37.24954293417894,"standard_error":0.02093401977780416},"median_abs_dev":{"confidence_interval":{"confidence_level":0.95,"lower_bound":0.11141087586465366,"upper_bound":0.2096568027327247},"point_estimate":0.1623700773261745,"standard_error":0.024249496093917137},"slope":{"confidence_interval":{"confidence_level":0.95,"lower_bound":37.16395774465324,"upper_bound":37.25634081019295},"point_estimate":37.21137565530415,"standard_error":0.023555098441006374},"std_dev":{"confidence_interval":{"confidence_level":0.95,"lower_bound":0.15802171468071283,"upper_bound":0.22142531891705242},"point_estimate":0.19143861490900116,"standard_error":0.016236050476541572}}