{"mean":{"confidence_interval":{"confidence_level":0.95,"lower_bound":5118.0644217624385,"upper_bound":5263.952669609373},"point_estimate":5190.688466613039,"standard_error":37.09835546177877},"median":{"confidence_interval":{"confidence_level":0.95,"lower_bound":5067.366746794872,"upper_bound":5257.977241009125},"point_estimate":5136.746145469222,"standard_error":56.9755168632798},"median_abs_dev":{"confidence_interval":{"confidence_level":0.95,"lower_bound":267.6802659354792,"upper_bound":439.1329765043927},"point_estimate":357.8441656679163,"standard_error":45.07039436022364},"slope":{"confidence_interval":{"confidence_level":0.95,"lower_bound":5085.331223288901,"upper_bound":5264.663618744838},"point_estimate":5172.654756923684,"standard_error":45.813198530721394},"std_dev":{"confidence_interval":{"confidence_level":0.95,"lower_bound":309.8220517037429,"upper_bound":431.11157160055615},"point_estimate":372.9836029341661,"standard_error":30.943910851602496}}