{"mean":{"confidence_interval":{"confidence_level":0.95,"lower_bound":669.3217561547361,"upper_bound":676.5683802712546},"point_estimate":672.8449812141237,"standard_error":1.850323674838725},"median":{"confidence_interval":{"confidence_level":0.95,"lower_bound":667.7590395099304,"upper_bound":674.8873590205861},"point_estimate":671.0722078830596,"standard_error":1.746778103811063},"median_abs_dev":{"confidence_interval":{"confidence_level":0.95,"lower_bound":9.48614643885729,"upper_bound":18.470254564998346},"point_estimate":13.706502538040695,"standard_error":2.280949063426462},"slope":{"confidence_interval":{"confidence_level":0.95,"lower_bound":671.2418684458105,"upper_bound":677.7663546088464},"point_estimate":674.4418694492506,"standard_error":1.661863134950431},"std_dev":{"confidence_interval":{"confidence_level":0.95,"lower_bound":14.283586034539452,"upper_bound":23.27061488468767},"point_estimate":18.676850452563947,"standard_error":2.32781032303853}}