{"mean":{"confidence_interval":{"confidence_level":0.95,"lower_bound":373.06236345565276,"upper_bound":375.52103804987405},"point_estimate":374.1012488213903,"standard_error":0.6360624299323441},"median":{"confidence_interval":{"confidence_level":0.95,"lower_bound":372.25286863815944,"upper_bound":373.07523602719033},"point_estimate":372.65443309180444,"standard_error":0.19697958648594438},"median_abs_dev":{"confidence_interval":{"confidence_level":0.95,"lower_bound":0.8477218195540349,"upper_bound":1.4524436769034783},"point_estimate":1.1111615981356624,"standard_error":0.14456576006907776},"slope":{"confidence_interval":{"confidence_level":0.95,"lower_bound":372.38699474343707,"upper_bound":373.1320498321082},"point_estimate":372.70511265239116,"standard_error":0.19018972563153258},"std_dev":{"confidence_interval":{"confidence_level":0.95,"lower_bound":2.057976527421342,"upper_bound":10.007149443317775},"point_estimate":6.382790597257298,"standard_error":2.156477918185377}}