{"mean":{"confidence_interval":{"confidence_level":0.95,"lower_bound":591.0520844979387,"upper_bound":592.7000111393058},"point_estimate":591.7594550834998,"standard_error":0.4263063315885123},"median":{"confidence_interval":{"confidence_level":0.95,"lower_bound":590.565932139727,"upper_bound":590.7882568011403},"point_estimate":590.6672187772574,"standard_error":0.0561535891797988},"median_abs_dev":{"confidence_interval":{"confidence_level":0.95,"lower_bound":0.30845887504306035,"upper_bound":0.5854529484940227},"point_estimate":0.46495319046785566,"standard_error":0.07079662033663858},"slope":{"confidence_interval":{"confidence_level":0.95,"lower_bound":590.4511359555883,"upper_bound":590.5688482202914},"point_estimate":590.5049204321585,"standard_error":0.030081858381953097},"std_dev":{"confidence_interval":{"confidence_level":0.95,"lower_bound":1.3100044302989458,"upper_bound":6.642862710797384},"point_estimate":4.307669087978809,"standard_error":1.3746413206080554}}