{"mean":{"confidence_interval":{"confidence_level":0.95,"lower_bound":654.9953557513982,"upper_bound":656.543060300467},"point_estimate":655.7254111418912,"standard_error":0.39111322718742286},"median":{"confidence_interval":{"confidence_level":0.95,"lower_bound":655.027910706104,"upper_bound":655.2519565342059},"point_estimate":655.1093659443491,"standard_error":0.05494278094610856},"median_abs_dev":{"confidence_interval":{"confidence_level":0.95,"lower_bound":0.29164437511743807,"upper_bound":0.6329244872798457},"point_estimate":0.44468679542096284,"standard_error":0.09051042177058181},"slope":{"confidence_interval":{"confidence_level":0.95,"lower_bound":654.9399866885402,"upper_bound":655.0729175457609},"point_estimate":654.9991913788808,"standard_error":0.033994651861650536},"std_dev":{"confidence_interval":{"confidence_level":0.95,"lower_bound":1.1619556116949552,"upper_bound":6.028139944206314},"point_estimate":3.931693270384723,"standard_error":1.2477015697747906}}