{"mean":{"confidence_interval":{"confidence_level":0.95,"lower_bound":10.873628083429704,"upper_bound":11.130431577922058},"point_estimate":10.98913224912609,"standard_error":0.06593984990859372},"median":{"confidence_interval":{"confidence_level":0.95,"lower_bound":10.762394328946206,"upper_bound":10.936092954782886},"point_estimate":10.817200625954001,"standard_error":0.0460846925597642},"median_abs_dev":{"confidence_interval":{"confidence_level":0.95,"lower_bound":0.28875870517965846,"upper_bound":0.4536113385361693},"point_estimate":0.3843407678512115,"standard_error":0.04111973846346057},"slope":{"confidence_interval":{"confidence_level":0.95,"lower_bound":10.907681418543664,"upper_bound":11.19865816890339},"point_estimate":11.050810834104876,"standard_error":0.07448881287313937},"std_dev":{"confidence_interval":{"confidence_level":0.95,"lower_bound":0.3854016504376274,"upper_bound":0.9626539543261352},"point_estimate":0.6619178870218214,"standard_error":0.1708623569143027}}