{"mean":{"confidence_interval":{"confidence_level":0.95,"lower_bound":33886.02242706153,"upper_bound":34949.367047538144},"point_estimate":34407.049974759604,"standard_error":271.8175408994762},"median":{"confidence_interval":{"confidence_level":0.95,"lower_bound":33662.72131147541,"upper_bound":34845.71929824561},"point_estimate":34382.09544159544,"standard_error":348.22125710591087},"median_abs_dev":{"confidence_interval":{"confidence_level":0.95,"lower_bound":1969.894892805154,"upper_bound":3370.757147584959},"point_estimate":2592.8960946591988,"standard_error":356.7856793707166},"slope":{"confidence_interval":{"confidence_level":0.95,"lower_bound":32807.63459284701,"upper_bound":33704.76161633976},"point_estimate":33246.009974878085,"standard_error":228.56467784196047},"std_dev":{"confidence_interval":{"confidence_level":0.95,"lower_bound":2242.285273169645,"upper_bound":3252.458188616789},"point_estimate":2735.8663524625795,"standard_error":261.68199768464814}}