{"mean":{"confidence_interval":{"confidence_level":0.95,"lower_bound":49.843427715688314,"upper_bound":51.32091827290652},"point_estimate":50.583756282357825,"standard_error":0.37777118712052016},"median":{"confidence_interval":{"confidence_level":0.95,"lower_bound":47.58864361665064,"upper_bound":54.32088072525673},"point_estimate":48.12292187253776,"standard_error":2.4756381283338804},"median_abs_dev":{"confidence_interval":{"confidence_level":0.95,"lower_bound":1.0638505716744169,"upper_bound":5.388346651494056},"point_estimate":2.8663768770049534,"standard_error":1.0550769519307301},"slope":{"confidence_interval":{"confidence_level":0.95,"lower_bound":51.41526622538126,"upper_bound":53.20998319049122},"point_estimate":52.35573656562386,"standard_error":0.4611823612141307},"std_dev":{"confidence_interval":{"confidence_level":0.95,"lower_bound":3.6503956751105906,"upper_bound":3.892001139916054},"point_estimate":3.8041001199265065,"standard_error":0.06128132483070647}}