{"mean":{"confidence_interval":{"confidence_level":0.95,"lower_bound":42.762501201651894,"upper_bound":43.87902704112872},"point_estimate":43.294934201393055,"standard_error":0.28429529284831456},"median":{"confidence_interval":{"confidence_level":0.95,"lower_bound":42.119054669189424,"upper_bound":42.505115562812676},"point_estimate":42.26515445539769,"standard_error":0.09611494085345207},"median_abs_dev":{"confidence_interval":{"confidence_level":0.95,"lower_bound":0.67665280690194,"upper_bound":1.0495552626587241},"point_estimate":0.8631575757000179,"standard_error":0.09387811641080611},"slope":{"confidence_interval":{"confidence_level":0.95,"lower_bound":43.3071854230123,"upper_bound":44.65650438909787},"point_estimate":43.93370395872058,"standard_error":0.3440902678190967},"std_dev":{"confidence_interval":{"confidence_level":0.95,"lower_bound":2.2331325253155643,"upper_bound":3.3395159773440706},"point_estimate":2.8549179004225262,"standard_error":0.2892614274681566}}