{"mean":{"confidence_interval":{"confidence_level":0.95,"lower_bound":463.04408678812644,"upper_bound":464.2187304518022},"point_estimate":463.56133069432695,"standard_error":0.30104890898448167},"median":{"confidence_interval":{"confidence_level":0.95,"lower_bound":462.60336258555566,"upper_bound":462.8374047512326},"point_estimate":462.70623706190713,"standard_error":0.05602927877969286},"median_abs_dev":{"confidence_interval":{"confidence_level":0.95,"lower_bound":0.3029181717840483,"upper_bound":0.5732502786426367},"point_estimate":0.439288806851149,"standard_error":0.07519541990683394},"slope":{"confidence_interval":{"confidence_level":0.95,"lower_bound":462.4484844837785,"upper_bound":462.6107981352552},"point_estimate":462.52349539200725,"standard_error":0.04138717535730789},"std_dev":{"confidence_interval":{"confidence_level":0.95,"lower_bound":1.359111993089888,"upper_bound":4.470498835442713},"point_estimate":3.016622898380768,"standard_error":0.8158692230181562}}