{"mean":{"confidence_interval":{"confidence_level":0.95,"lower_bound":411.31608352246184,"upper_bound":413.0365809498141},"point_estimate":412.13812871841407,"standard_error":0.4340309759145647},"median":{"confidence_interval":{"confidence_level":0.95,"lower_bound":411.3779363307823,"upper_bound":411.840837585034},"point_estimate":411.6248236794718,"standard_error":0.10693284009862196},"median_abs_dev":{"confidence_interval":{"confidence_level":0.95,"lower_bound":0.7951183608241206,"upper_bound":1.3135686286955441},"point_estimate":1.057529502822586,"standard_error":0.12898846118937024},"slope":{"confidence_interval":{"confidence_level":0.95,"lower_bound":410.96978681398775,"upper_bound":411.2878721335166},"point_estimate":411.12256337402704,"standard_error":0.08122060100852524},"std_dev":{"confidence_interval":{"confidence_level":0.95,"lower_bound":1.843829016784181,"upper_bound":6.450179035537377},"point_estimate":4.353612453637593,"standard_error":1.1873921424707012}}