{"mean":{"confidence_interval":{"confidence_level":0.95,"lower_bound":9.848697124278614,"upper_bound":9.84998196705755},"point_estimate":9.849264942876273,"standard_error":0.00032936082908144223},"median":{"confidence_interval":{"confidence_level":0.95,"lower_bound":9.848568556743762,"upper_bound":9.848983143758426},"point_estimate":9.848779169540904,"standard_error":0.00012316320075583906},"median_abs_dev":{"confidence_interval":{"confidence_level":0.95,"lower_bound":0.0006440546846898618,"upper_bound":0.0011933359483505758},"point_estimate":0.0009309290132774657,"standard_error":0.00013532668434230818},"slope":{"confidence_interval":{"confidence_level":0.95,"lower_bound":9.848707003361627,"upper_bound":9.850116702021655},"point_estimate":9.8492378399541,"standard_error":0.00037799388303216125},"std_dev":{"confidence_interval":{"confidence_level":0.95,"lower_bound":0.0014199794626142122,"upper_bound":0.005085966704822851},"point_estimate":0.0033057325711269847,"standard_error":0.0010274782429687958}}