{"mean":{"confidence_interval":{"confidence_level":0.95,"lower_bound":29.36954767680301,"upper_bound":29.819226032784474},"point_estimate":29.575853095157765,"standard_error":0.11524205144377497},"median":{"confidence_interval":{"confidence_level":0.95,"lower_bound":29.30066263671268,"upper_bound":29.61412296814691},"point_estimate":29.422786801256244,"standard_error":0.08108624119376376},"median_abs_dev":{"confidence_interval":{"confidence_level":0.95,"lower_bound":0.5188173451172287,"upper_bound":0.7971749102841915},"point_estimate":0.636083936348948,"standard_error":0.07113956569481773},"slope":{"confidence_interval":{"confidence_level":0.95,"lower_bound":29.350323083989185,"upper_bound":29.623766632390467},"point_estimate":29.48439644026257,"standard_error":0.06971294437876974},"std_dev":{"confidence_interval":{"confidence_level":0.95,"lower_bound":0.6598263836540158,"upper_bound":1.6140107003396744},"point_estimate":1.1534472178080952,"standard_error":0.25056882124340013}}