{"mean":{"confidence_interval":{"confidence_level":0.95,"lower_bound":64.3131297520562,"upper_bound":64.41729558229085},"point_estimate":64.3622899448085,"standard_error":0.026625959115310283},"median":{"confidence_interval":{"confidence_level":0.95,"lower_bound":64.27528713911835,"upper_bound":64.34520068863358},"point_estimate":64.30906704187692,"standard_error":0.01947832198169488},"median_abs_dev":{"confidence_interval":{"confidence_level":0.95,"lower_bound":0.12079679521444397,"upper_bound":0.21040839019421262},"point_estimate":0.15035084385720862,"standard_error":0.0230597631140472},"slope":{"confidence_interval":{"confidence_level":0.95,"lower_bound":64.2668130498489,"upper_bound":64.31750600057441},"point_estimate":64.29100868964395,"standard_error":0.012923142408513132},"std_dev":{"confidence_interval":{"confidence_level":0.95,"lower_bound":0.18979190269331425,"upper_bound":0.34225141404825643},"point_estimate":0.26782597909198,"standard_error":0.0393533693353251}}