{"mean":{"confidence_interval":{"confidence_level":0.95,"lower_bound":10982.118349039707,"upper_bound":11214.211632519451},"point_estimate":11091.319368516437,"standard_error":59.23220288215896},"median":{"confidence_interval":{"confidence_level":0.95,"lower_bound":10839.311688311689,"upper_bound":10958.30261229998},"point_estimate":10897.949914102941,"standard_error":29.49359325567059},"median_abs_dev":{"confidence_interval":{"confidence_level":0.95,"lower_bound":166.409690558031,"upper_bound":315.2775768864868},"point_estimate":237.04228331634272,"standard_error":39.28437478747337},"slope":{"confidence_interval":{"confidence_level":0.95,"lower_bound":10934.275890011397,"upper_bound":11094.67431061548},"point_estimate":11012.768270842502,"standard_error":40.959265769200364},"std_dev":{"confidence_interval":{"confidence_level":0.95,"lower_bound":420.9081479142109,"upper_bound":750.2486842835316},"point_estimate":594.7866951400314,"standard_error":84.04681889884692}}