{"mean":{"confidence_interval":{"confidence_level":0.95,"lower_bound":6126.248822442678,"upper_bound":6171.509249485187},"point_estimate":6146.109164748643,"standard_error":11.644825120854625},"median":{"confidence_interval":{"confidence_level":0.95,"lower_bound":6112.0935636856375,"upper_bound":6124.13593974175},"point_estimate":6119.62122620464,"standard_error":3.1444326652417707},"median_abs_dev":{"confidence_interval":{"confidence_level":0.95,"lower_bound":15.00470437464663,"upper_bound":25.705037050219218},"point_estimate":20.818347901741618,"standard_error":2.8071458772715223},"slope":{"confidence_interval":{"confidence_level":0.95,"lower_bound":6107.298988894354,"upper_bound":6112.059766647561},"point_estimate":6109.452013627828,"standard_error":1.2183006133721406},"std_dev":{"confidence_interval":{"confidence_level":0.95,"lower_bound":54.765649603345814,"upper_bound":172.54145405174498},"point_estimate":116.96969869812052,"standard_error":31.20881283070048}}