{"mean":{"confidence_interval":{"confidence_level":0.95,"lower_bound":8755.236276646347,"upper_bound":8924.293316650776},"point_estimate":8845.991205049424,"standard_error":43.42104644492252},"median":{"confidence_interval":{"confidence_level":0.95,"lower_bound":8961.217400332225,"upper_bound":8973.819548872181},"point_estimate":8967.18502310125,"standard_error":2.477017815115556},"median_abs_dev":{"confidence_interval":{"confidence_level":0.95,"lower_bound":26.361834881523514,"upper_bound":48.30212857284499},"point_estimate":34.24780515655894,"standard_error":5.304998081567322},"slope":{"confidence_interval":{"confidence_level":0.95,"lower_bound":8951.843025483697,"upper_bound":8970.622024105693},"point_estimate":8961.19252483164,"standard_error":4.78811904144497},"std_dev":{"confidence_interval":{"confidence_level":0.95,"lower_bound":280.8641778792601,"upper_bound":554.0703624132387},"point_estimate":435.86425256379033,"standard_error":70.9516336560758}}