{"mean":{"confidence_interval":{"confidence_level":0.95,"lower_bound":56.265825659043635,"upper_bound":56.7432492127718},"point_estimate":56.47786048339032,"standard_error":0.12190361023088668},"median":{"confidence_interval":{"confidence_level":0.95,"lower_bound":56.48853416655346,"upper_bound":56.62750782576032},"point_estimate":56.56475970526779,"standard_error":0.03569650678049584},"median_abs_dev":{"confidence_interval":{"confidence_level":0.95,"lower_bound":0.14717010540138661,"upper_bound":0.2782659803821052},"point_estimate":0.20400859416313083,"standard_error":0.03406410940580762},"slope":{"confidence_interval":{"confidence_level":0.95,"lower_bound":56.505775822084246,"upper_bound":56.600612103632265},"point_estimate":56.55242401260566,"standard_error":0.024161964793221097},"std_dev":{"confidence_interval":{"confidence_level":0.95,"lower_bound":0.6027668274864524,"upper_bound":1.8496133391049032},"point_estimate":1.2223072260687295,"standard_error":0.3565193297521982}}