{"mean":{"confidence_interval":{"confidence_level":0.95,"lower_bound":2.4829948111968125,"upper_bound":2.4888868844284904},"point_estimate":2.485600705654974,"standard_error":0.0015068603473898554},"median":{"confidence_interval":{"confidence_level":0.95,"lower_bound":2.4802261659836105,"upper_bound":2.4852905479857412},"point_estimate":2.481705785229092,"standard_error":0.0012859894550004453},"median_abs_dev":{"confidence_interval":{"confidence_level":0.95,"lower_bound":0.00682239453615541,"upper_bound":0.011222554399114473},"point_estimate":0.008692771049505268,"standard_error":0.0011190203204934955},"slope":{"confidence_interval":{"confidence_level":0.95,"lower_bound":2.48218389805408,"upper_bound":2.485532247169122},"point_estimate":2.483827788356823,"standard_error":0.000855640661700686},"std_dev":{"confidence_interval":{"confidence_level":0.95,"lower_bound":0.0082314821523603,"upper_bound":0.022351094650392343},"point_estimate":0.015080665513124163,"standard_error":0.004200957711450429}}