{"mean":{"confidence_interval":{"confidence_level":0.95,"lower_bound":10.371667288231018,"upper_bound":10.373474336656429},"point_estimate":10.372579631092218,"standard_error":0.00046118429635781574},"median":{"confidence_interval":{"confidence_level":0.95,"lower_bound":10.37156029960581,"upper_bound":10.374065763652611},"point_estimate":10.372520915068879,"standard_error":0.000622675593243831},"median_abs_dev":{"confidence_interval":{"confidence_level":0.95,"lower_bound":0.003251980227186274,"upper_bound":0.005178517178399373},"point_estimate":0.004062519977751331,"standard_error":0.0004966250968451595},"slope":{"confidence_interval":{"confidence_level":0.95,"lower_bound":10.371146040952203,"upper_bound":10.372953568301817},"point_estimate":10.372053027897017,"standard_error":0.0004613997509992616},"std_dev":{"confidence_interval":{"confidence_level":0.95,"lower_bound":0.0037797742287436617,"upper_bound":0.00545237134076774},"point_estimate":0.004615656695285695,"standard_error":0.00042799589696180466}}