{"mean":{"confidence_interval":{"confidence_level":0.95,"lower_bound":11.819390158993361,"upper_bound":11.821625488300782},"point_estimate":11.82038593096408,"standard_error":0.0005737998387060336},"median":{"confidence_interval":{"confidence_level":0.95,"lower_bound":11.819122866907826,"upper_bound":11.820039191697314},"point_estimate":11.819659454334206,"standard_error":0.0001980339833115836},"median_abs_dev":{"confidence_interval":{"confidence_level":0.95,"lower_bound":0.0012525891309355366,"upper_bound":0.0020615825498355713},"point_estimate":0.0015611649838927846,"standard_error":0.0002119631808662807},"slope":{"confidence_interval":{"confidence_level":0.95,"lower_bound":11.819638006582933,"upper_bound":11.821766260580329},"point_estimate":11.820496754364507,"standard_error":0.0005591574478800297},"std_dev":{"confidence_interval":{"confidence_level":0.95,"lower_bound":0.0025625919460423633,"upper_bound":0.008735122832052036},"point_estimate":0.005783175675504951,"standard_error":0.0016629815901820627}}