{"mean":{"confidence_interval":{"confidence_level":0.95,"lower_bound":40.1540418038023,"upper_bound":40.45829589864129},"point_estimate":40.315108738133205,"standard_error":0.07763632904590413},"median":{"confidence_interval":{"confidence_level":0.95,"lower_bound":40.35222757567274,"upper_bound":40.452978716350614},"point_estimate":40.38565588340154,"standard_error":0.025205242213879216},"median_abs_dev":{"confidence_interval":{"confidence_level":0.95,"lower_bound":0.18650118799654736,"upper_bound":0.42996675640538423},"point_estimate":0.25393445963426986,"standard_error":0.06526312945097415},"slope":{"confidence_interval":{"confidence_level":0.95,"lower_bound":40.391040543687076,"upper_bound":40.58490476219272},"point_estimate":40.47188927552678,"standard_error":0.05054354346971514},"std_dev":{"confidence_interval":{"confidence_level":0.95,"lower_bound":0.5064781811424864,"upper_bound":1.0096484813123645},"point_estimate":0.7794973764663837,"standard_error":0.12822324213550004}}