{"mean":{"confidence_interval":{"confidence_level":0.95,"lower_bound":72.36758848378153,"upper_bound":75.02307776580719},"point_estimate":73.63600091440331,"standard_error":0.67986443019194},"median":{"confidence_interval":{"confidence_level":0.95,"lower_bound":72.33400950741742,"upper_bound":73.41097724230255},"point_estimate":72.91954484605088,"standard_error":0.2670281396712711},"median_abs_dev":{"confidence_interval":{"confidence_level":0.95,"lower_bound":2.1585012617024804,"upper_bound":3.9787108806288174},"point_estimate":2.776288592931398,"standard_error":0.48166454095983424},"slope":{"confidence_interval":{"confidence_level":0.95,"lower_bound":73.32606100326416,"upper_bound":75.03664734592145},"point_estimate":74.13109993262708,"standard_error":0.4350867064671276},"std_dev":{"confidence_interval":{"confidence_level":0.95,"lower_bound":4.594367233753083,"upper_bound":8.876616587808188},"point_estimate":6.832080813913234,"standard_error":1.0990099998712615}}