{"mean":{"confidence_interval":{"confidence_level":0.95,"lower_bound":1843.016526962042,"upper_bound":1898.4227445365077},"point_estimate":1869.5702948303067,"standard_error":14.084575052087537},"median":{"confidence_interval":{"confidence_level":0.95,"lower_bound":1843.971783163564,"upper_bound":1897.4277354277353},"point_estimate":1869.1745017851347,"standard_error":14.927141994166147},"median_abs_dev":{"confidence_interval":{"confidence_level":0.95,"lower_bound":90.62969305138832,"upper_bound":138.15967553856686},"point_estimate":115.88520255196767,"standard_error":12.441207734090183},"slope":{"confidence_interval":{"confidence_level":0.95,"lower_bound":1856.0448580439454,"upper_bound":1902.415660257433},"point_estimate":1880.3584192770597,"standard_error":11.809602554957179},"std_dev":{"confidence_interval":{"confidence_level":0.95,"lower_bound":100.33601482989444,"upper_bound":182.752830152935},"point_estimate":141.84773847297242,"standard_error":21.440856789959142}}