{"mean":{"confidence_interval":{"confidence_level":0.95,"lower_bound":652.4103525341785,"upper_bound":655.2400680127097},"point_estimate":653.6290095988363,"standard_error":0.7300900596577348},"median":{"confidence_interval":{"confidence_level":0.95,"lower_bound":651.6276357827476,"upper_bound":652.4407948803985},"point_estimate":651.9584067689499,"standard_error":0.23580395487133113},"median_abs_dev":{"confidence_interval":{"confidence_level":0.95,"lower_bound":1.449886683770149,"upper_bound":2.46361471458429},"point_estimate":2.0218443460669215,"standard_error":0.25339810559367454},"slope":{"confidence_interval":{"confidence_level":0.95,"lower_bound":651.1667521670695,"upper_bound":652.0647133363035},"point_estimate":651.5701648276506,"standard_error":0.22915287176093538},"std_dev":{"confidence_interval":{"confidence_level":0.95,"lower_bound":2.5886825104716893,"upper_bound":11.252736446910696},"point_estimate":7.326056188070202,"standard_error":2.300447487061475}}