{"mean":{"confidence_interval":{"confidence_level":0.95,"lower_bound":1335.0770716612355,"upper_bound":1345.5638729724521},"point_estimate":1339.0728103149415,"standard_error":2.8298963222526194},"median":{"confidence_interval":{"confidence_level":0.95,"lower_bound":1333.0391403824153,"upper_bound":1334.8684303402451},"point_estimate":1333.8563384053061,"standard_error":0.41766457189961},"median_abs_dev":{"confidence_interval":{"confidence_level":0.95,"lower_bound":2.704948468239693,"upper_bound":4.9052954646399005},"point_estimate":3.8552721513328825,"standard_error":0.5460376830488058},"slope":{"confidence_interval":{"confidence_level":0.95,"lower_bound":1333.292382780348,"upper_bound":1338.7724386797684},"point_estimate":1335.6979635350533,"standard_error":1.4179260853405182},"std_dev":{"confidence_interval":{"confidence_level":0.95,"lower_bound":5.781068601426987,"upper_bound":47.393840674957616},"point_estimate":28.472252081156185,"standard_error":13.444934745822414}}