{"mean":{"confidence_interval":{"confidence_level":0.95,"lower_bound":14.13945111698766,"upper_bound":14.154065867925492},"point_estimate":14.146657202216876,"standard_error":0.0037403547812304805},"median":{"confidence_interval":{"confidence_level":0.95,"lower_bound":14.138467841351522,"upper_bound":14.149760144187223},"point_estimate":14.145358216757618,"standard_error":0.0027339743201930033},"median_abs_dev":{"confidence_interval":{"confidence_level":0.95,"lower_bound":0.019751483510369088,"upper_bound":0.03804518522772084},"point_estimate":0.028352217692777053,"standard_error":0.004776491643623374},"slope":{"confidence_interval":{"confidence_level":0.95,"lower_bound":14.135774079026337,"upper_bound":14.146734092204884},"point_estimate":14.141085025255174,"standard_error":0.002797919247953778},"std_dev":{"confidence_interval":{"confidence_level":0.95,"lower_bound":0.030942142681086547,"upper_bound":0.043726571033691916},"point_estimate":0.03759909381329388,"standard_error":0.0032616132782862565}}