{"mean":{"confidence_interval":{"confidence_level":0.95,"lower_bound":9.963964451372865,"upper_bound":9.966157896983017},"point_estimate":9.964930617303434,"standard_error":0.0005620002090112492},"median":{"confidence_interval":{"confidence_level":0.95,"lower_bound":9.963701495089893,"upper_bound":9.96468821913367},"point_estimate":9.964293714176957,"standard_error":0.00026522733951267827},"median_abs_dev":{"confidence_interval":{"confidence_level":0.95,"lower_bound":0.0018566480177849964,"upper_bound":0.003453599936097653},"point_estimate":0.002784286643379833,"standard_error":0.0003819472156976709},"slope":{"confidence_interval":{"confidence_level":0.95,"lower_bound":9.963707825966033,"upper_bound":9.96496261050845},"point_estimate":9.96430418552147,"standard_error":0.000319818536694623},"std_dev":{"confidence_interval":{"confidence_level":0.95,"lower_bound":0.0029542783321469613,"upper_bound":0.008530550279821487},"point_estimate":0.00565267190584945,"standard_error":0.0016893624412994315}}