{"mean":{"confidence_interval":{"confidence_level":0.95,"lower_bound":105.40819759569426,"upper_bound":105.6365288843282},"point_estimate":105.51074702592749,"standard_error":0.058508720914113},"median":{"confidence_interval":{"confidence_level":0.95,"lower_bound":105.32617684126738,"upper_bound":105.43268641952046},"point_estimate":105.37163245856908,"standard_error":0.02389079259197637},"median_abs_dev":{"confidence_interval":{"confidence_level":0.95,"lower_bound":0.15788452497479377,"upper_bound":0.2992015448474253},"point_estimate":0.2182738479423182,"standard_error":0.03738486397722757},"slope":{"confidence_interval":{"confidence_level":0.95,"lower_bound":105.27118124443153,"upper_bound":105.35949582025052},"point_estimate":105.31575795448596,"standard_error":0.022514488920008964},"std_dev":{"confidence_interval":{"confidence_level":0.95,"lower_bound":0.3191599392882562,"upper_bound":0.8543306521064354},"point_estimate":0.5870932404776178,"standard_error":0.14586753249488366}}