{"mean":{"confidence_interval":{"confidence_level":0.95,"lower_bound":34540.71175908323,"upper_bound":35160.883224089834},"point_estimate":34844.390350918125,"standard_error":158.2850788654421},"median":{"confidence_interval":{"confidence_level":0.95,"lower_bound":33610.32642276423,"upper_bound":34143.57156603773},"point_estimate":34107.03319716775,"standard_error":164.23094921742413},"median_abs_dev":{"confidence_interval":{"confidence_level":0.95,"lower_bound":122.32325240425133,"upper_bound":893.927617188468},"point_estimate":823.4381101768322,"standard_error":217.15059676892832},"slope":{"confidence_interval":{"confidence_level":0.95,"lower_bound":33699.46356975924,"upper_bound":33858.02696084636},"point_estimate":33766.614894438695,"standard_error":40.65718356477863},"std_dev":{"confidence_interval":{"confidence_level":0.95,"lower_bound":1419.5840104422934,"upper_bound":1743.7153095509696},"point_estimate":1593.4100598518783,"standard_error":81.80324951630512}}