{"mean":{"confidence_interval":{"confidence_level":0.95,"lower_bound":18634.831676099308,"upper_bound":18770.931501057967},"point_estimate":18691.969313474612,"standard_error":35.24037765588886},"median":{"confidence_interval":{"confidence_level":0.95,"lower_bound":18689.77983234714,"upper_bound":18706.035037878788},"point_estimate":18696.937846012617,"standard_error":4.3375685426679595},"median_abs_dev":{"confidence_interval":{"confidence_level":0.95,"lower_bound":23.622967263281552,"upper_bound":49.9631563116028},"point_estimate":35.87782085992828,"standard_error":7.059899476894319},"slope":{"confidence_interval":{"confidence_level":0.95,"lower_bound":18696.743762517726,"upper_bound":18727.449387830115},"point_estimate":18710.143880540178,"standard_error":7.870834183576183},"std_dev":{"confidence_interval":{"confidence_level":0.95,"lower_bound":149.78136009456819,"upper_bound":563.7618246782665},"point_estimate":354.4463139528997,"standard_error":132.40791073371818}}