{"mean":{"confidence_interval":{"confidence_level":0.95,"lower_bound":44.031276026571916,"upper_bound":44.87663648897535},"point_estimate":44.426098798217836,"standard_error":0.2159814811879139},"median":{"confidence_interval":{"confidence_level":0.95,"lower_bound":43.67560824782984,"upper_bound":44.31982691512608},"point_estimate":43.85395570848272,"standard_error":0.1776750274749485},"median_abs_dev":{"confidence_interval":{"confidence_level":0.95,"lower_bound":0.9199599472916973,"upper_bound":1.657132938525124},"point_estimate":1.4554097569010662,"standard_error":0.17541486352516997},"slope":{"confidence_interval":{"confidence_level":0.95,"lower_bound":43.975580505425896,"upper_bound":44.76121891710438},"point_estimate":44.3616780370996,"standard_error":0.20075681805156353},"std_dev":{"confidence_interval":{"confidence_level":0.95,"lower_bound":1.399971560730068,"upper_bound":2.929200611663352},"point_estimate":2.159421589172933,"standard_error":0.40193969151899805}}