{"mean":{"confidence_interval":{"confidence_level":0.95,"lower_bound":38.07475123231028,"upper_bound":38.1491103465954},"point_estimate":38.10821620865652,"standard_error":0.019029409140203367},"median":{"confidence_interval":{"confidence_level":0.95,"lower_bound":38.04270122665494,"upper_bound":38.08681296447405},"point_estimate":38.05833615979596,"standard_error":0.011427904648457107},"median_abs_dev":{"confidence_interval":{"confidence_level":0.95,"lower_bound":0.06026804036871042,"upper_bound":0.10751434146621339},"point_estimate":0.08956141959496035,"standard_error":0.012202895957897673},"slope":{"confidence_interval":{"confidence_level":0.95,"lower_bound":38.017499248460766,"upper_bound":38.04178990191003},"point_estimate":38.02920670847644,"standard_error":0.006170628359532418},"std_dev":{"confidence_interval":{"confidence_level":0.95,"lower_bound":0.10307926768484917,"upper_bound":0.2754035769545261},"point_estimate":0.19082703062329984,"standard_error":0.04590926948329426}}