{"mean":{"confidence_interval":{"confidence_level":0.95,"lower_bound":1896.3935972072525,"upper_bound":1931.5536385841142},"point_estimate":1913.290235711383,"standard_error":8.983511326704782},"median":{"confidence_interval":{"confidence_level":0.95,"lower_bound":1890.3211942257217,"upper_bound":1922.0296232502187},"point_estimate":1906.9816990935726,"standard_error":8.131020727535198},"median_abs_dev":{"confidence_interval":{"confidence_level":0.95,"lower_bound":52.41296956846956,"upper_bound":93.57056473258766},"point_estimate":69.08928601004732,"standard_error":11.168562031598658},"slope":{"confidence_interval":{"confidence_level":0.95,"lower_bound":1893.5601822720516,"upper_bound":1924.5738979617377},"point_estimate":1908.7911983002273,"standard_error":7.891127128696902},"std_dev":{"confidence_interval":{"confidence_level":0.95,"lower_bound":66.33500018214757,"upper_bound":115.39023782144963},"point_estimate":90.27375663221638,"standard_error":12.875485729501273}}