{"mean":{"confidence_interval":{"confidence_level":0.95,"lower_bound":3095.9855650342865,"upper_bound":3143.813946089929},"point_estimate":3119.6016576510638,"standard_error":12.22523980325329},"median":{"confidence_interval":{"confidence_level":0.95,"lower_bound":3081.4103373036924,"upper_bound":3145.1673462301587},"point_estimate":3105.051056235431,"standard_error":19.48912161507179},"median_abs_dev":{"confidence_interval":{"confidence_level":0.95,"lower_bound":89.97714990645437,"upper_bound":140.3549192858192},"point_estimate":119.45253913448761,"standard_error":12.686025724090577},"slope":{"confidence_interval":{"confidence_level":0.95,"lower_bound":3064.89470646817,"upper_bound":3119.287051301424},"point_estimate":3091.5482938063396,"standard_error":13.89319337702401},"std_dev":{"confidence_interval":{"confidence_level":0.95,"lower_bound":103.99582024999971,"upper_bound":139.7307662511426},"point_estimate":122.84944957126578,"standard_error":9.100107677192772}}