{"mean":{"confidence_interval":{"confidence_level":0.95,"lower_bound":88415.81077740189,"upper_bound":88598.99564238741},"point_estimate":88487.33173314696,"standard_error":48.2338499812415},"median":{"confidence_interval":{"confidence_level":0.95,"lower_bound":88382.48333333334,"upper_bound":88416.8880952381},"point_estimate":88393.80770460359,"standard_error":8.96124997511485},"median_abs_dev":{"confidence_interval":{"confidence_level":0.95,"lower_bound":51.54922123020754,"upper_bound":100.86454861470371},"point_estimate":70.77722015189684,"standard_error":12.361351193249668},"slope":{"confidence_interval":{"confidence_level":0.95,"lower_bound":88376.71271316083,"upper_bound":88413.10066680291},"point_estimate":88394.06998374464,"standard_error":9.314088107827535},"std_dev":{"confidence_interval":{"confidence_level":0.95,"lower_bound":95.51584134306663,"upper_bound":794.3278764940674},"point_estimate":482.3091830016111,"standard_error":207.96772270807335}}