{"mean":{"confidence_interval":{"confidence_level":0.95,"lower_bound":84.05862356686633,"upper_bound":89.11017282102813},"point_estimate":86.53985034049137,"standard_error":1.2880204148477112},"median":{"confidence_interval":{"confidence_level":0.95,"lower_bound":78.03650793650793,"upper_bound":84.42325227963526},"point_estimate":82.09975101151572,"standard_error":1.2685519218981207},"median_abs_dev":{"confidence_interval":{"confidence_level":0.95,"lower_bound":6.65696658763568,"upper_bound":13.056876891746223},"point_estimate":12.200090144697308,"standard_error":1.5828098594928668},"slope":{"confidence_interval":{"confidence_level":0.95,"lower_bound":76.19483700838651,"upper_bound":78.06013661871992},"point_estimate":77.01910813682647,"standard_error":0.4755836419956513},"std_dev":{"confidence_interval":{"confidence_level":0.95,"lower_bound":11.357499888257005,"upper_bound":14.038460208416636},"point_estimate":12.894714455857153,"standard_error":0.6846361905437872}}