{"mean":{"confidence_interval":{"confidence_level":0.95,"lower_bound":80.13398119115304,"upper_bound":84.26614162869714},"point_estimate":82.15564245277682,"standard_error":1.0535388031240935},"median":{"confidence_interval":{"confidence_level":0.95,"lower_bound":76.8281333171808,"upper_bound":81.35931781583955},"point_estimate":78.03944140862174,"standard_error":1.712080610631478},"median_abs_dev":{"confidence_interval":{"confidence_level":0.95,"lower_bound":6.3829375649058475,"upper_bound":12.673070978542285},"point_estimate":8.22946741092846,"standard_error":1.9236225817657906},"slope":{"confidence_interval":{"confidence_level":0.95,"lower_bound":73.89910980701363,"upper_bound":75.31927348802333},"point_estimate":74.52247836723971,"standard_error":0.36236449198933407},"std_dev":{"confidence_interval":{"confidence_level":0.95,"lower_bound":9.052071595889736,"upper_bound":11.779836668044657},"point_estimate":10.56569780018133,"standard_error":0.6953223235421326}}