{"mean":{"confidence_interval":{"confidence_level":0.95,"lower_bound":82.07627505674726,"upper_bound":86.24362058409564},"point_estimate":84.1350096777154,"standard_error":1.0664111564936054},"median":{"confidence_interval":{"confidence_level":0.95,"lower_bound":79.01716592151018,"upper_bound":84.1050738477209},"point_estimate":80.0669191919192,"standard_error":1.3881827486704847},"median_abs_dev":{"confidence_interval":{"confidence_level":0.95,"lower_bound":7.126825771112727,"upper_bound":15.034938535018068},"point_estimate":9.160505149140093,"standard_error":2.0467325697509393},"slope":{"confidence_interval":{"confidence_level":0.95,"lower_bound":75.19945057261982,"upper_bound":76.98830982706781},"point_estimate":75.99114933881448,"standard_error":0.4552346479384388},"std_dev":{"confidence_interval":{"confidence_level":0.95,"lower_bound":9.497105036812748,"upper_bound":11.663421145225376},"point_estimate":10.716459118633221,"standard_error":0.5548683925053963}}