{"mean":{"confidence_interval":{"confidence_level":0.95,"lower_bound":73.54934736193722,"upper_bound":76.92535395222677},"point_estimate":75.13221735435323,"standard_error":0.8617050584642296},"median":{"confidence_interval":{"confidence_level":0.95,"lower_bound":71.10401261954057,"upper_bound":74.20571680863077},"point_estimate":72.53938023775314,"standard_error":0.7539354591280097},"median_abs_dev":{"confidence_interval":{"confidence_level":0.95,"lower_bound":4.023358625744208,"upper_bound":7.377660429029607},"point_estimate":5.42681848896356,"standard_error":0.8840475065383332},"slope":{"confidence_interval":{"confidence_level":0.95,"lower_bound":73.1957051535463,"upper_bound":79.05131154143052},"point_estimate":75.71252170058018,"standard_error":1.5204787225731813},"std_dev":{"confidence_interval":{"confidence_level":0.95,"lower_bound":6.052842726837111,"upper_bound":11.548462355053589},"point_estimate":8.68369968285237,"standard_error":1.4850505139936698}}