{"mean":{"confidence_interval":{"confidence_level":0.95,"lower_bound":116.85335914701585,"upper_bound":119.02920203774234},"point_estimate":117.89705891143471,"standard_error":0.5525285129720772},"median":{"confidence_interval":{"confidence_level":0.95,"lower_bound":115.45750698398481,"upper_bound":117.60828993666432},"point_estimate":116.27188903123172,"standard_error":0.5400104605223466},"median_abs_dev":{"confidence_interval":{"confidence_level":0.95,"lower_bound":3.0271507189221625,"upper_bound":5.421135557572895},"point_estimate":4.12061515273011,"standard_error":0.5860838648661767},"slope":{"confidence_interval":{"confidence_level":0.95,"lower_bound":115.22010455808564,"upper_bound":117.31474785924912},"point_estimate":116.20942154286642,"standard_error":0.536415802420619},"std_dev":{"confidence_interval":{"confidence_level":0.95,"lower_bound":4.399952774784691,"upper_bound":6.667801630231629},"point_estimate":5.564370260059505,"standard_error":0.5813981201015958}}