{"mean":{"confidence_interval":{"confidence_level":0.95,"lower_bound":6.973111142038254,"upper_bound":7.12660082989072},"point_estimate":7.044085393564703,"standard_error":0.03915874570138485},"median":{"confidence_interval":{"confidence_level":0.95,"lower_bound":6.898205685486638,"upper_bound":7.022538794614826},"point_estimate":6.948489675495177,"standard_error":0.03194228112769149},"median_abs_dev":{"confidence_interval":{"confidence_level":0.95,"lower_bound":0.1673150756584809,"upper_bound":0.3001487632808013},"point_estimate":0.23135042396960626,"standard_error":0.03505404335141105},"slope":{"confidence_interval":{"confidence_level":0.95,"lower_bound":6.977585233566737,"upper_bound":7.139480647111658},"point_estimate":7.049277804301274,"standard_error":0.04152394753917735},"std_dev":{"confidence_interval":{"confidence_level":0.95,"lower_bound":0.2562367185876159,"upper_bound":0.531743441965831},"point_estimate":0.39321433864804034,"standard_error":0.0722462951424059}}