{"mean":{"confidence_interval":{"confidence_level":0.95,"lower_bound":13.095989490972634,"upper_bound":13.180471178351413},"point_estimate":13.137378082869084,"standard_error":0.021468352079396305},"median":{"confidence_interval":{"confidence_level":0.95,"lower_bound":13.088911421088785,"upper_bound":13.160949060445343},"point_estimate":13.111866914387097,"standard_error":0.01568588252125954},"median_abs_dev":{"confidence_interval":{"confidence_level":0.95,"lower_bound":0.09870262588050506,"upper_bound":0.1824273185745018},"point_estimate":0.1396470449369283,"standard_error":0.020259977057157305},"slope":{"confidence_interval":{"confidence_level":0.95,"lower_bound":13.099709691220722,"upper_bound":13.227858991243124},"point_estimate":13.160946138523592,"standard_error":0.03283000078816613},"std_dev":{"confidence_interval":{"confidence_level":0.95,"lower_bound":0.16897780262610732,"upper_bound":0.2587780143887141},"point_estimate":0.21535373639625213,"standard_error":0.02297334769406691}}