{"mean":{"confidence_interval":{"confidence_level":0.95,"lower_bound":35.04244627400912,"upper_bound":35.67933248855654},"point_estimate":35.352757233194986,"standard_error":0.16330077886750916},"median":{"confidence_interval":{"confidence_level":0.95,"lower_bound":34.53689762187042,"upper_bound":35.423519533503665},"point_estimate":35.02811283911012,"standard_error":0.21313025594747126},"median_abs_dev":{"confidence_interval":{"confidence_level":0.95,"lower_bound":1.067303671385066,"upper_bound":1.8749712477196978},"point_estimate":1.4689724751944606,"standard_error":0.20437686943524472},"slope":{"confidence_interval":{"confidence_level":0.95,"lower_bound":34.60764873475167,"upper_bound":35.266998366556955},"point_estimate":34.91396652679977,"standard_error":0.1686209485528184},"std_dev":{"confidence_interval":{"confidence_level":0.95,"lower_bound":1.3546524094219292,"upper_bound":1.9076411535590057},"point_estimate":1.643698313509139,"standard_error":0.1414833187273998}}