{"mean":{"confidence_interval":{"confidence_level":0.95,"lower_bound":359.7232507874103,"upper_bound":368.97491522095714},"point_estimate":364.1220327106366,"standard_error":2.3598517577364486},"median":{"confidence_interval":{"confidence_level":0.95,"lower_bound":355.81662612911805,"upper_bound":364.80698018724263},"point_estimate":358.7277033398211,"standard_error":2.208806102193062},"median_abs_dev":{"confidence_interval":{"confidence_level":0.95,"lower_bound":13.828939508689599,"upper_bound":22.287700624059504},"point_estimate":17.19383668949771,"standard_error":2.157626345842179},"slope":{"confidence_interval":{"confidence_level":0.95,"lower_bound":351.422442529072,"upper_bound":358.4212444654447},"point_estimate":354.762956762335,"standard_error":1.7869788355555998},"std_dev":{"confidence_interval":{"confidence_level":0.95,"lower_bound":17.072343216588525,"upper_bound":29.856917058477297},"point_estimate":23.669789538125183,"standard_error":3.2883008670847316}}