{"mean":{"confidence_interval":{"confidence_level":0.95,"lower_bound":43.739017610542966,"upper_bound":43.940054971382985},"point_estimate":43.845275429576446,"standard_error":0.051309967391463256},"median":{"confidence_interval":{"confidence_level":0.95,"lower_bound":43.83003128067991,"upper_bound":43.900878019472096},"point_estimate":43.864018948770706,"standard_error":0.01920365279900489},"median_abs_dev":{"confidence_interval":{"confidence_level":0.95,"lower_bound":0.17770966675910502,"upper_bound":0.29045624637833606},"point_estimate":0.22878781916512655,"standard_error":0.02865515261856442},"slope":{"confidence_interval":{"confidence_level":0.95,"lower_bound":43.89622307798101,"upper_bound":44.067616503191616},"point_estimate":43.982551880180914,"standard_error":0.043766986261698136},"std_dev":{"confidence_interval":{"confidence_level":0.95,"lower_bound":0.3381806570599933,"upper_bound":0.6703308803270992},"point_estimate":0.5159079695743267,"standard_error":0.08491635050308233}}