{"mean":{"confidence_interval":{"confidence_level":0.95,"lower_bound":153.2786324071264,"upper_bound":157.21302823993062},"point_estimate":155.13411521862565,"standard_error":1.0026692796317607},"median":{"confidence_interval":{"confidence_level":0.95,"lower_bound":151.66385868084757,"upper_bound":153.8300374421125},"point_estimate":152.68417520293775,"standard_error":0.6432178597141561},"median_abs_dev":{"confidence_interval":{"confidence_level":0.95,"lower_bound":4.339472289396427,"upper_bound":7.695087340578937},"point_estimate":5.7845609024528555,"standard_error":0.8965349935762077},"slope":{"confidence_interval":{"confidence_level":0.95,"lower_bound":151.87557656508193,"upper_bound":155.50223922740028},"point_estimate":153.58162363267002,"standard_error":0.9252656418601848},"std_dev":{"confidence_interval":{"confidence_level":0.95,"lower_bound":6.837740938086663,"upper_bound":13.196511532526317},"point_estimate":10.058246478645367,"standard_error":1.6497444440001703}}