{"mean":{"confidence_interval":{"confidence_level":0.95,"lower_bound":1556.5957258016183,"upper_bound":1559.2386008109058},"point_estimate":1557.7855127031687,"standard_error":0.6757124015138947},"median":{"confidence_interval":{"confidence_level":0.95,"lower_bound":1555.0800548695597,"upper_bound":1556.060637134263},"point_estimate":1555.3822860721348,"standard_error":0.27172859780095865},"median_abs_dev":{"confidence_interval":{"confidence_level":0.95,"lower_bound":1.1852178833573621,"upper_bound":2.3786815076512258},"point_estimate":1.6515251129378494,"standard_error":0.3139674079075312},"slope":{"confidence_interval":{"confidence_level":0.95,"lower_bound":1554.6261423008095,"upper_bound":1555.217303148797},"point_estimate":1554.9004187125274,"standard_error":0.1505816139237628},"std_dev":{"confidence_interval":{"confidence_level":0.95,"lower_bound":3.842928924414209,"upper_bound":9.722328820910558},"point_estimate":6.812451983148136,"standard_error":1.5625792484071084}}