{"mean":{"confidence_interval":{"confidence_level":0.95,"lower_bound":1781.679595432636,"upper_bound":1799.5943696580518},"point_estimate":1789.7896288717768,"standard_error":4.6032318703024435},"median":{"confidence_interval":{"confidence_level":0.95,"lower_bound":1780.7929824561404,"upper_bound":1789.0109077040427},"point_estimate":1784.645961860725,"standard_error":1.9961545657506596},"median_abs_dev":{"confidence_interval":{"confidence_level":0.95,"lower_bound":15.232619884616126,"upper_bound":26.78879794545643},"point_estimate":20.811692280004838,"standard_error":2.9198691917612303},"slope":{"confidence_interval":{"confidence_level":0.95,"lower_bound":1782.1751789793502,"upper_bound":1797.1127646607385},"point_estimate":1789.0774010510243,"standard_error":3.8091581449411005},"std_dev":{"confidence_interval":{"confidence_level":0.95,"lower_bound":25.374893784824074,"upper_bound":68.80105585797656},"point_estimate":46.53241460158116,"standard_error":12.68912886921405}}