{"mean":{"confidence_interval":{"confidence_level":0.95,"lower_bound":96073.07739157371,"upper_bound":97671.01115243138},"point_estimate":96860.64731504789,"standard_error":409.13080926692606},"median":{"confidence_interval":{"confidence_level":0.95,"lower_bound":95386.77837837838,"upper_bound":97157.68229166667},"point_estimate":96254.98637555467,"standard_error":505.54721129240323},"median_abs_dev":{"confidence_interval":{"confidence_level":0.95,"lower_bound":2843.6924712504797,"upper_bound":4682.9417099404955},"point_estimate":3829.2115626096033,"standard_error":485.7618346855237},"slope":{"confidence_interval":{"confidence_level":0.95,"lower_bound":94650.0918134657,"upper_bound":96740.37012139086},"point_estimate":95632.8824102261,"standard_error":535.9309369090508},"std_dev":{"confidence_interval":{"confidence_level":0.95,"lower_bound":3413.699858908868,"upper_bound":4743.549740881552},"point_estimate":4110.442916235197,"standard_error":339.97585308385993}}