{"mean":{"confidence_interval":{"confidence_level":0.95,"lower_bound":65227.6631592336,"upper_bound":66256.21564229194},"point_estimate":65729.06482576944,"standard_error":261.3531154874438},"median":{"confidence_interval":{"confidence_level":0.95,"lower_bound":66524.80208333333,"upper_bound":67200.73473139256},"point_estimate":66909.29761904762,"standard_error":273.6553849882309},"median_abs_dev":{"confidence_interval":{"confidence_level":0.95,"lower_bound":585.7531710854798,"upper_bound":2439.047418566333},"point_estimate":1008.8231444568302,"standard_error":459.3991587528927},"slope":{"confidence_interval":{"confidence_level":0.95,"lower_bound":63588.89321119914,"upper_bound":64571.82228597017},"point_estimate":64023.48349915029,"standard_error":251.59420092697707},"std_dev":{"confidence_interval":{"confidence_level":0.95,"lower_bound":2123.2612391425796,"upper_bound":3325.0558074824985},"point_estimate":2631.7973398234867,"standard_error":346.4469897618384}}