{"mean":{"confidence_interval":{"confidence_level":0.95,"lower_bound":4291.997788892506,"upper_bound":4402.2435439050505},"point_estimate":4337.110715338666,"standard_error":28.665136627705472},"median":{"confidence_interval":{"confidence_level":0.95,"lower_bound":4252.180808966861,"upper_bound":4305.206995476112},"point_estimate":4276.600267911157,"standard_error":14.116836578510927},"median_abs_dev":{"confidence_interval":{"confidence_level":0.95,"lower_bound":73.88876508025622,"upper_bound":135.4661230226662},"point_estimate":106.15939800997334,"standard_error":16.125283315788618},"slope":{"confidence_interval":{"confidence_level":0.95,"lower_bound":4275.7642837325175,"upper_bound":4322.892339496761},"point_estimate":4298.287499362662,"standard_error":12.05131345699587},"std_dev":{"confidence_interval":{"confidence_level":0.95,"lower_bound":113.79759280078919,"upper_bound":460.3468943911802},"point_estimate":287.72254481333107,"standard_error":113.54750042848295}}