{"mean":{"confidence_interval":{"confidence_level":0.95,"lower_bound":585.5299379077516,"upper_bound":586.9665467650068},"point_estimate":586.1519544632483,"standard_error":0.3706967846132165},"median":{"confidence_interval":{"confidence_level":0.95,"lower_bound":584.9482416760195,"upper_bound":585.3279643279643},"point_estimate":585.1110896776406,"standard_error":0.10411266540673804},"median_abs_dev":{"confidence_interval":{"confidence_level":0.95,"lower_bound":0.39556554723806087,"upper_bound":0.844760154157866},"point_estimate":0.6023133058591382,"standard_error":0.11958871014002215},"slope":{"confidence_interval":{"confidence_level":0.95,"lower_bound":584.8082002338165,"upper_bound":584.9276715053894},"point_estimate":584.8611309854036,"standard_error":0.030497823873618348},"std_dev":{"confidence_interval":{"confidence_level":0.95,"lower_bound":1.426955701956895,"upper_bound":5.680350268216511},"point_estimate":3.7254329093093212,"standard_error":1.1282160661585496}}