{"mean":{"confidence_interval":{"confidence_level":0.95,"lower_bound":10822.880998908511,"upper_bound":11074.602235972041},"point_estimate":10947.458938444164,"standard_error":64.17823900819118},"median":{"confidence_interval":{"confidence_level":0.95,"lower_bound":10697.898608134728,"upper_bound":11117.58361259233},"point_estimate":10931.354152005631,"standard_error":104.96084086311505},"median_abs_dev":{"confidence_interval":{"confidence_level":0.95,"lower_bound":544.5133265146258,"upper_bound":793.6688172162773},"point_estimate":689.5048045397837,"standard_error":62.41508521545801},"slope":{"confidence_interval":{"confidence_level":0.95,"lower_bound":10834.138949949263,"upper_bound":11059.695181821267},"point_estimate":10948.053203392392,"standard_error":57.54440554821346},"std_dev":{"confidence_interval":{"confidence_level":0.95,"lower_bound":546.1903856204061,"upper_bound":734.5885303571436},"point_estimate":645.2877720219883,"standard_error":48.22333565611889}}