{"mean":{"confidence_interval":{"confidence_level":0.95,"lower_bound":89.55727270889052,"upper_bound":89.86511916100987},"point_estimate":89.70105764924939,"standard_error":0.07899757102139762},"median":{"confidence_interval":{"confidence_level":0.95,"lower_bound":89.49306982977683,"upper_bound":89.64324981017464},"point_estimate":89.56009033453928,"standard_error":0.03772363706471807},"median_abs_dev":{"confidence_interval":{"confidence_level":0.95,"lower_bound":0.28457116205491795,"upper_bound":0.5024103222462891},"point_estimate":0.38629858815329166,"standard_error":0.056360733757611504},"slope":{"confidence_interval":{"confidence_level":0.95,"lower_bound":89.4533383305371,"upper_bound":89.65071962617226},"point_estimate":89.55078909150767,"standard_error":0.05051155539355691},"std_dev":{"confidence_interval":{"confidence_level":0.95,"lower_bound":0.4920785811222091,"upper_bound":1.0842184198117135},"point_estimate":0.7931282971353135,"standard_error":0.15626008080133705}}