{"mean":{"confidence_interval":{"confidence_level":0.95,"lower_bound":1462.6345504283959,"upper_bound":1465.0588979087545},"point_estimate":1463.7151431678192,"standard_error":0.619394317513227},"median":{"confidence_interval":{"confidence_level":0.95,"lower_bound":1461.8457521266287,"upper_bound":1462.7322474806656},"point_estimate":1462.1208293510595,"standard_error":0.2554581998775051},"median_abs_dev":{"confidence_interval":{"confidence_level":0.95,"lower_bound":1.8567156756309036,"upper_bound":3.491366337790975},"point_estimate":2.589672855451968,"standard_error":0.43152247606296606},"slope":{"confidence_interval":{"confidence_level":0.95,"lower_bound":1461.0677932415554,"upper_bound":1461.962564395756},"point_estimate":1461.5128838157052,"standard_error":0.22784464096126655},"std_dev":{"confidence_interval":{"confidence_level":0.95,"lower_bound":3.256442969984266,"upper_bound":9.102024703231832},"point_estimate":6.214625299411494,"standard_error":1.5803589641511595}}