{"mean":{"confidence_interval":{"confidence_level":0.95,"lower_bound":792.3406209553395,"upper_bound":797.6952547532544},"point_estimate":794.4611020303405,"standard_error":1.4236097016337574},"median":{"confidence_interval":{"confidence_level":0.95,"lower_bound":791.912537754643,"upper_bound":792.698638361189},"point_estimate":792.3127430645579,"standard_error":0.21359558671791565},"median_abs_dev":{"confidence_interval":{"confidence_level":0.95,"lower_bound":1.2847803477771509,"upper_bound":3.633276385011248},"point_estimate":2.3700222241077604,"standard_error":0.6616011546028087},"slope":{"confidence_interval":{"confidence_level":0.95,"lower_bound":791.7038013232841,"upper_bound":793.7494851287368},"point_estimate":792.5016358261604,"standard_error":0.545795070494088},"std_dev":{"confidence_interval":{"confidence_level":0.95,"lower_bound":4.106442225536659,"upper_bound":23.454516255749414},"point_estimate":14.345405661784529,"standard_error":6.222240633061227}}