{"mean":{"confidence_interval":{"confidence_level":0.95,"lower_bound":562.7965408374405,"upper_bound":569.5768614194543},"point_estimate":566.1912115645364,"standard_error":1.7255884383433402},"median":{"confidence_interval":{"confidence_level":0.95,"lower_bound":560.6594069128043,"upper_bound":570.6016887878944},"point_estimate":566.9971612525608,"standard_error":2.6045979904806953},"median_abs_dev":{"confidence_interval":{"confidence_level":0.95,"lower_bound":14.78371075699995,"upper_bound":23.306886507424657},"point_estimate":19.371096952118695,"standard_error":2.15502623719159},"slope":{"confidence_interval":{"confidence_level":0.95,"lower_bound":563.484192580822,"upper_bound":571.1910237783309},"point_estimate":567.2601972569199,"standard_error":1.9631257080939541},"std_dev":{"confidence_interval":{"confidence_level":0.95,"lower_bound":15.159792093227347,"upper_bound":19.286671687869045},"point_estimate":17.328317525854814,"standard_error":1.0519144924199653}}