{"mean":{"confidence_interval":{"confidence_level":0.95,"lower_bound":71.30021730794887,"upper_bound":74.08167731426016},"point_estimate":72.68563449117886,"standard_error":0.7100685500845748},"median":{"confidence_interval":{"confidence_level":0.95,"lower_bound":69.80146244864825,"upper_bound":73.53177387670047},"point_estimate":71.68416281050008,"standard_error":0.8888951564500092},"median_abs_dev":{"confidence_interval":{"confidence_level":0.95,"lower_bound":5.261301225796976,"upper_bound":9.23377686791017},"point_estimate":7.333837911088291,"standard_error":1.0048542229415762},"slope":{"confidence_interval":{"confidence_level":0.95,"lower_bound":75.22148854106995,"upper_bound":78.44439513433481},"point_estimate":76.90003247763312,"standard_error":0.8240705014323075},"std_dev":{"confidence_interval":{"confidence_level":0.95,"lower_bound":6.2213587063353355,"upper_bound":7.897903597964146},"point_estimate":7.119461935076218,"standard_error":0.42783247844824096}}