{"mean":{"confidence_interval":{"confidence_level":0.95,"lower_bound":46.746893759940356,"upper_bound":47.39332052872974},"point_estimate":47.05684369475839,"standard_error":0.16465557092488464},"median":{"confidence_interval":{"confidence_level":0.95,"lower_bound":47.04032149289617,"upper_bound":47.47624795472225},"point_estimate":47.246969136491806,"standard_error":0.12123411891248413},"median_abs_dev":{"confidence_interval":{"confidence_level":0.95,"lower_bound":1.067468073947547,"upper_bound":1.6363602035069373},"point_estimate":1.4435169347007666,"standard_error":0.14111912893852474},"slope":{"confidence_interval":{"confidence_level":0.95,"lower_bound":47.502912349785895,"upper_bound":47.8615261662139},"point_estimate":47.69490377826223,"standard_error":0.09156230859704001},"std_dev":{"confidence_interval":{"confidence_level":0.95,"lower_bound":1.1412698683586309,"upper_bound":2.2496506059773123},"point_estimate":1.653336307637346,"standard_error":0.3036761736192497}}