{"mean":{"confidence_interval":{"confidence_level":0.95,"lower_bound":1722.679727803869,"upper_bound":1725.661966021598},"point_estimate":1724.09909131238,"standard_error":0.7654442357240802},"median":{"confidence_interval":{"confidence_level":0.95,"lower_bound":1720.9957808430743,"upper_bound":1723.0600250626567},"point_estimate":1721.7816342486651,"standard_error":0.47217509944059005},"median_abs_dev":{"confidence_interval":{"confidence_level":0.95,"lower_bound":2.342411815194312,"upper_bound":4.7036346452283215},"point_estimate":3.1538237004141765,"standard_error":0.5966802213773238},"slope":{"confidence_interval":{"confidence_level":0.95,"lower_bound":1719.4318173356285,"upper_bound":1722.1359699299373},"point_estimate":1720.774255450211,"standard_error":0.6879921600156674},"std_dev":{"confidence_interval":{"confidence_level":0.95,"lower_bound":5.534145123020006,"upper_bound":9.646379410782862},"point_estimate":7.696606552565287,"standard_error":1.047912676857445}}