{"mean":{"confidence_interval":{"confidence_level":0.95,"lower_bound":2166.3854580712955,"upper_bound":2189.4319070962683},"point_estimate":2176.870400771921,"standard_error":5.896356987156746},"median":{"confidence_interval":{"confidence_level":0.95,"lower_bound":2163.5273178807947,"upper_bound":2179.8107816833644},"point_estimate":2173.6300670242626,"standard_error":4.569564797676259},"median_abs_dev":{"confidence_interval":{"confidence_level":0.95,"lower_bound":25.63124317354467,"upper_bound":45.363057671565876},"point_estimate":34.2572836546209,"standard_error":5.095410047860595},"slope":{"confidence_interval":{"confidence_level":0.95,"lower_bound":2160.820647270681,"upper_bound":2181.7278958315837},"point_estimate":2170.8273128032383,"standard_error":5.309589255154836},"std_dev":{"confidence_interval":{"confidence_level":0.95,"lower_bound":35.17007448622815,"upper_bound":85.72429591028505},"point_estimate":59.5084619109861,"standard_error":14.584518751004362}}