{"mean":{"confidence_interval":{"confidence_level":0.95,"lower_bound":1661.7830309195515,"upper_bound":1664.7474287834657},"point_estimate":1663.1691788119706,"standard_error":0.7574195228885479},"median":{"confidence_interval":{"confidence_level":0.95,"lower_bound":1659.2897860229016,"upper_bound":1661.0535238099665},"point_estimate":1659.5110111547092,"standard_error":0.5259683117553627},"median_abs_dev":{"confidence_interval":{"confidence_level":0.95,"lower_bound":1.396751308527916,"upper_bound":4.353482380491681},"point_estimate":1.9705341583402913,"standard_error":0.796825246147099},"slope":{"confidence_interval":{"confidence_level":0.95,"lower_bound":1659.0159739487528,"upper_bound":1659.6077003203247},"point_estimate":1659.2852984054625,"standard_error":0.15082801730593398},"std_dev":{"confidence_interval":{"confidence_level":0.95,"lower_bound":4.925730627170888,"upper_bound":9.853740039943954},"point_estimate":7.599696567980327,"standard_error":1.2510025175246122}}