{"mean":{"confidence_interval":{"confidence_level":0.95,"lower_bound":7582.580275372664,"upper_bound":7708.578543943612},"point_estimate":7646.789208337911,"standard_error":32.11436961538252},"median":{"confidence_interval":{"confidence_level":0.95,"lower_bound":7731.337743918738,"upper_bound":7733.270221463536},"point_estimate":7731.936720471604,"standard_error":0.48176748473654796},"median_abs_dev":{"confidence_interval":{"confidence_level":0.95,"lower_bound":2.8064157247844355,"upper_bound":5.787767482324426},"point_estimate":4.232826352863713,"standard_error":0.7025189441835312},"slope":{"confidence_interval":{"confidence_level":0.95,"lower_bound":7730.30735494343,"upper_bound":7732.676202588821},"point_estimate":7731.406887757849,"standard_error":0.6046833964975343},"std_dev":{"confidence_interval":{"confidence_level":0.95,"lower_bound":180.94628452894125,"upper_bound":414.828610182108},"point_estimate":324.32692458601883,"standard_error":56.82752079609612}}