{"mean":{"confidence_interval":{"confidence_level":0.95,"lower_bound":82244.36664818948,"upper_bound":83227.31442186321},"point_estimate":82724.07474120843,"standard_error":250.7932427341998},"median":{"confidence_interval":{"confidence_level":0.95,"lower_bound":83515.64490790898,"upper_bound":83771.74844074844},"point_estimate":83660.87377899878,"standard_error":67.74426450881009},"median_abs_dev":{"confidence_interval":{"confidence_level":0.95,"lower_bound":308.73189887305176,"upper_bound":671.7014402561177},"point_estimate":474.7020643634502,"standard_error":93.09197684214911},"slope":{"confidence_interval":{"confidence_level":0.95,"lower_bound":80448.0914016861,"upper_bound":81619.2522662336},"point_estimate":80982.41818053677,"standard_error":300.39331473015994},"std_dev":{"confidence_interval":{"confidence_level":0.95,"lower_bound":1889.8078185245174,"upper_bound":3287.5436659196093},"point_estimate":2520.8403398348164,"standard_error":380.8967477707086}}