{"mean":{"confidence_interval":{"confidence_level":0.95,"lower_bound":2008.236691721503,"upper_bound":2010.8239861298753},"point_estimate":2009.4464519311298,"standard_error":0.6618814118782121},"median":{"confidence_interval":{"confidence_level":0.95,"lower_bound":2007.1321926765474,"upper_bound":2008.9872654801632},"point_estimate":2008.140657762097,"standard_error":0.4806087969222963},"median_abs_dev":{"confidence_interval":{"confidence_level":0.95,"lower_bound":2.4007484661884377,"upper_bound":4.725851024162036},"point_estimate":3.528002525299158,"standard_error":0.5651131073583678},"slope":{"confidence_interval":{"confidence_level":0.95,"lower_bound":2006.5351460114575,"upper_bound":2007.6774924040235},"point_estimate":2007.1048300814675,"standard_error":0.29120008621559706},"std_dev":{"confidence_interval":{"confidence_level":0.95,"lower_bound":4.183047891373317,"upper_bound":8.973355664101245},"point_estimate":6.635776194367353,"standard_error":1.2523108882477603}}