{"mean":{"confidence_interval":{"confidence_level":0.95,"lower_bound":4.090212388964544,"upper_bound":4.110481538496719},"point_estimate":4.09743029986367,"standard_error":0.0060630390358255735},"median":{"confidence_interval":{"confidence_level":0.95,"lower_bound":4.087991012017341,"upper_bound":4.0905658187419345},"point_estimate":4.08885873427764,"standard_error":0.0005884428645308932},"median_abs_dev":{"confidence_interval":{"confidence_level":0.95,"lower_bound":0.003903633890085969,"upper_bound":0.006949760472635325},"point_estimate":0.005337226743826523,"standard_error":0.0008140032198744368},"slope":{"confidence_interval":{"confidence_level":0.95,"lower_bound":4.089348627701315,"upper_bound":4.098988819561452},"point_estimate":4.092769169176856,"standard_error":0.0026052644177833022},"std_dev":{"confidence_interval":{"confidence_level":0.95,"lower_bound":0.006327496458192448,"upper_bound":0.1038998458485139},"point_estimate":0.060888508221745706,"standard_error":0.03452887598531895}}