{"mean":{"confidence_interval":{"confidence_level":0.95,"lower_bound":88.49049932369489,"upper_bound":89.49536744208245},"point_estimate":88.93049219055801,"standard_error":0.25928351575990916},"median":{"confidence_interval":{"confidence_level":0.95,"lower_bound":88.22889659330721,"upper_bound":88.30877197095198},"point_estimate":88.25550798998148,"standard_error":0.020911579639617473},"median_abs_dev":{"confidence_interval":{"confidence_level":0.95,"lower_bound":0.10093151302061863,"upper_bound":0.18588129133338263},"point_estimate":0.12658482221017386,"standard_error":0.023001792163248196},"slope":{"confidence_interval":{"confidence_level":0.95,"lower_bound":88.28365849092226,"upper_bound":89.11975105931313},"point_estimate":88.62047090019152,"standard_error":0.21796447285631348},"std_dev":{"confidence_interval":{"confidence_level":0.95,"lower_bound":1.0390922891633791,"upper_bound":3.871001281322026},"point_estimate":2.6054810433590627,"standard_error":0.7308086386850723}}