{"mean":{"confidence_interval":{"confidence_level":0.95,"lower_bound":128.4349984939881,"upper_bound":128.75366388118982},"point_estimate":128.58002055501228,"standard_error":0.08170931842954729},"median":{"confidence_interval":{"confidence_level":0.95,"lower_bound":128.26938303675803,"upper_bound":128.52127363479488},"point_estimate":128.43589101066976,"standard_error":0.06236706191704491},"median_abs_dev":{"confidence_interval":{"confidence_level":0.95,"lower_bound":0.3620946264206162,"upper_bound":0.6389417419409268},"point_estimate":0.511008890073033,"standard_error":0.0734293979467105},"slope":{"confidence_interval":{"confidence_level":0.95,"lower_bound":128.20532444183738,"upper_bound":128.37236758906613},"point_estimate":128.28561787659692,"standard_error":0.042557970960701935},"std_dev":{"confidence_interval":{"confidence_level":0.95,"lower_bound":0.4801082214146197,"upper_bound":1.186842533741284},"point_estimate":0.8245443051040593,"standard_error":0.2007336241233903}}