{"mean":{"confidence_interval":{"confidence_level":0.95,"lower_bound":21.216895480651385,"upper_bound":21.493978026292538},"point_estimate":21.34982780232373,"standard_error":0.07065832992314039},"median":{"confidence_interval":{"confidence_level":0.95,"lower_bound":21.117488230907714,"upper_bound":21.368223835801754},"point_estimate":21.270501815235324,"standard_error":0.07608955434099383},"median_abs_dev":{"confidence_interval":{"confidence_level":0.95,"lower_bound":0.43551883107735545,"upper_bound":0.7299488464645171},"point_estimate":0.6124876494217986,"standard_error":0.07775651327866218},"slope":{"confidence_interval":{"confidence_level":0.95,"lower_bound":21.187511691121614,"upper_bound":21.464815433898355},"point_estimate":21.32157984959542,"standard_error":0.0708877299833793},"std_dev":{"confidence_interval":{"confidence_level":0.95,"lower_bound":0.5363938388711587,"upper_bound":0.8693532217737902},"point_estimate":0.7082314933206967,"standard_error":0.08565628463104998}}