{"mean":{"confidence_interval":{"confidence_level":0.95,"lower_bound":17.418643119439825,"upper_bound":17.424130502920306},"point_estimate":17.421199418582432,"standard_error":0.0014018729872209844},"median":{"confidence_interval":{"confidence_level":0.95,"lower_bound":17.41829587672818,"upper_bound":17.420803886494042},"point_estimate":17.419673737358053,"standard_error":0.0007263981820768491},"median_abs_dev":{"confidence_interval":{"confidence_level":0.95,"lower_bound":0.003407743792433654,"upper_bound":0.005825783024764784},"point_estimate":0.004302670223932397,"standard_error":0.0006075621499107849},"slope":{"confidence_interval":{"confidence_level":0.95,"lower_bound":17.41989170776413,"upper_bound":17.422532236007914},"point_estimate":17.421146448353966,"standard_error":0.000672708663560669},"std_dev":{"confidence_interval":{"confidence_level":0.95,"lower_bound":0.007845450796439514,"upper_bound":0.019522453044952027},"point_estimate":0.014183169958860212,"standard_error":0.0029756092305029498}}