{"mean":{"confidence_interval":{"confidence_level":0.95,"lower_bound":20.099094615480105,"upper_bound":20.51837880950954},"point_estimate":20.295762076407826,"standard_error":0.10699182561865074},"median":{"confidence_interval":{"confidence_level":0.95,"lower_bound":19.924282223247165,"upper_bound":20.310806861789814},"point_estimate":20.12902113726092,"standard_error":0.08871328016396723},"median_abs_dev":{"confidence_interval":{"confidence_level":0.95,"lower_bound":0.6503660972979429,"upper_bound":0.9991210026628569},"point_estimate":0.8741020420821127,"standard_error":0.09079732902207753},"slope":{"confidence_interval":{"confidence_level":0.95,"lower_bound":20.263912928567734,"upper_bound":20.73475070032496},"point_estimate":20.49770667364459,"standard_error":0.11976334283941863},"std_dev":{"confidence_interval":{"confidence_level":0.95,"lower_bound":0.7414578851190832,"upper_bound":1.4541332747217466},"point_estimate":1.076956809125743,"standard_error":0.1968842684605532}}