{"mean":{"confidence_interval":{"confidence_level":0.95,"lower_bound":923.2886600521753,"upper_bound":924.8857896549061},"point_estimate":924.0149976161424,"standard_error":0.4104211503006723},"median":{"confidence_interval":{"confidence_level":0.95,"lower_bound":922.5358069934341,"upper_bound":923.2409710831662},"point_estimate":922.9423577133211,"standard_error":0.19087495396193757},"median_abs_dev":{"confidence_interval":{"confidence_level":0.95,"lower_bound":1.0143624662660027,"upper_bound":1.7216405279864047},"point_estimate":1.3966248545515372,"standard_error":0.17360054911863174},"slope":{"confidence_interval":{"confidence_level":0.95,"lower_bound":922.564869789677,"upper_bound":923.0249053363302},"point_estimate":922.7885289472534,"standard_error":0.11742131281947152},"std_dev":{"confidence_interval":{"confidence_level":0.95,"lower_bound":2.2310218342175143,"upper_bound":5.855471456256048},"point_estimate":4.109211461144823,"standard_error":0.9513655535580914}}