{"mean":{"confidence_interval":{"confidence_level":0.95,"lower_bound":99.68776077600839,"upper_bound":100.02779496055005},"point_estimate":99.83898481094282,"standard_error":0.08729136972026492},"median":{"confidence_interval":{"confidence_level":0.95,"lower_bound":99.53994355188884,"upper_bound":99.62363815684483},"point_estimate":99.5672989708704,"standard_error":0.022858864214135834},"median_abs_dev":{"confidence_interval":{"confidence_level":0.95,"lower_bound":0.14276592583468928,"upper_bound":0.25678011290577263},"point_estimate":0.19087601686981778,"standard_error":0.031033327369605394},"slope":{"confidence_interval":{"confidence_level":0.95,"lower_bound":99.48993977249707,"upper_bound":99.99103311497088},"point_estimate":99.65550844052332,"standard_error":0.1457902906439747},"std_dev":{"confidence_interval":{"confidence_level":0.95,"lower_bound":0.40334795198849266,"upper_bound":1.2566105112347667},"point_estimate":0.8760433138642265,"standard_error":0.22063303049018815}}