{"mean":{"confidence_interval":{"confidence_level":0.95,"lower_bound":1479.3848744162542,"upper_bound":1485.1075432146356},"point_estimate":1481.9241822511844,"standard_error":1.4685228700180757},"median":{"confidence_interval":{"confidence_level":0.95,"lower_bound":1479.3674491189283,"upper_bound":1481.2322814635402},"point_estimate":1480.4001972386588,"standard_error":0.5331918354455055},"median_abs_dev":{"confidence_interval":{"confidence_level":0.95,"lower_bound":3.252496654198637,"upper_bound":5.516863250107541},"point_estimate":4.497895037163232,"standard_error":0.5607299316994883},"slope":{"confidence_interval":{"confidence_level":0.95,"lower_bound":1474.846087754554,"upper_bound":1478.906716609661},"point_estimate":1476.8361112315858,"standard_error":1.0377353827703266},"std_dev":{"confidence_interval":{"confidence_level":0.95,"lower_bound":6.433613144658473,"upper_bound":21.833704518805842},"point_estimate":14.785602546431717,"standard_error":4.080008424897839}}