{"mean":{"confidence_interval":{"confidence_level":0.95,"lower_bound":2225.415866950389,"upper_bound":2276.5991384901763},"point_estimate":2247.869641217622,"standard_error":13.13993995293362},"median":{"confidence_interval":{"confidence_level":0.95,"lower_bound":2206.541822721598,"upper_bound":2227.2043509442983},"point_estimate":2214.3874124735385,"standard_error":5.812432210751671},"median_abs_dev":{"confidence_interval":{"confidence_level":0.95,"lower_bound":26.03432712909025,"upper_bound":56.22927236843137},"point_estimate":37.015095591225425,"standard_error":7.921279309138251},"slope":{"confidence_interval":{"confidence_level":0.95,"lower_bound":2219.407743143282,"upper_bound":2250.5182441539177},"point_estimate":2234.1585577463666,"standard_error":7.94407170409062},"std_dev":{"confidence_interval":{"confidence_level":0.95,"lower_bound":61.217621656753074,"upper_bound":199.5256736384414},"point_estimate":132.51587282211526,"standard_error":38.46153510460167}}