{"mean":{"confidence_interval":{"confidence_level":0.95,"lower_bound":4.4261172878086334,"upper_bound":4.51792886848923},"point_estimate":4.4714378999273405,"standard_error":0.02339695268497138},"median":{"confidence_interval":{"confidence_level":0.95,"lower_bound":4.383582630258132,"upper_bound":4.500394430268385},"point_estimate":4.458055508439612,"standard_error":0.03253854131081992},"median_abs_dev":{"confidence_interval":{"confidence_level":0.95,"lower_bound":0.15880650861611212,"upper_bound":0.2655587418987719},"point_estimate":0.21087109953396635,"standard_error":0.027724132499758657},"slope":{"confidence_interval":{"confidence_level":0.95,"lower_bound":4.391250566453322,"upper_bound":4.490158113773044},"point_estimate":4.440056477386086,"standard_error":0.025240768214679916},"std_dev":{"confidence_interval":{"confidence_level":0.95,"lower_bound":0.19212653252248577,"upper_bound":0.27485397334338507},"point_estimate":0.2350425568942957,"standard_error":0.02125730781301314}}