{"mean":{"confidence_interval":{"confidence_level":0.95,"lower_bound":27127.432022060882,"upper_bound":27955.682640682786},"point_estimate":27510.452095425717,"standard_error":210.72863745206007},"median":{"confidence_interval":{"confidence_level":0.95,"lower_bound":27082.955631260193,"upper_bound":27594.04426129426},"point_estimate":27339.604485350075,"standard_error":135.82779177169328},"median_abs_dev":{"confidence_interval":{"confidence_level":0.95,"lower_bound":730.7126964570799,"upper_bound":1508.6136749635089},"point_estimate":983.6368630764598,"standard_error":204.20351426049996},"slope":{"confidence_interval":{"confidence_level":0.95,"lower_bound":27469.63138003588,"upper_bound":28126.45377102816},"point_estimate":27785.104731211926,"standard_error":167.6369897124308},"std_dev":{"confidence_interval":{"confidence_level":0.95,"lower_bound":1376.1429312608975,"upper_bound":2908.119112494831},"point_estimate":2107.630004518958,"standard_error":420.1870789777802}}