{"mean":{"confidence_interval":{"confidence_level":0.95,"lower_bound":48.990901826831966,"upper_bound":49.02871934638082},"point_estimate":49.00965314186132,"standard_error":0.009642490838413774},"median":{"confidence_interval":{"confidence_level":0.95,"lower_bound":48.98838159209749,"upper_bound":49.02624131859336},"point_estimate":49.004553602893694,"standard_error":0.010213620643868559},"median_abs_dev":{"confidence_interval":{"confidence_level":0.95,"lower_bound":0.057905989233529256,"upper_bound":0.10698280145265394},"point_estimate":0.0808696949608574,"standard_error":0.012179458032845255},"slope":{"confidence_interval":{"confidence_level":0.95,"lower_bound":49.00106921171269,"upper_bound":49.03843261470595},"point_estimate":49.019840334829816,"standard_error":0.009532706059402414},"std_dev":{"confidence_interval":{"confidence_level":0.95,"lower_bound":0.08097486450962808,"upper_bound":0.11221110806963636},"point_estimate":0.09712909991781225,"standard_error":0.007992082797867077}}