{"mean":{"confidence_interval":{"confidence_level":0.95,"lower_bound":13.843035916936419,"upper_bound":13.901330085233136},"point_estimate":13.868533389670766,"standard_error":0.015007312541098482},"median":{"confidence_interval":{"confidence_level":0.95,"lower_bound":13.825534204474652,"upper_bound":13.832228777155679},"point_estimate":13.829934036500745,"standard_error":0.0018798690470513907},"median_abs_dev":{"confidence_interval":{"confidence_level":0.95,"lower_bound":0.009170469714725779,"upper_bound":0.020328442180777406},"point_estimate":0.013468509030478273,"standard_error":0.0026411435253691612},"slope":{"confidence_interval":{"confidence_level":0.95,"lower_bound":13.84228710036035,"upper_bound":13.965620842069006},"point_estimate":13.889992164212337,"standard_error":0.03309166571440377},"std_dev":{"confidence_interval":{"confidence_level":0.95,"lower_bound":0.05375040338282883,"upper_bound":0.22551404155370744},"point_estimate":0.15140074748743323,"standard_error":0.04349328358875978}}