{"mean":{"confidence_interval":{"confidence_level":0.95,"lower_bound":10078.163015671083,"upper_bound":10179.600544128454},"point_estimate":10131.790992389002,"standard_error":25.95499019537719},"median":{"confidence_interval":{"confidence_level":0.95,"lower_bound":10186.020202020201,"upper_bound":10235.071613571614},"point_estimate":10219.532726966037,"standard_error":14.21116646761992},"median_abs_dev":{"confidence_interval":{"confidence_level":0.95,"lower_bound":60.71589901570471,"upper_bound":110.09703337312351},"point_estimate":79.7986319422499,"standard_error":12.067951650059744},"slope":{"confidence_interval":{"confidence_level":0.95,"lower_bound":10199.508134792388,"upper_bound":10228.948812671146},"point_estimate":10214.805747679246,"standard_error":7.485824042274698},"std_dev":{"confidence_interval":{"confidence_level":0.95,"lower_bound":189.5637200966257,"upper_bound":316.4230655331167},"point_estimate":260.75225135382766,"standard_error":33.07727591810111}}