{"mean":{"confidence_interval":{"confidence_level":0.95,"lower_bound":10902.913007716981,"upper_bound":10932.237788222683},"point_estimate":10916.698942772744,"standard_error":7.491099264484253},"median":{"confidence_interval":{"confidence_level":0.95,"lower_bound":10889.070410628019,"upper_bound":10896.723239722123},"point_estimate":10894.35958476354,"standard_error":2.115511779891101},"median_abs_dev":{"confidence_interval":{"confidence_level":0.95,"lower_bound":13.368055899664819,"upper_bound":23.630455796868883},"point_estimate":17.961015060372965,"standard_error":2.614928574783622},"slope":{"confidence_interval":{"confidence_level":0.95,"lower_bound":10884.48771709964,"upper_bound":10890.851068222368},"point_estimate":10887.541723613958,"standard_error":1.6235589478622228},"std_dev":{"confidence_interval":{"confidence_level":0.95,"lower_bound":53.19683102102672,"upper_bound":92.07283714101968},"point_estimate":75.21093396024477,"standard_error":9.982181587019447}}