{"mean":{"confidence_interval":{"confidence_level":0.95,"lower_bound":2918.6577814596144,"upper_bound":3008.907143539243},"point_estimate":2958.5247753258795,"standard_error":23.18275439205734},"median":{"confidence_interval":{"confidence_level":0.95,"lower_bound":2893.417478882391,"upper_bound":2911.9373684210527},"point_estimate":2899.0121500485584,"standard_error":4.669015434546541},"median_abs_dev":{"confidence_interval":{"confidence_level":0.95,"lower_bound":33.11121878350362,"upper_bound":59.69353516493858},"point_estimate":45.11624797095646,"standard_error":6.670236192903792},"slope":{"confidence_interval":{"confidence_level":0.95,"lower_bound":2907.007915256467,"upper_bound":2963.9619342253864},"point_estimate":2933.3055049055574,"standard_error":14.553931775695954},"std_dev":{"confidence_interval":{"confidence_level":0.95,"lower_bound":98.19793556350136,"upper_bound":339.4592310253168},"point_estimate":233.81294634096503,"standard_error":62.67319376733243}}