{"mean":{"confidence_interval":{"confidence_level":0.95,"lower_bound":2312.0382296959424,"upper_bound":2320.552566827021},"point_estimate":2317.0211016094613,"standard_error":2.2088353187191174},"median":{"confidence_interval":{"confidence_level":0.95,"lower_bound":2317.839231229097,"upper_bound":2318.7506451174795},"point_estimate":2318.224002585706,"standard_error":0.18940386600285533},"median_abs_dev":{"confidence_interval":{"confidence_level":0.95,"lower_bound":1.1731429868197776,"upper_bound":2.082752193175609},"point_estimate":1.4971202770390344,"standard_error":0.21093236951266894},"slope":{"confidence_interval":{"confidence_level":0.95,"lower_bound":2317.2516809928184,"upper_bound":2317.8425153278354},"point_estimate":2317.5259403787077,"standard_error":0.15025811157307783},"std_dev":{"confidence_interval":{"confidence_level":0.95,"lower_bound":4.62753220069767,"upper_bound":34.35993234827326},"point_estimate":22.193952080193085,"standard_error":7.94915593451899}}