{"mean":{"confidence_interval":{"confidence_level":0.95,"lower_bound":4.297315233782013,"upper_bound":4.403001659223203},"point_estimate":4.346632079613159,"standard_error":0.0270187303397329},"median":{"confidence_interval":{"confidence_level":0.95,"lower_bound":4.277831261370528,"upper_bound":4.332862530935663},"point_estimate":4.318664721265641,"standard_error":0.016661914144490197},"median_abs_dev":{"confidence_interval":{"confidence_level":0.95,"lower_bound":0.13060524679540475,"upper_bound":0.2366992658699865},"point_estimate":0.19113760933938653,"standard_error":0.027508361831364774},"slope":{"confidence_interval":{"confidence_level":0.95,"lower_bound":4.274032706627371,"upper_bound":4.343462406287712},"point_estimate":4.306816042658919,"standard_error":0.017735764603406846},"std_dev":{"confidence_interval":{"confidence_level":0.95,"lower_bound":0.18390158140028917,"upper_bound":0.3709716359490855},"point_estimate":0.2716925211124451,"standard_error":0.05134220452895211}}