{"mean":{"confidence_interval":{"confidence_level":0.95,"lower_bound":4.393564029704396,"upper_bound":4.425352561908673},"point_estimate":4.405251917568083,"standard_error":0.00887668861288218},"median":{"confidence_interval":{"confidence_level":0.95,"lower_bound":4.389687860896297,"upper_bound":4.39241436643815},"point_estimate":4.390876680149059,"standard_error":0.0007180299474002758},"median_abs_dev":{"confidence_interval":{"confidence_level":0.95,"lower_bound":0.003069760319664137,"upper_bound":0.006149837601041798},"point_estimate":0.00451134785848555,"standard_error":0.0008507560564200996},"slope":{"confidence_interval":{"confidence_level":0.95,"lower_bound":4.393193242051153,"upper_bound":4.399506721381},"point_estimate":4.396025082999873,"standard_error":0.0016275901315050115},"std_dev":{"confidence_interval":{"confidence_level":0.95,"lower_bound":0.010561057808319795,"upper_bound":0.15066097584219107},"point_estimate":0.08928501758759988,"standard_error":0.046032690608195585}}