{"mean":{"confidence_interval":{"confidence_level":0.95,"lower_bound":14942.464039818826,"upper_bound":15547.365761174302},"point_estimate":15260.618323220033,"standard_error":153.96921925709867},"median":{"confidence_interval":{"confidence_level":0.95,"lower_bound":15743.195833333333,"upper_bound":15833.979629982128},"point_estimate":15768.722577475435,"standard_error":29.164381437112194},"median_abs_dev":{"confidence_interval":{"confidence_level":0.95,"lower_bound":144.90507872488868,"upper_bound":294.81560830886735},"point_estimate":185.95059477484884,"standard_error":38.510440577947655},"slope":{"confidence_interval":{"confidence_level":0.95,"lower_bound":15797.565819099127,"upper_bound":15888.94400310882},"point_estimate":15841.284962880083,"standard_error":23.27989018289131},"std_dev":{"confidence_interval":{"confidence_level":0.95,"lower_bound":1201.9204661313404,"upper_bound":1791.66099832762},"point_estimate":1540.189985754409,"standard_error":150.01839910373602}}