{"mean":{"confidence_interval":{"confidence_level":0.95,"lower_bound":11963.14030286458,"upper_bound":12671.262665109234},"point_estimate":12219.785392187701,"standard_error":204.6200598021033},"median":{"confidence_interval":{"confidence_level":0.95,"lower_bound":11921.824094604583,"upper_bound":12045.308536585366},"point_estimate":11999.011373883546,"standard_error":33.52368597659022},"median_abs_dev":{"confidence_interval":{"confidence_level":0.95,"lower_bound":159.36780803808196,"upper_bound":272.9570932627847},"point_estimate":208.62985054178108,"standard_error":28.809064569308028},"slope":{"confidence_interval":{"confidence_level":0.95,"lower_bound":12056.878249054378,"upper_bound":12204.878476983577},"point_estimate":12128.215866273558,"standard_error":37.8058332975694},"std_dev":{"confidence_interval":{"confidence_level":0.95,"lower_bound":303.857409196697,"upper_bound":3494.3160144347717},"point_estimate":2057.5339718671694,"standard_error":1114.2460644502787}}