{"mean":{"confidence_interval":{"confidence_level":0.95,"lower_bound":2065.9048433841567,"upper_bound":2095.581578598464},"point_estimate":2080.448137361518,"standard_error":7.5720769625057756},"median":{"confidence_interval":{"confidence_level":0.95,"lower_bound":2044.882037428549,"upper_bound":2090.9767995570323},"point_estimate":2065.0050301765414,"standard_error":9.652190045106222},"median_abs_dev":{"confidence_interval":{"confidence_level":0.95,"lower_bound":56.762118062250515,"upper_bound":87.96622748479874},"point_estimate":70.64101175396854,"standard_error":7.6854993221832695},"slope":{"confidence_interval":{"confidence_level":0.95,"lower_bound":2065.7865066375894,"upper_bound":2102.858402246206},"point_estimate":2084.3953609685855,"standard_error":9.487714909379491},"std_dev":{"confidence_interval":{"confidence_level":0.95,"lower_bound":63.885570028589974,"upper_bound":87.18831093738879},"point_estimate":76.29806539488881,"standard_error":5.95710052155882}}