{"mean":{"confidence_interval":{"confidence_level":0.95,"lower_bound":11.012526954113724,"upper_bound":11.014198950760226},"point_estimate":11.013310978804661,"standard_error":0.0004274479600312914},"median":{"confidence_interval":{"confidence_level":0.95,"lower_bound":11.012023297291671,"upper_bound":11.01296770126451},"point_estimate":11.012527516796624,"standard_error":0.00025620589999353745},"median_abs_dev":{"confidence_interval":{"confidence_level":0.95,"lower_bound":0.0017490260135470798,"upper_bound":0.002897732885301982},"point_estimate":0.0025241014163613616,"standard_error":0.00028043501263123454},"slope":{"confidence_interval":{"confidence_level":0.95,"lower_bound":11.012543029387796,"upper_bound":11.013575269031712},"point_estimate":11.013035094220456,"standard_error":0.00026378147272409456},"std_dev":{"confidence_interval":{"confidence_level":0.95,"lower_bound":0.002600075450190438,"upper_bound":0.006024949585668714},"point_estimate":0.004314231927985402,"standard_error":0.0009109092291962081}}