{"mean":{"confidence_interval":{"confidence_level":0.95,"lower_bound":10.669200845956297,"upper_bound":10.713051341061357},"point_estimate":10.691262374928987,"standard_error":0.011175463814605642},"median":{"confidence_interval":{"confidence_level":0.95,"lower_bound":10.679066736871961,"upper_bound":10.719181284032851},"point_estimate":10.693635621380587,"standard_error":0.010332402952782257},"median_abs_dev":{"confidence_interval":{"confidence_level":0.95,"lower_bound":0.06608847202946017,"upper_bound":0.12017001573906588},"point_estimate":0.09652867186301789,"standard_error":0.013756521926148416},"slope":{"confidence_interval":{"confidence_level":0.95,"lower_bound":10.62348909161157,"upper_bound":10.686416678493512},"point_estimate":10.654946902290797,"standard_error":0.016022247631609417},"std_dev":{"confidence_interval":{"confidence_level":0.95,"lower_bound":0.09347713084643124,"upper_bound":0.1301865383771251},"point_estimate":0.11264296890094583,"standard_error":0.009367994865049432}}