{"mean":{"confidence_interval":{"confidence_level":0.95,"lower_bound":17.5210343590173,"upper_bound":17.54268340586782},"point_estimate":17.53153109514235,"standard_error":0.005539406454817614},"median":{"confidence_interval":{"confidence_level":0.95,"lower_bound":17.51976513640562,"upper_bound":17.534588997624013},"point_estimate":17.52781054547777,"standard_error":0.003914081640009333},"median_abs_dev":{"confidence_interval":{"confidence_level":0.95,"lower_bound":0.02932317753957676,"upper_bound":0.054327560807423285},"point_estimate":0.04042349618329127,"standard_error":0.006032378310423462},"slope":{"confidence_interval":{"confidence_level":0.95,"lower_bound":17.52410314680471,"upper_bound":17.539905063947792},"point_estimate":17.53209789242492,"standard_error":0.004034907064150102},"std_dev":{"confidence_interval":{"confidence_level":0.95,"lower_bound":0.041740581880834994,"upper_bound":0.07050641774527923},"point_estimate":0.055770060027991626,"standard_error":0.007532469132003802}}