{"mean":{"confidence_interval":{"confidence_level":0.95,"lower_bound":21.45747233415484,"upper_bound":21.947813376535393},"point_estimate":21.700085024401886,"standard_error":0.12528798787956982},"median":{"confidence_interval":{"confidence_level":0.95,"lower_bound":21.526321966654365,"upper_bound":21.870482807232477},"point_estimate":21.74047301888133,"standard_error":0.09585796943888782},"median_abs_dev":{"confidence_interval":{"confidence_level":0.95,"lower_bound":0.9596230113329025,"upper_bound":1.5136867271249907},"point_estimate":1.2134357455217801,"standard_error":0.1480095045852172},"slope":{"confidence_interval":{"confidence_level":0.95,"lower_bound":21.018487416137255,"upper_bound":21.555329529953998},"point_estimate":21.275389220103623,"standard_error":0.13734414296801378},"std_dev":{"confidence_interval":{"confidence_level":0.95,"lower_bound":1.069754923948823,"upper_bound":1.4263322574573172},"point_estimate":1.2583165708473407,"standard_error":0.09139738213852117}}