{"mean":{"confidence_interval":{"confidence_level":0.95,"lower_bound":382.7040604674664,"upper_bound":392.10849606354606},"point_estimate":387.2400732518984,"standard_error":2.4090950974259764},"median":{"confidence_interval":{"confidence_level":0.95,"lower_bound":376.7868766025483,"upper_bound":384.7153061939701},"point_estimate":380.6792733269019,"standard_error":2.136454752348735},"median_abs_dev":{"confidence_interval":{"confidence_level":0.95,"lower_bound":10.303400986801142,"upper_bound":19.071123034675413},"point_estimate":14.398681396321633,"standard_error":2.25596769029788},"slope":{"confidence_interval":{"confidence_level":0.95,"lower_bound":378.0387957054308,"upper_bound":385.5345327044093},"point_estimate":381.58664292411106,"standard_error":1.9066743871611114},"std_dev":{"confidence_interval":{"confidence_level":0.95,"lower_bound":18.339999890954502,"upper_bound":29.118906767827237},"point_estimate":24.157009549613605,"standard_error":2.7633667436277016}}