{"mean":{"confidence_interval":{"confidence_level":0.95,"lower_bound":606.8320590619888,"upper_bound":612.3085268419405},"point_estimate":609.4975631558387,"standard_error":1.3905391986101012},"median":{"confidence_interval":{"confidence_level":0.95,"lower_bound":602.6896845694799,"upper_bound":609.0063618667806},"point_estimate":606.9654790729851,"standard_error":1.7284451093310906},"median_abs_dev":{"confidence_interval":{"confidence_level":0.95,"lower_bound":7.929009541034023,"upper_bound":15.364335494555387},"point_estimate":11.716194656079361,"standard_error":1.873804721503454},"slope":{"confidence_interval":{"confidence_level":0.95,"lower_bound":604.3968238568777,"upper_bound":611.6207676464171},"point_estimate":607.7853063537333,"standard_error":1.8530786544337319},"std_dev":{"confidence_interval":{"confidence_level":0.95,"lower_bound":11.725897199715396,"upper_bound":15.984333182796755},"point_estimate":14.00114107907873,"standard_error":1.0899925686879575}}