{"mean":{"confidence_interval":{"confidence_level":0.95,"lower_bound":13.947491673328448,"upper_bound":14.04796972132659},"point_estimate":13.997903883917402,"standard_error":0.025680328405412373},"median":{"confidence_interval":{"confidence_level":0.95,"lower_bound":13.969523843651256,"upper_bound":14.087973252856012},"point_estimate":14.014466939165978,"standard_error":0.027454119577873415},"median_abs_dev":{"confidence_interval":{"confidence_level":0.95,"lower_bound":0.1806623599543499,"upper_bound":0.2815364837767954},"point_estimate":0.2400702505908924,"standard_error":0.025532356829744536},"slope":{"confidence_interval":{"confidence_level":0.95,"lower_bound":13.99565449836745,"upper_bound":14.073844939912881},"point_estimate":14.034754595930854,"standard_error":0.019905296584279756},"std_dev":{"confidence_interval":{"confidence_level":0.95,"lower_bound":0.212543650063724,"upper_bound":0.2993490583349201},"point_estimate":0.25795361554606616,"standard_error":0.022171847523848844}}