{"mean":{"confidence_interval":{"confidence_level":0.95,"lower_bound":94.2672130663079,"upper_bound":94.57350876712832},"point_estimate":94.39159472784011,"standard_error":0.08001961170161197},"median":{"confidence_interval":{"confidence_level":0.95,"lower_bound":94.16514681983564,"upper_bound":94.29166189658463},"point_estimate":94.21936120996932,"standard_error":0.03566476717368588},"median_abs_dev":{"confidence_interval":{"confidence_level":0.95,"lower_bound":0.1806539374672242,"upper_bound":0.3202896609542624},"point_estimate":0.23951962727955692,"standard_error":0.036747808261695256},"slope":{"confidence_interval":{"confidence_level":0.95,"lower_bound":94.16159272670559,"upper_bound":94.28159998818064},"point_estimate":94.21620885185683,"standard_error":0.030685572342000075},"std_dev":{"confidence_interval":{"confidence_level":0.95,"lower_bound":0.27750941129219614,"upper_bound":1.30103818894243},"point_estimate":0.8066392413369196,"standard_error":0.324572255405539}}