{"mean":{"confidence_interval":{"confidence_level":0.95,"lower_bound":911.2874361938511,"upper_bound":916.3487930109542},"point_estimate":914.534627222348,"standard_error":1.4984095383585962},"median":{"confidence_interval":{"confidence_level":0.95,"lower_bound":915.4258068858749,"upper_bound":916.1789402204163},"point_estimate":915.9481078563467,"standard_error":0.19476911326093432},"median_abs_dev":{"confidence_interval":{"confidence_level":0.95,"lower_bound":1.1161515813193716,"upper_bound":2.1107152236531497},"point_estimate":1.472893444132123,"standard_error":0.2516854119338011},"slope":{"confidence_interval":{"confidence_level":0.95,"lower_bound":915.1624209128049,"upper_bound":915.786751989231},"point_estimate":915.4752414597358,"standard_error":0.15942981314721416},"std_dev":{"confidence_interval":{"confidence_level":0.95,"lower_bound":1.8407610222127033,"upper_bound":25.731369542549185},"point_estimate":15.082947311602252,"standard_error":8.479002685828231}}