{"mean":{"confidence_interval":{"confidence_level":0.95,"lower_bound":1206.3694558766495,"upper_bound":1208.5745295737474},"point_estimate":1207.3489883440527,"standard_error":0.5674818343260488},"median":{"confidence_interval":{"confidence_level":0.95,"lower_bound":1205.3400622729632,"upper_bound":1205.9339397055355},"point_estimate":1205.515086783891,"standard_error":0.15776249969713782},"median_abs_dev":{"confidence_interval":{"confidence_level":0.95,"lower_bound":0.6476358548279013,"upper_bound":1.3165709141084203},"point_estimate":0.8912893841114448,"standard_error":0.18573029977777156},"slope":{"confidence_interval":{"confidence_level":0.95,"lower_bound":1205.1582201872045,"upper_bound":1205.3616835912571},"point_estimate":1205.2518583260946,"standard_error":0.05188014231194506},"std_dev":{"confidence_interval":{"confidence_level":0.95,"lower_bound":2.604971123255163,"upper_bound":8.236415362236544},"point_estimate":5.70050564051347,"standard_error":1.4483803266197874}}