{"mean":{"confidence_interval":{"confidence_level":0.95,"lower_bound":6.630370039613365,"upper_bound":6.633292123572394},"point_estimate":6.63178786901942,"standard_error":0.0007467123633511446},"median":{"confidence_interval":{"confidence_level":0.95,"lower_bound":6.628239338325566,"upper_bound":6.632615897964682},"point_estimate":6.630947143155945,"standard_error":0.0011186868530346024},"median_abs_dev":{"confidence_interval":{"confidence_level":0.95,"lower_bound":0.005866882453857556,"upper_bound":0.008954833442900352},"point_estimate":0.007492409193697983,"standard_error":0.0007143673409840644},"slope":{"confidence_interval":{"confidence_level":0.95,"lower_bound":6.63175435934653,"upper_bound":6.63442123241032},"point_estimate":6.633125960990368,"standard_error":0.0006797908425554987},"std_dev":{"confidence_interval":{"confidence_level":0.95,"lower_bound":0.006068897415579024,"upper_bound":0.00898148092233731},"point_estimate":0.007530443252731238,"standard_error":0.0007496843231815866}}