{"mean":{"confidence_interval":{"confidence_level":0.95,"lower_bound":7.923803145574969,"upper_bound":7.947649756596994},"point_estimate":7.936293877090118,"standard_error":0.006107824968612804},"median":{"confidence_interval":{"confidence_level":0.95,"lower_bound":7.952383306670526,"upper_bound":7.960718415440724},"point_estimate":7.957531195162039,"standard_error":0.0018466943390529136},"median_abs_dev":{"confidence_interval":{"confidence_level":0.95,"lower_bound":0.011252481079663163,"upper_bound":0.02764486436891674},"point_estimate":0.016415534637897414,"standard_error":0.004733182002120275},"slope":{"confidence_interval":{"confidence_level":0.95,"lower_bound":7.910691645857445,"upper_bound":7.943665984184354},"point_estimate":7.92816675015786,"standard_error":0.008424342792537533},"std_dev":{"confidence_interval":{"confidence_level":0.95,"lower_bound":0.044277441415542275,"upper_bound":0.07583085292765124},"point_estimate":0.061218062406552996,"standard_error":0.008071902547417686}}