{"mean":{"confidence_interval":{"confidence_level":0.95,"lower_bound":296.06244807116445,"upper_bound":300.3334824096422},"point_estimate":298.0976149153709,"standard_error":1.0898764990348822},"median":{"confidence_interval":{"confidence_level":0.95,"lower_bound":293.9737170712965,"upper_bound":296.53983709088226},"point_estimate":295.3222149686177,"standard_error":0.6899959495680346},"median_abs_dev":{"confidence_interval":{"confidence_level":0.95,"lower_bound":4.380934629065096,"upper_bound":8.064472924644132},"point_estimate":6.0288880450391025,"standard_error":0.9067727301442932},"slope":{"confidence_interval":{"confidence_level":0.95,"lower_bound":296.23462531825083,"upper_bound":301.97854298575095},"point_estimate":298.87068261007687,"standard_error":1.47125868248166},"std_dev":{"confidence_interval":{"confidence_level":0.95,"lower_bound":7.985444044072191,"upper_bound":13.773052165504406},"point_estimate":11.017026619504211,"standard_error":1.4799728098722311}}