{"mean":{"confidence_interval":{"confidence_level":0.95,"lower_bound":310.44966283322424,"upper_bound":311.0904144277424},"point_estimate":310.7293846651486,"standard_error":0.16497817268376172},"median":{"confidence_interval":{"confidence_level":0.95,"lower_bound":310.1738950801001,"upper_bound":310.4504102684928},"point_estimate":310.32779335165696,"standard_error":0.0759598234402381},"median_abs_dev":{"confidence_interval":{"confidence_level":0.95,"lower_bound":0.29551117982216146,"upper_bound":0.5432512601883893},"point_estimate":0.4287542610311558,"standard_error":0.06425224391896543},"slope":{"confidence_interval":{"confidence_level":0.95,"lower_bound":310.069526129137,"upper_bound":310.1727470155028},"point_estimate":310.11554008644964,"standard_error":0.026322594224514523},"std_dev":{"confidence_interval":{"confidence_level":0.95,"lower_bound":0.6966855192312682,"upper_bound":2.4450759580558645},"point_estimate":1.6520417865369157,"standard_error":0.45628053110640837}}