{"mean":{"confidence_interval":{"confidence_level":0.95,"lower_bound":738.9321633553649,"upper_bound":749.2377146182326},"point_estimate":743.9982061145453,"standard_error":2.6255577512309927},"median":{"confidence_interval":{"confidence_level":0.95,"lower_bound":734.0215431627196,"upper_bound":747.7395444870532},"point_estimate":740.4879017813493,"standard_error":3.7801211474670793},"median_abs_dev":{"confidence_interval":{"confidence_level":0.95,"lower_bound":18.373122007965108,"upper_bound":28.364911923764634},"point_estimate":24.04472442513087,"standard_error":2.575551766466276},"slope":{"confidence_interval":{"confidence_level":0.95,"lower_bound":746.694516841928,"upper_bound":759.1425801801416},"point_estimate":752.8845023872763,"standard_error":3.180237142246667},"std_dev":{"confidence_interval":{"confidence_level":0.95,"lower_bound":22.37308394991593,"upper_bound":30.05053474969526},"point_estimate":26.483564875438734,"standard_error":1.9682417159038876}}