{"mean":{"confidence_interval":{"confidence_level":0.95,"lower_bound":695.7218823009363,"upper_bound":701.2141538136043},"point_estimate":698.2483855740288,"standard_error":1.4039346062632119},"median":{"confidence_interval":{"confidence_level":0.95,"lower_bound":690.4195207353102,"upper_bound":698.2705073494548},"point_estimate":696.4437092306317,"standard_error":1.767480583061004},"median_abs_dev":{"confidence_interval":{"confidence_level":0.95,"lower_bound":3.1887001224023623,"upper_bound":12.180987974637194},"point_estimate":10.57425123143477,"standard_error":2.0350075132804886},"slope":{"confidence_interval":{"confidence_level":0.95,"lower_bound":694.7460971189206,"upper_bound":697.8550219753399},"point_estimate":696.3743120460961,"standard_error":0.7956829948760162},"std_dev":{"confidence_interval":{"confidence_level":0.95,"lower_bound":8.359880377504151,"upper_bound":18.92701281461884},"point_estimate":14.064822926652663,"standard_error":2.676669154245128}}