{"mean":{"confidence_interval":{"confidence_level":0.95,"lower_bound":751.1508604855128,"upper_bound":755.6132307115564},"point_estimate":753.3451522425026,"standard_error":1.1371636411112553},"median":{"confidence_interval":{"confidence_level":0.95,"lower_bound":748.9100096623642,"upper_bound":755.7931192019996},"point_estimate":753.5480265613137,"standard_error":1.7565051151614088},"median_abs_dev":{"confidence_interval":{"confidence_level":0.95,"lower_bound":9.36971897773845,"upper_bound":15.345825065706391},"point_estimate":12.034840009008125,"standard_error":1.5272547669556837},"slope":{"confidence_interval":{"confidence_level":0.95,"lower_bound":746.0043787099614,"upper_bound":750.5882965829643},"point_estimate":748.2496822952392,"standard_error":1.1692501667444395},"std_dev":{"confidence_interval":{"confidence_level":0.95,"lower_bound":9.774378633821184,"upper_bound":13.040941049722244},"point_estimate":11.424140177128473,"standard_error":0.8349145867001243}}