{"mean":{"confidence_interval":{"confidence_level":0.95,"lower_bound":1366.1787937691856,"upper_bound":1376.906444938824},"point_estimate":1370.049670246274,"standard_error":3.1323362142122364},"median":{"confidence_interval":{"confidence_level":0.95,"lower_bound":1364.5889543983376,"upper_bound":1365.3334896077513},"point_estimate":1365.089112201843,"standard_error":0.16853726476055936},"median_abs_dev":{"confidence_interval":{"confidence_level":0.95,"lower_bound":1.1555812941419359,"upper_bound":2.061051359059835},"point_estimate":1.6660148259438896,"standard_error":0.2241850653091253},"slope":{"confidence_interval":{"confidence_level":0.95,"lower_bound":1364.508202495677,"upper_bound":1365.0194149065483},"point_estimate":1364.7615155537846,"standard_error":0.13032812517124986},"std_dev":{"confidence_interval":{"confidence_level":0.95,"lower_bound":4.028652569600336,"upper_bound":53.512142519821374},"point_estimate":31.496973794783827,"standard_error":17.246685105141896}}