{"mean":{"confidence_interval":{"confidence_level":0.95,"lower_bound":1721.7355389261336,"upper_bound":1725.2398078575732},"point_estimate":1723.3879037201148,"standard_error":0.8969658659759053},"median":{"confidence_interval":{"confidence_level":0.95,"lower_bound":1719.6029300054258,"upper_bound":1722.9271321462043},"point_estimate":1720.7843148872298,"standard_error":0.7886674362381227},"median_abs_dev":{"confidence_interval":{"confidence_level":0.95,"lower_bound":4.397471987047796,"upper_bound":7.646759221143075},"point_estimate":5.968386933454164,"standard_error":0.8177326432445239},"slope":{"confidence_interval":{"confidence_level":0.95,"lower_bound":1718.6739983125783,"upper_bound":1720.7776340795476},"point_estimate":1719.6833714046893,"standard_error":0.5373728986798957},"std_dev":{"confidence_interval":{"confidence_level":0.95,"lower_bound":6.266825757984452,"upper_bound":11.383385498646081},"point_estimate":9.012233081466485,"standard_error":1.3112899940277085}}