{"mean":{"confidence_interval":{"confidence_level":0.95,"lower_bound":2357.5423652439345,"upper_bound":2381.890416003827},"point_estimate":2369.0416686598032,"standard_error":6.217550849126543},"median":{"confidence_interval":{"confidence_level":0.95,"lower_bound":2350.41476602148,"upper_bound":2366.045696679639},"point_estimate":2356.9933912521246,"standard_error":4.301663733242254},"median_abs_dev":{"confidence_interval":{"confidence_level":0.95,"lower_bound":28.45760282920955,"upper_bound":48.23945447789588},"point_estimate":36.44197940215228,"standard_error":4.844263042437535},"slope":{"confidence_interval":{"confidence_level":0.95,"lower_bound":2356.9753327836397,"upper_bound":2386.468902093236},"point_estimate":2370.6239083001697,"standard_error":7.532433395310537},"std_dev":{"confidence_interval":{"confidence_level":0.95,"lower_bound":42.34371152481327,"upper_bound":79.94132638426835},"point_estimate":62.404091683440626,"standard_error":9.600750407708787}}