{"mean":{"confidence_interval":{"confidence_level":0.95,"lower_bound":4087.913499412456,"upper_bound":4246.4744537789},"point_estimate":4166.446912329574,"standard_error":40.40773391076738},"median":{"confidence_interval":{"confidence_level":0.95,"lower_bound":4031.3243263614095,"upper_bound":4271.426660599058},"point_estimate":4165.796044816246,"standard_error":60.729555416839126},"median_abs_dev":{"confidence_interval":{"confidence_level":0.95,"lower_bound":337.6574216722072,"upper_bound":504.3695234973574},"point_estimate":425.2136250417536,"standard_error":42.036093140712495},"slope":{"confidence_interval":{"confidence_level":0.95,"lower_bound":3994.927581704296,"upper_bound":4139.411771774197},"point_estimate":4066.1488950233415,"standard_error":36.94698736477884},"std_dev":{"confidence_interval":{"confidence_level":0.95,"lower_bound":344.9484574107692,"upper_bound":462.48559525162415},"point_estimate":404.60881467958785,"standard_error":30.124357672137293}}