{"mean":{"confidence_interval":{"confidence_level":0.95,"lower_bound":2939.8054422921364,"upper_bound":2947.1160765499667},"point_estimate":2943.9787167674913,"standard_error":1.882491419730775},"median":{"confidence_interval":{"confidence_level":0.95,"lower_bound":2943.7910859465737,"upper_bound":2945.3961143577635},"point_estimate":2944.65889585899,"standard_error":0.39302588681825407},"median_abs_dev":{"confidence_interval":{"confidence_level":0.95,"lower_bound":2.5259002264539485,"upper_bound":4.416760085277352},"point_estimate":3.5024334838124185,"standard_error":0.49914744739318584},"slope":{"confidence_interval":{"confidence_level":0.95,"lower_bound":2943.4749539998115,"upper_bound":2944.7477711405245},"point_estimate":2944.0783005411417,"standard_error":0.32470356507443077},"std_dev":{"confidence_interval":{"confidence_level":0.95,"lower_bound":5.690618142238355,"upper_bound":28.666587132330918},"point_estimate":18.87917435194193,"standard_error":6.050455268095515}}