{"mean":{"confidence_interval":{"confidence_level":0.95,"lower_bound":16.78206508007468,"upper_bound":16.792664403076348},"point_estimate":16.787550764413957,"standard_error":0.0026968250870887775},"median":{"confidence_interval":{"confidence_level":0.95,"lower_bound":16.782809273789155,"upper_bound":16.794827472486055},"point_estimate":16.788831773091307,"standard_error":0.002544718945075301},"median_abs_dev":{"confidence_interval":{"confidence_level":0.95,"lower_bound":0.014883942134276875,"upper_bound":0.02418616600379017},"point_estimate":0.020013067238791645,"standard_error":0.002347848887571362},"slope":{"confidence_interval":{"confidence_level":0.95,"lower_bound":16.788203811194084,"upper_bound":16.795551445294418},"point_estimate":16.79180679955944,"standard_error":0.0018687787937908878},"std_dev":{"confidence_interval":{"confidence_level":0.95,"lower_bound":0.019426081744255516,"upper_bound":0.03460449850489253},"point_estimate":0.027107999011263952,"standard_error":0.003928408719409577}}