{"mean":{"confidence_interval":{"confidence_level":0.95,"lower_bound":150.13988446549385,"upper_bound":154.65006372061504},"point_estimate":152.43912398143107,"standard_error":1.151381396342713},"median":{"confidence_interval":{"confidence_level":0.95,"lower_bound":153.3973076923077,"upper_bound":154.76425339366517},"point_estimate":154.16521828473947,"standard_error":0.3421574371879302},"median_abs_dev":{"confidence_interval":{"confidence_level":0.95,"lower_bound":2.459918508716304,"upper_bound":4.726700701874252},"point_estimate":3.295219285756661,"standard_error":0.6135792610373377},"slope":{"confidence_interval":{"confidence_level":0.95,"lower_bound":150.40199789218659,"upper_bound":156.25619003919522},"point_estimate":153.49655856475428,"standard_error":1.4980305673226677},"std_dev":{"confidence_interval":{"confidence_level":0.95,"lower_bound":8.877667687758365,"upper_bound":13.932319242724324},"point_estimate":11.615791065352663,"standard_error":1.291513989103669}}