{"mean":{"confidence_interval":{"confidence_level":0.95,"lower_bound":180.08453279429546,"upper_bound":181.89896731995034},"point_estimate":180.8623516998014,"standard_error":0.46781547252884076},"median":{"confidence_interval":{"confidence_level":0.95,"lower_bound":178.9531328320802,"upper_bound":181.14270152505446},"point_estimate":179.7526847421584,"standard_error":0.49251264673122575},"median_abs_dev":{"confidence_interval":{"confidence_level":0.95,"lower_bound":1.669225496681094,"upper_bound":3.4276084748335784},"point_estimate":2.5678359389394636,"standard_error":0.42537298216799574},"slope":{"confidence_interval":{"confidence_level":0.95,"lower_bound":178.6188818278213,"upper_bound":179.18147569260736},"point_estimate":178.866608221702,"standard_error":0.14346514278392167},"std_dev":{"confidence_interval":{"confidence_level":0.95,"lower_bound":2.364488776035526,"upper_bound":7.250665123802277},"point_estimate":4.705892797258522,"standard_error":1.579766610809829}}