{"mean":{"confidence_interval":{"confidence_level":0.95,"lower_bound":1555.3142707289244,"upper_bound":1566.07983278418},"point_estimate":1559.2426966989588,"standard_error":3.061821145943562},"median":{"confidence_interval":{"confidence_level":0.95,"lower_bound":1553.3536092553366,"upper_bound":1554.6317485038212},"point_estimate":1553.9714529648043,"standard_error":0.30088387527123234},"median_abs_dev":{"confidence_interval":{"confidence_level":0.95,"lower_bound":1.847903552191756,"upper_bound":3.7472698209401085},"point_estimate":2.828375891787209,"standard_error":0.49846713255005093},"slope":{"confidence_interval":{"confidence_level":0.95,"lower_bound":1552.9690487595626,"upper_bound":1553.7435315249065},"point_estimate":1553.336614068181,"standard_error":0.1972568938723983},"std_dev":{"confidence_interval":{"confidence_level":0.95,"lower_bound":4.851753592753027,"upper_bound":51.94106405248367},"point_estimate":30.7015240944191,"standard_error":16.272777016528096}}