{"mean":{"confidence_interval":{"confidence_level":0.95,"lower_bound":1783.4656701712045,"upper_bound":1792.912814115071},"point_estimate":1789.2478180827975,"standard_error":2.5243627576714784},"median":{"confidence_interval":{"confidence_level":0.95,"lower_bound":1788.9190217391304,"upper_bound":1791.5738056897478},"point_estimate":1790.1819746376812,"standard_error":0.7193243895594224},"median_abs_dev":{"confidence_interval":{"confidence_level":0.95,"lower_bound":3.3183632158331178,"upper_bound":5.507369246716924},"point_estimate":4.245055518198862,"standard_error":0.5506682544815966},"slope":{"confidence_interval":{"confidence_level":0.95,"lower_bound":1789.5307879480586,"upper_bound":1794.1970393701208},"point_estimate":1791.6572394431203,"standard_error":1.191682692257887},"std_dev":{"confidence_interval":{"confidence_level":0.95,"lower_bound":6.150310431747089,"upper_bound":42.31505962718715},"point_estimate":25.32005653199875,"standard_error":11.88613495633999}}