{"mean":{"confidence_interval":{"confidence_level":0.95,"lower_bound":42976.54229585438,"upper_bound":44600.469402325936},"point_estimate":43626.331096376154,"standard_error":427.2756664472257},"median":{"confidence_interval":{"confidence_level":0.95,"lower_bound":42586.05513833992,"upper_bound":43254.06969423071},"point_estimate":42983.110798522306,"standard_error":164.8897080445113},"median_abs_dev":{"confidence_interval":{"confidence_level":0.95,"lower_bound":1167.6397714838845,"upper_bound":1922.5613092623626},"point_estimate":1531.9554806975214,"standard_error":196.5447462223704},"slope":{"confidence_interval":{"confidence_level":0.95,"lower_bound":43050.64686460595,"upper_bound":44025.952855109426},"point_estimate":43524.98157323585,"standard_error":249.60407440456},"std_dev":{"confidence_interval":{"confidence_level":0.95,"lower_bound":1514.035548519082,"upper_bound":6940.615847451768},"point_estimate":4277.0125484665095,"standard_error":1798.7340489306762}}