{"mean":{"confidence_interval":{"confidence_level":0.95,"lower_bound":4.446273874684782,"upper_bound":4.512679018670697},"point_estimate":4.478538643551815,"standard_error":0.016953512500395902},"median":{"confidence_interval":{"confidence_level":0.95,"lower_bound":4.436944129859022,"upper_bound":4.496800414761546},"point_estimate":4.472462486540522,"standard_error":0.015505555407248985},"median_abs_dev":{"confidence_interval":{"confidence_level":0.95,"lower_bound":0.11799913897052204,"upper_bound":0.18750354104701455},"point_estimate":0.15654944941824633,"standard_error":0.017898751338378076},"slope":{"confidence_interval":{"confidence_level":0.95,"lower_bound":4.498227288467808,"upper_bound":4.58266228143673},"point_estimate":4.540277301683119,"standard_error":0.021553179841495438},"std_dev":{"confidence_interval":{"confidence_level":0.95,"lower_bound":0.13537015373490552,"upper_bound":0.20604542206158957},"point_estimate":0.17058833226170778,"standard_error":0.018201929131694314}}