{"mean":{"confidence_interval":{"confidence_level":0.95,"lower_bound":20710.88738626426,"upper_bound":21134.81438542332},"point_estimate":20923.375370989845,"standard_error":108.30441082360235},"median":{"confidence_interval":{"confidence_level":0.95,"lower_bound":20821.54165476963,"upper_bound":21292.885},"point_estimate":21085.02164519141,"standard_error":124.83272507000433},"median_abs_dev":{"confidence_interval":{"confidence_level":0.95,"lower_bound":651.9282004450369,"upper_bound":1057.3551137061336},"point_estimate":866.8624639120751,"standard_error":110.42721657353201},"slope":{"confidence_interval":{"confidence_level":0.95,"lower_bound":20996.73463124809,"upper_bound":21305.055717234685},"point_estimate":21144.468837357766,"standard_error":78.66905848910922},"std_dev":{"confidence_interval":{"confidence_level":0.95,"lower_bound":915.3105719400841,"upper_bound":1242.474091707059},"point_estimate":1087.492588148856,"standard_error":83.60910419948462}}