{"mean":{"confidence_interval":{"confidence_level":0.95,"lower_bound":17654.94158474448,"upper_bound":17778.057563750925},"point_estimate":17718.935046773633,"standard_error":31.49610898002042},"median":{"confidence_interval":{"confidence_level":0.95,"lower_bound":17804.088282956385,"upper_bound":17864.718779418057},"point_estimate":17820.112656641606,"standard_error":17.676637186091945},"median_abs_dev":{"confidence_interval":{"confidence_level":0.95,"lower_bound":100.70431604739454,"upper_bound":217.82683221159115},"point_estimate":152.35194656502767,"standard_error":30.23457809029241},"slope":{"confidence_interval":{"confidence_level":0.95,"lower_bound":17848.50903500917,"upper_bound":17891.6077664773},"point_estimate":17870.30274687013,"standard_error":11.024328530434234},"std_dev":{"confidence_interval":{"confidence_level":0.95,"lower_bound":254.83587879070586,"upper_bound":368.45695682849953},"point_estimate":317.6592567030274,"standard_error":29.041315436970855}}