{"mean":{"confidence_interval":{"confidence_level":0.95,"lower_bound":182.32590929488904,"upper_bound":183.10398284017884},"point_estimate":182.68042533463836,"standard_error":0.20040687784286235},"median":{"confidence_interval":{"confidence_level":0.95,"lower_bound":181.9333571961668,"upper_bound":182.15848787119856},"point_estimate":182.0322146745163,"standard_error":0.05489691411483383},"median_abs_dev":{"confidence_interval":{"confidence_level":0.95,"lower_bound":0.3687719380702807,"upper_bound":0.6441679008666243},"point_estimate":0.5153380328691616,"standard_error":0.07409874505291478},"slope":{"confidence_interval":{"confidence_level":0.95,"lower_bound":181.83599489831292,"upper_bound":181.95132881305398},"point_estimate":181.89023662933317,"standard_error":0.02942132453831586},"std_dev":{"confidence_interval":{"confidence_level":0.95,"lower_bound":1.055825969430779,"upper_bound":2.7577444558584463},"point_estimate":2.013697219198214,"standard_error":0.42835898812559}}