{"mean":{"confidence_interval":{"confidence_level":0.95,"lower_bound":1224.454161510543,"upper_bound":1230.1641260296817},"point_estimate":1227.9613294706705,"standard_error":1.5450933130746003},"median":{"confidence_interval":{"confidence_level":0.95,"lower_bound":1228.9064835911581,"upper_bound":1229.5237187430496},"point_estimate":1229.1235400353291,"standard_error":0.13034534539356982},"median_abs_dev":{"confidence_interval":{"confidence_level":0.95,"lower_bound":1.0056058089238566,"upper_bound":3.374824407590108},"point_estimate":1.246848162328706,"standard_error":0.7014730292469757},"slope":{"confidence_interval":{"confidence_level":0.95,"lower_bound":1225.5834327711068,"upper_bound":1227.0460387951343},"point_estimate":1226.2603668066968,"standard_error":0.3723612943669504},"std_dev":{"confidence_interval":{"confidence_level":0.95,"lower_bound":3.639376465343357,"upper_bound":25.946370285988635},"point_estimate":15.493072519960577,"standard_error":7.454049494139816}}