{"mean":{"confidence_interval":{"confidence_level":0.95,"lower_bound":17.05464840545646,"upper_bound":17.32591274591244},"point_estimate":17.182653493865075,"standard_error":0.06930444139560259},"median":{"confidence_interval":{"confidence_level":0.95,"lower_bound":16.937910529125055,"upper_bound":17.179053618451224},"point_estimate":17.05727143272807,"standard_error":0.07415702737224138},"median_abs_dev":{"confidence_interval":{"confidence_level":0.95,"lower_bound":0.37150698021947764,"upper_bound":0.6595086504323026},"point_estimate":0.5065191351270749,"standard_error":0.0729099454263934},"slope":{"confidence_interval":{"confidence_level":0.95,"lower_bound":17.16553863683272,"upper_bound":17.40772114890183},"point_estimate":17.287702720975986,"standard_error":0.061895876883727656},"std_dev":{"confidence_interval":{"confidence_level":0.95,"lower_bound":0.4864322091225385,"upper_bound":0.9306977212819938},"point_estimate":0.6948896936508916,"standard_error":0.12246516261062192}}