{"mean":{"confidence_interval":{"confidence_level":0.95,"lower_bound":13.750515235108553,"upper_bound":13.753452729279871},"point_estimate":13.751827851245253,"standard_error":0.0007558718873123233},"median":{"confidence_interval":{"confidence_level":0.95,"lower_bound":13.750082480494898,"upper_bound":13.751225741866556},"point_estimate":13.750641320616808,"standard_error":0.0002851707509396841},"median_abs_dev":{"confidence_interval":{"confidence_level":0.95,"lower_bound":0.0018195152945690947,"upper_bound":0.003336916610006322},"point_estimate":0.0025351050101829753,"standard_error":0.00037564356470785073},"slope":{"confidence_interval":{"confidence_level":0.95,"lower_bound":13.7508058323517,"upper_bound":13.75559887657774},"point_estimate":13.752746752294652,"standard_error":0.001263886877325319},"std_dev":{"confidence_interval":{"confidence_level":0.95,"lower_bound":0.003630344682794435,"upper_bound":0.011358528174344266},"point_estimate":0.007627504244060966,"standard_error":0.0020810558195237206}}