{"mean":{"confidence_interval":{"confidence_level":0.95,"lower_bound":13.769783581840342,"upper_bound":13.777593846503828},"point_estimate":13.773012985077822,"standard_error":0.002033039282355105},"median":{"confidence_interval":{"confidence_level":0.95,"lower_bound":13.767926370070215,"upper_bound":13.770643394117156},"point_estimate":13.76946710050363,"standard_error":0.0007281413891023126},"median_abs_dev":{"confidence_interval":{"confidence_level":0.95,"lower_bound":0.003350758610149699,"upper_bound":0.005607143936283908},"point_estimate":0.004473490442751663,"standard_error":0.0005664779372062328},"slope":{"confidence_interval":{"confidence_level":0.95,"lower_bound":13.769410621211689,"upper_bound":13.775941539388699},"point_estimate":13.77217241624051,"standard_error":0.0017020590294628273},"std_dev":{"confidence_interval":{"confidence_level":0.95,"lower_bound":0.007206686493453809,"upper_bound":0.032671021948492245},"point_estimate":0.020538992845205127,"standard_error":0.007649932903902814}}