{"mean":{"confidence_interval":{"confidence_level":0.95,"lower_bound":775.1831883893603,"upper_bound":777.002964261467},"point_estimate":776.0450706400624,"standard_error":0.4635060863994393},"median":{"confidence_interval":{"confidence_level":0.95,"lower_bound":775.6271976448522,"upper_bound":776.0425127944299},"point_estimate":775.8660946644214,"standard_error":0.10907222857612162},"median_abs_dev":{"confidence_interval":{"confidence_level":0.95,"lower_bound":0.6723423829399158,"upper_bound":1.1351802177263122},"point_estimate":0.898446570092195,"standard_error":0.1207913524703461},"slope":{"confidence_interval":{"confidence_level":0.95,"lower_bound":773.3604875822552,"upper_bound":775.1731667474081},"point_estimate":774.3409413622367,"standard_error":0.4632388341616698},"std_dev":{"confidence_interval":{"confidence_level":0.95,"lower_bound":2.7648048704597223,"upper_bound":6.458665368408863},"point_estimate":4.652952536111823,"standard_error":0.9645452811703725}}