{"mean":{"confidence_interval":{"confidence_level":0.95,"lower_bound":1540.7779098371852,"upper_bound":1588.2178051517099},"point_estimate":1563.59260687242,"standard_error":12.035135046408428},"median":{"confidence_interval":{"confidence_level":0.95,"lower_bound":1532.4531835205992,"upper_bound":1572.6879986972806},"point_estimate":1552.576548522591,"standard_error":10.804349236763438},"median_abs_dev":{"confidence_interval":{"confidence_level":0.95,"lower_bound":66.44034753536403,"upper_bound":116.08794244686055},"point_estimate":89.11124473992399,"standard_error":12.325861451971493},"slope":{"confidence_interval":{"confidence_level":0.95,"lower_bound":1559.4815155548367,"upper_bound":1593.2407522698923},"point_estimate":1576.2528083435784,"standard_error":8.588569439412009},"std_dev":{"confidence_interval":{"confidence_level":0.95,"lower_bound":89.6033054671221,"upper_bound":151.28504196695803},"point_estimate":121.0481434233701,"standard_error":15.885663057733955}}