{"mean":{"confidence_interval":{"confidence_level":0.95,"lower_bound":305.9622431513948,"upper_bound":306.88715625918564},"point_estimate":306.37421539552474,"standard_error":0.2367327609519027},"median":{"confidence_interval":{"confidence_level":0.95,"lower_bound":305.6040776086749,"upper_bound":305.79923276308966},"point_estimate":305.6980570040354,"standard_error":0.04838605686314346},"median_abs_dev":{"confidence_interval":{"confidence_level":0.95,"lower_bound":0.3867982877246814,"upper_bound":0.7030010123639882},"point_estimate":0.49749567419164975,"standard_error":0.07713089087604183},"slope":{"confidence_interval":{"confidence_level":0.95,"lower_bound":305.5368938976695,"upper_bound":306.2907358787909},"point_estimate":305.8558523573255,"standard_error":0.19461116879847012},"std_dev":{"confidence_interval":{"confidence_level":0.95,"lower_bound":1.2149297787493563,"upper_bound":3.460287369167166},"point_estimate":2.3751206107791525,"standard_error":0.6013056124652986}}