{"mean":{"confidence_interval":{"confidence_level":0.95,"lower_bound":312.50718124839597,"upper_bound":321.0980085609641},"point_estimate":316.5996694858252,"standard_error":2.202230467364972},"median":{"confidence_interval":{"confidence_level":0.95,"lower_bound":309.3100063734863,"upper_bound":317.8031276261851},"point_estimate":312.771612098333,"standard_error":2.1530412542695516},"median_abs_dev":{"confidence_interval":{"confidence_level":0.95,"lower_bound":14.911023717666415,"upper_bound":24.01510772925773},"point_estimate":20.74841082242177,"standard_error":2.2777027060695634},"slope":{"confidence_interval":{"confidence_level":0.95,"lower_bound":312.36065086317745,"upper_bound":321.999298008687},"point_estimate":317.2391464859222,"standard_error":2.462103740478197},"std_dev":{"confidence_interval":{"confidence_level":0.95,"lower_bound":16.083488437052633,"upper_bound":29.329403548889616},"point_estimate":22.02417543969974,"standard_error":3.831744645101586}}