{"mean":{"confidence_interval":{"confidence_level":0.95,"lower_bound":10.612319814904623,"upper_bound":10.61595658656128},"point_estimate":10.614003442482197,"standard_error":0.0009275377153122298},"median":{"confidence_interval":{"confidence_level":0.95,"lower_bound":10.611904566702103,"upper_bound":10.613752647970625},"point_estimate":10.613062816663966,"standard_error":0.00045019829489188995},"median_abs_dev":{"confidence_interval":{"confidence_level":0.95,"lower_bound":0.002966506976220815,"upper_bound":0.004852103052608587},"point_estimate":0.0036329068532296466,"standard_error":0.0004745411326157485},"slope":{"confidence_interval":{"confidence_level":0.95,"lower_bound":10.613204951346905,"upper_bound":10.617883474627718},"point_estimate":10.61527643818665,"standard_error":0.0012043829361590348},"std_dev":{"confidence_interval":{"confidence_level":0.95,"lower_bound":0.005358133466275688,"upper_bound":0.012847875106182854},"point_estimate":0.009294148342946344,"standard_error":0.001942415505270169}}