{"mean":{"confidence_interval":{"confidence_level":0.95,"lower_bound":5.786251328339673,"upper_bound":5.800307944653158},"point_estimate":5.792382694936236,"standard_error":0.003605772622971078},"median":{"confidence_interval":{"confidence_level":0.95,"lower_bound":5.782738996765648,"upper_bound":5.785799361674976},"point_estimate":5.78423971212333,"standard_error":0.000835360978738574},"median_abs_dev":{"confidence_interval":{"confidence_level":0.95,"lower_bound":0.005210446268782955,"upper_bound":0.010621960220634118},"point_estimate":0.006988189971416892,"standard_error":0.0014108919306868991},"slope":{"confidence_interval":{"confidence_level":0.95,"lower_bound":5.784473561091034,"upper_bound":5.799348111910799},"point_estimate":5.791108389855261,"standard_error":0.0038498722464265587},"std_dev":{"confidence_interval":{"confidence_level":0.95,"lower_bound":0.015832573504169424,"upper_bound":0.05475114748995714},"point_estimate":0.03625285671089615,"standard_error":0.010644332225033087}}