{"mean":{"confidence_interval":{"confidence_level":0.95,"lower_bound":14.747659335393008,"upper_bound":15.131663660274096},"point_estimate":14.937638852330217,"standard_error":0.09804003369721653},"median":{"confidence_interval":{"confidence_level":0.95,"lower_bound":14.60620671200876,"upper_bound":15.04630500044559},"point_estimate":14.787776461967738,"standard_error":0.10592144784620179},"median_abs_dev":{"confidence_interval":{"confidence_level":0.95,"lower_bound":0.6383671213667824,"upper_bound":1.0571011791911533},"point_estimate":0.8125910444990575,"standard_error":0.10532546549922049},"slope":{"confidence_interval":{"confidence_level":0.95,"lower_bound":14.706581090312806,"upper_bound":15.096775417780176},"point_estimate":14.897764546985272,"standard_error":0.0995731550148398},"std_dev":{"confidence_interval":{"confidence_level":0.95,"lower_bound":0.818390520567892,"upper_bound":1.1351090700644448},"point_estimate":0.9843616212060674,"standard_error":0.08068549786879109}}