{"mean":{"confidence_interval":{"confidence_level":0.95,"lower_bound":1691.832511307011,"upper_bound":1700.6820186324437},"point_estimate":1697.1258124442593,"standard_error":2.3309858373137646},"median":{"confidence_interval":{"confidence_level":0.95,"lower_bound":1696.2976198347108,"upper_bound":1697.8447015380798},"point_estimate":1696.9759640595532,"standard_error":0.4226785982517704},"median_abs_dev":{"confidence_interval":{"confidence_level":0.95,"lower_bound":2.4374899163217707,"upper_bound":5.364102899119422},"point_estimate":3.5418200784503675,"standard_error":0.7788453890857998},"slope":{"confidence_interval":{"confidence_level":0.95,"lower_bound":1692.6918840344113,"upper_bound":1697.5317835332007},"point_estimate":1695.4264710389627,"standard_error":1.2445989093282483},"std_dev":{"confidence_interval":{"confidence_level":0.95,"lower_bound":7.379439114209737,"upper_bound":38.33859853906728},"point_estimate":23.51139325666428,"standard_error":9.87697786047511}}