{"mean":{"confidence_interval":{"confidence_level":0.95,"lower_bound":1627.7893762720805,"upper_bound":1634.0007886555406},"point_estimate":1631.1156326229057,"standard_error":1.5758803283178198},"median":{"confidence_interval":{"confidence_level":0.95,"lower_bound":1629.8346304607169,"upper_bound":1630.8382967938157},"point_estimate":1630.491037329639,"standard_error":0.286537889678436},"median_abs_dev":{"confidence_interval":{"confidence_level":0.95,"lower_bound":1.7824589422824653,"upper_bound":3.337224450544312},"point_estimate":2.4287081439636657,"standard_error":0.4038467368059625},"slope":{"confidence_interval":{"confidence_level":0.95,"lower_bound":1629.8959132940834,"upper_bound":1636.7826264457692},"point_estimate":1632.7224333322215,"standard_error":1.8089451118930364},"std_dev":{"confidence_interval":{"confidence_level":0.95,"lower_bound":4.467830937755004,"upper_bound":24.448792124443457},"point_estimate":15.867412690552843,"standard_error":5.114246293541509}}