{"mean":{"confidence_interval":{"confidence_level":0.95,"lower_bound":11.055467993632192,"upper_bound":11.05953260342759},"point_estimate":11.057541733115201,"standard_error":0.0010329274394728324},"median":{"confidence_interval":{"confidence_level":0.95,"lower_bound":11.056858864315807,"upper_bound":11.060871052395047},"point_estimate":11.058327728986638,"standard_error":0.001051885231940686},"median_abs_dev":{"confidence_interval":{"confidence_level":0.95,"lower_bound":0.0061955911350763705,"upper_bound":0.010863758433803343},"point_estimate":0.008878675791352542,"standard_error":0.001162595346230155},"slope":{"confidence_interval":{"confidence_level":0.95,"lower_bound":11.056348406636769,"upper_bound":11.060198434055593},"point_estimate":11.05829441207787,"standard_error":0.0009847046877247466},"std_dev":{"confidence_interval":{"confidence_level":0.95,"lower_bound":0.008438807192996181,"upper_bound":0.012146341191510193},"point_estimate":0.010391845361012274,"standard_error":0.0009470009197975974}}