{"mean":{"confidence_interval":{"confidence_level":0.95,"lower_bound":305.0434239036871,"upper_bound":306.3802136603282},"point_estimate":305.5399207812362,"standard_error":0.37011965639886457},"median":{"confidence_interval":{"confidence_level":0.95,"lower_bound":304.80719862018884,"upper_bound":305.06809018531965},"point_estimate":304.95053512016347,"standard_error":0.0648995981199645},"median_abs_dev":{"confidence_interval":{"confidence_level":0.95,"lower_bound":0.3935445280486645,"upper_bound":0.6343433672669541},"point_estimate":0.5203781849973982,"standard_error":0.05734934728172074},"slope":{"confidence_interval":{"confidence_level":0.95,"lower_bound":304.7440462510247,"upper_bound":304.9280102080261},"point_estimate":304.8301310170818,"standard_error":0.046880590546122196},"std_dev":{"confidence_interval":{"confidence_level":0.95,"lower_bound":0.7063336173629118,"upper_bound":6.221361141740667},"point_estimate":3.703851939377211,"standard_error":1.869938774250242}}