{"mean":{"confidence_interval":{"confidence_level":0.95,"lower_bound":9.557007511468289,"upper_bound":9.57214098387159},"point_estimate":9.564577691487422,"standard_error":0.003871306844606271},"median":{"confidence_interval":{"confidence_level":0.95,"lower_bound":9.556910188815126,"upper_bound":9.573127249427658},"point_estimate":9.56552290912935,"standard_error":0.004346981952407049},"median_abs_dev":{"confidence_interval":{"confidence_level":0.95,"lower_bound":0.028832989127251327,"upper_bound":0.046256525169631336},"point_estimate":0.03805924463075774,"standard_error":0.004487675641249951},"slope":{"confidence_interval":{"confidence_level":0.95,"lower_bound":9.560777705319685,"upper_bound":9.575787988704546},"point_estimate":9.568218773231846,"standard_error":0.00383496392581238},"std_dev":{"confidence_interval":{"confidence_level":0.95,"lower_bound":0.0330129086579353,"upper_bound":0.044432888667350345},"point_estimate":0.03902963296314618,"standard_error":0.002923369229566836}}