{"mean":{"confidence_interval":{"confidence_level":0.95,"lower_bound":14.05174429274982,"upper_bound":14.08897825602646},"point_estimate":14.069771136016051,"standard_error":0.009522259945235962},"median":{"confidence_interval":{"confidence_level":0.95,"lower_bound":14.05441497835864,"upper_bound":14.066845797283982},"point_estimate":14.061550917114296,"standard_error":0.003516900706084139},"median_abs_dev":{"confidence_interval":{"confidence_level":0.95,"lower_bound":0.029817852180489147,"upper_bound":0.05906192611548093},"point_estimate":0.042459527909176724,"standard_error":0.00750511475236431},"slope":{"confidence_interval":{"confidence_level":0.95,"lower_bound":14.077102762102328,"upper_bound":14.131950745228087},"point_estimate":14.10301881648412,"standard_error":0.014010205293862703},"std_dev":{"confidence_interval":{"confidence_level":0.95,"lower_bound":0.0732146406786368,"upper_bound":0.1155347115327035},"point_estimate":0.09548490657139656,"standard_error":0.010804481364765304}}