{"mean":{"confidence_interval":{"confidence_level":0.95,"lower_bound":82.5201260125245,"upper_bound":82.71657506743595},"point_estimate":82.60456587835719,"standard_error":0.05057897353636625},"median":{"confidence_interval":{"confidence_level":0.95,"lower_bound":82.43273627785592,"upper_bound":82.49275705771427},"point_estimate":82.46738004818573,"standard_error":0.014734083746763368},"median_abs_dev":{"confidence_interval":{"confidence_level":0.95,"lower_bound":0.10698300003156569,"upper_bound":0.1909240827673433},"point_estimate":0.1558345044741747,"standard_error":0.020609481051712356},"slope":{"confidence_interval":{"confidence_level":0.95,"lower_bound":82.41110094600633,"upper_bound":82.48720479444759},"point_estimate":82.44367260363767,"standard_error":0.019589564260897065},"std_dev":{"confidence_interval":{"confidence_level":0.95,"lower_bound":0.23309155856903183,"upper_bound":0.7786652252419384},"point_estimate":0.509586686114655,"standard_error":0.16061119140261176}}