{"mean":{"confidence_interval":{"confidence_level":0.95,"lower_bound":9.375355340998706,"upper_bound":9.377672630671096},"point_estimate":9.376530735692647,"standard_error":0.0005901609489208255},"median":{"confidence_interval":{"confidence_level":0.95,"lower_bound":9.375173092331993,"upper_bound":9.37720984404443},"point_estimate":9.376417301634213,"standard_error":0.0005576059528212481},"median_abs_dev":{"confidence_interval":{"confidence_level":0.95,"lower_bound":0.0031410938811770625,"upper_bound":0.005303655618837585},"point_estimate":0.004141864569015007,"standard_error":0.0005595491941054611},"slope":{"confidence_interval":{"confidence_level":0.95,"lower_bound":9.375950419718247,"upper_bound":9.378183332916661},"point_estimate":9.377051586833193,"standard_error":0.0005705305166415145},"std_dev":{"confidence_interval":{"confidence_level":0.95,"lower_bound":0.004262974494834774,"upper_bound":0.007628958291448677},"point_estimate":0.005951093633449424,"standard_error":0.0008679827631556763}}