{"mean":{"confidence_interval":{"confidence_level":0.95,"lower_bound":5.551616091776523,"upper_bound":5.747430788833575},"point_estimate":5.647092834021547,"standard_error":0.0499493691957043},"median":{"confidence_interval":{"confidence_level":0.95,"lower_bound":5.477088429277755,"upper_bound":5.696159018470578},"point_estimate":5.549920325024559,"standard_error":0.05215787219876776},"median_abs_dev":{"confidence_interval":{"confidence_level":0.95,"lower_bound":0.3719020255602875,"upper_bound":0.6212551973756351},"point_estimate":0.5264064731001282,"standard_error":0.06261526101188578},"slope":{"confidence_interval":{"confidence_level":0.95,"lower_bound":5.659791670355213,"upper_bound":5.871843922692513},"point_estimate":5.76546287316352,"standard_error":0.054023466729044345},"std_dev":{"confidence_interval":{"confidence_level":0.95,"lower_bound":0.42200538908420837,"upper_bound":0.582493694530227},"point_estimate":0.5022539591753886,"standard_error":0.04118994724524523}}