{"mean":{"confidence_interval":{"confidence_level":0.95,"lower_bound":154.04814833229122,"upper_bound":154.52149177115047},"point_estimate":154.25350012707923,"standard_error":0.12169122686614041},"median":{"confidence_interval":{"confidence_level":0.95,"lower_bound":153.8814878591804,"upper_bound":154.03387699592986},"point_estimate":153.94452904119464,"standard_error":0.040821290897368356},"median_abs_dev":{"confidence_interval":{"confidence_level":0.95,"lower_bound":0.2520387242380253,"upper_bound":0.44673944031564905},"point_estimate":0.34678909284243764,"standard_error":0.04745258207901484},"slope":{"confidence_interval":{"confidence_level":0.95,"lower_bound":153.81225699884456,"upper_bound":154.30858053072978},"point_estimate":154.00179125714047,"standard_error":0.13400766130239494},"std_dev":{"confidence_interval":{"confidence_level":0.95,"lower_bound":0.5094137968110443,"upper_bound":1.8616384139486377},"point_estimate":1.2220946130622463,"standard_error":0.3668527917703987}}