{"mean":{"confidence_interval":{"confidence_level":0.95,"lower_bound":22.07895503989761,"upper_bound":22.566105650693547},"point_estimate":22.282400541872974,"standard_error":0.12737129483681814},"median":{"confidence_interval":{"confidence_level":0.95,"lower_bound":21.985462850952764,"upper_bound":22.044690046712372},"point_estimate":21.994651710710265,"standard_error":0.01616926392156606},"median_abs_dev":{"confidence_interval":{"confidence_level":0.95,"lower_bound":0.05772003704837023,"upper_bound":0.13398006446541516},"point_estimate":0.08310184111363308,"standard_error":0.01879101549490273},"slope":{"confidence_interval":{"confidence_level":0.95,"lower_bound":21.966974713212462,"upper_bound":22.307682344414182},"point_estimate":22.07717271246342,"standard_error":0.0976443540345489},"std_dev":{"confidence_interval":{"confidence_level":0.95,"lower_bound":0.24285698146755016,"upper_bound":2.0065500268233656},"point_estimate":1.2803681474662145,"standard_error":0.4725781267994013}}