{"mean":{"confidence_interval":{"confidence_level":0.95,"lower_bound":868.3643336761676,"upper_bound":870.6659732560963},"point_estimate":869.3548462377746,"standard_error":0.5911057627413383},"median":{"confidence_interval":{"confidence_level":0.95,"lower_bound":867.5783480825959,"upper_bound":868.7453982300885},"point_estimate":868.1593722345133,"standard_error":0.32944255551295715},"median_abs_dev":{"confidence_interval":{"confidence_level":0.95,"lower_bound":1.688467575537633,"upper_bound":2.9012976603368585},"point_estimate":2.292643572451343,"standard_error":0.3039035397741485},"slope":{"confidence_interval":{"confidence_level":0.95,"lower_bound":867.1042828548769,"upper_bound":867.8433505552609},"point_estimate":867.4611175629781,"standard_error":0.18834065599280236},"std_dev":{"confidence_interval":{"confidence_level":0.95,"lower_bound":2.6777658062848495,"upper_bound":9.122924016883417},"point_estimate":5.936739085847033,"standard_error":1.9120953545006432}}