{"mean":{"confidence_interval":{"confidence_level":0.95,"lower_bound":96.06293152617133,"upper_bound":96.35237988634618},"point_estimate":96.1920394657457,"standard_error":0.0740028914641109},"median":{"confidence_interval":{"confidence_level":0.95,"lower_bound":95.9364363410485,"upper_bound":96.08803923393656},"point_estimate":96.00148942052941,"standard_error":0.03555450145447791},"median_abs_dev":{"confidence_interval":{"confidence_level":0.95,"lower_bound":0.21952642153379015,"upper_bound":0.3759757774125352},"point_estimate":0.2548915333629901,"standard_error":0.040021520171229764},"slope":{"confidence_interval":{"confidence_level":0.95,"lower_bound":95.86075891871766,"upper_bound":95.9354455489278},"point_estimate":95.89682636357131,"standard_error":0.018984241129805055},"std_dev":{"confidence_interval":{"confidence_level":0.95,"lower_bound":0.3868042081809657,"upper_bound":1.0868877727479418},"point_estimate":0.7425462493547692,"standard_error":0.18974448687063492}}