{"mean":{"confidence_interval":{"confidence_level":0.95,"lower_bound":82.99910684068374,"upper_bound":83.20600382266579},"point_estimate":83.08974012150846,"standard_error":0.053408113714925445},"median":{"confidence_interval":{"confidence_level":0.95,"lower_bound":82.89740087766498,"upper_bound":82.97103766879886},"point_estimate":82.93569947436859,"standard_error":0.019199835627511264},"median_abs_dev":{"confidence_interval":{"confidence_level":0.95,"lower_bound":0.09979704632740831,"upper_bound":0.20472402821281246},"point_estimate":0.15355130960613836,"standard_error":0.027072510015851876},"slope":{"confidence_interval":{"confidence_level":0.95,"lower_bound":82.87358635935331,"upper_bound":82.91609489580763},"point_estimate":82.89402004279287,"standard_error":0.010764604103076784},"std_dev":{"confidence_interval":{"confidence_level":0.95,"lower_bound":0.2664258672902861,"upper_bound":0.8048307285563344},"point_estimate":0.5360962934867131,"standard_error":0.15701790967547027}}