{"mean":{"confidence_interval":{"confidence_level":0.95,"lower_bound":68.9134964277745,"upper_bound":71.31175038697357},"point_estimate":70.07024023259993,"standard_error":0.6135808321092561},"median":{"confidence_interval":{"confidence_level":0.95,"lower_bound":66.87030151946819,"upper_bound":67.77626641651032},"point_estimate":67.324384206663,"standard_error":0.2337159162673625},"median_abs_dev":{"confidence_interval":{"confidence_level":0.95,"lower_bound":1.9491522476235428,"upper_bound":3.462118760346202},"point_estimate":2.6950374013272813,"standard_error":0.3803097700609497},"slope":{"confidence_interval":{"confidence_level":0.95,"lower_bound":66.03030003478092,"upper_bound":66.55527124770475},"point_estimate":66.26369949566713,"standard_error":0.13375519626735557},"std_dev":{"confidence_interval":{"confidence_level":0.95,"lower_bound":4.877640848669714,"upper_bound":7.282767465920973},"point_estimate":6.167804605646094,"standard_error":0.6154677400364278}}