{"mean":{"confidence_interval":{"confidence_level":0.95,"lower_bound":37.04965886879643,"upper_bound":37.65764405069585},"point_estimate":37.34689997495925,"standard_error":0.15506785043194996},"median":{"confidence_interval":{"confidence_level":0.95,"lower_bound":36.64539212963021,"upper_bound":37.34684431406104},"point_estimate":36.91582770231482,"standard_error":0.1771832882945812},"median_abs_dev":{"confidence_interval":{"confidence_level":0.95,"lower_bound":0.8085948211501915,"upper_bound":1.6220977047544318},"point_estimate":1.130263202970026,"standard_error":0.21187706393456354},"slope":{"confidence_interval":{"confidence_level":0.95,"lower_bound":37.03600448096239,"upper_bound":37.870612774072285},"point_estimate":37.43339083075836,"standard_error":0.21338061212393972},"std_dev":{"confidence_interval":{"confidence_level":0.95,"lower_bound":1.3085070617285042,"upper_bound":1.7952618323666742},"point_estimate":1.5602515852258574,"standard_error":0.12463973024984086}}