{"mean":{"confidence_interval":{"confidence_level":0.95,"lower_bound":7.7465131157751985,"upper_bound":7.776083289850272},"point_estimate":7.76086732989557,"standard_error":0.00756117340663936},"median":{"confidence_interval":{"confidence_level":0.95,"lower_bound":7.745044013436651,"upper_bound":7.765107368798499},"point_estimate":7.7517889356502945,"standard_error":0.006419673074162825},"median_abs_dev":{"confidence_interval":{"confidence_level":0.95,"lower_bound":0.04342758502274418,"upper_bound":0.07615011044090347},"point_estimate":0.05891872264628377,"standard_error":0.008334814342486138},"slope":{"confidence_interval":{"confidence_level":0.95,"lower_bound":7.749429939694858,"upper_bound":7.770258003327786},"point_estimate":7.759811471130845,"standard_error":0.005313311437067719},"std_dev":{"confidence_interval":{"confidence_level":0.95,"lower_bound":0.05686952772060592,"upper_bound":0.09450590872266698},"point_estimate":0.07572327193959333,"standard_error":0.00975740677656067}}