{"mean":{"confidence_interval":{"confidence_level":0.95,"lower_bound":8.363261475983462,"upper_bound":8.366454502791298},"point_estimate":8.364790365009664,"standard_error":0.0008141043901617705},"median":{"confidence_interval":{"confidence_level":0.95,"lower_bound":8.361642765921577,"upper_bound":8.365424752624536},"point_estimate":8.363612747383538,"standard_error":0.000881269800425496},"median_abs_dev":{"confidence_interval":{"confidence_level":0.95,"lower_bound":0.004422186047585912,"upper_bound":0.007948797711818723},"point_estimate":0.00574132852000041,"standard_error":0.0008737819358219011},"slope":{"confidence_interval":{"confidence_level":0.95,"lower_bound":8.363725064775268,"upper_bound":8.366691017636922},"point_estimate":8.365157789783952,"standard_error":0.0007549353813746652},"std_dev":{"confidence_interval":{"confidence_level":0.95,"lower_bound":0.006016751095390864,"upper_bound":0.01059380084011711},"point_estimate":0.00821746217129956,"standard_error":0.0012090917408659624}}