{"mean":{"confidence_interval":{"confidence_level":0.95,"lower_bound":57.39872309093847,"upper_bound":60.167617832090556},"point_estimate":58.48485429672963,"standard_error":0.7326652361934844},"median":{"confidence_interval":{"confidence_level":0.95,"lower_bound":56.65482373117183,"upper_bound":57.78867676587912},"point_estimate":57.269206857685234,"standard_error":0.34170029596587603},"median_abs_dev":{"confidence_interval":{"confidence_level":0.95,"lower_bound":1.0577949764825996,"upper_bound":2.0114111208599867},"point_estimate":1.426522622586813,"standard_error":0.2575502922895132},"slope":{"confidence_interval":{"confidence_level":0.95,"lower_bound":57.05551989467406,"upper_bound":58.14745793165946},"point_estimate":57.56988937999393,"standard_error":0.2789659646389205},"std_dev":{"confidence_interval":{"confidence_level":0.95,"lower_bound":1.8654259406189355,"upper_bound":12.08977800612336},"point_estimate":7.346279992335976,"standard_error":3.226329224104612}}