{"mean":{"confidence_interval":{"confidence_level":0.95,"lower_bound":7.3552646203912,"upper_bound":7.490899397715541},"point_estimate":7.422815496081533,"standard_error":0.03458435628724307},"median":{"confidence_interval":{"confidence_level":0.95,"lower_bound":7.203844963901084,"upper_bound":7.569750508223988},"point_estimate":7.474540750323415,"standard_error":0.08552256559719285},"median_abs_dev":{"confidence_interval":{"confidence_level":0.95,"lower_bound":0.2838888717629842,"upper_bound":0.5096313717091329},"point_estimate":0.45741958654472964,"standard_error":0.05603665821827107},"slope":{"confidence_interval":{"confidence_level":0.95,"lower_bound":7.135774747013327,"upper_bound":7.233790783262747},"point_estimate":7.17979376470415,"standard_error":0.024990483033298257},"std_dev":{"confidence_interval":{"confidence_level":0.95,"lower_bound":0.307822727388741,"upper_bound":0.38575439600234085},"point_estimate":0.3475718122819246,"standard_error":0.01998561866105184}}