{"mean":{"confidence_interval":{"confidence_level":0.95,"lower_bound":39.86483711169614,"upper_bound":40.935979228467154},"point_estimate":40.37794723001226,"standard_error":0.2733552731801124},"median":{"confidence_interval":{"confidence_level":0.95,"lower_bound":39.0868445400215,"upper_bound":39.33296015502596},"point_estimate":39.23261942081765,"standard_error":0.05993502271851919},"median_abs_dev":{"confidence_interval":{"confidence_level":0.95,"lower_bound":0.21339365191975507,"upper_bound":0.4407373714496583},"point_estimate":0.35609639526163805,"standard_error":0.05696128392750373},"slope":{"confidence_interval":{"confidence_level":0.95,"lower_bound":39.84936632566331,"upper_bound":41.13765796908347},"point_estimate":40.436726866212254,"standard_error":0.3306808030599993},"std_dev":{"confidence_interval":{"confidence_level":0.95,"lower_bound":2.154235336259574,"upper_bound":3.16679327438898},"point_estimate":2.7433283973678195,"standard_error":0.2562133216351544}}