{"mean":{"confidence_interval":{"confidence_level":0.95,"lower_bound":20.076545727627106,"upper_bound":20.313421359242202},"point_estimate":20.19363398050959,"standard_error":0.060264861918326994},"median":{"confidence_interval":{"confidence_level":0.95,"lower_bound":19.958184579251792,"upper_bound":20.234024431108537},"point_estimate":20.1319057685303,"standard_error":0.06867086286240684},"median_abs_dev":{"confidence_interval":{"confidence_level":0.95,"lower_bound":0.45090877343692853,"upper_bound":0.7517294801327691},"point_estimate":0.6371315931301587,"standard_error":0.06956779308352447},"slope":{"confidence_interval":{"confidence_level":0.95,"lower_bound":20.116320474513376,"upper_bound":20.400984541232752},"point_estimate":20.25795993181949,"standard_error":0.07262337781755157},"std_dev":{"confidence_interval":{"confidence_level":0.95,"lower_bound":0.5081886779449474,"upper_bound":0.701347653767236},"point_estimate":0.6052545821656988,"standard_error":0.04954704970037164}}