{"mean":{"confidence_interval":{"confidence_level":0.95,"lower_bound":20.695496281771184,"upper_bound":21.015933523426902},"point_estimate":20.849058390519954,"standard_error":0.081774412475493},"median":{"confidence_interval":{"confidence_level":0.95,"lower_bound":20.605081628852542,"upper_bound":20.863065664128403},"point_estimate":20.696734654616712,"standard_error":0.07206492603081574},"median_abs_dev":{"confidence_interval":{"confidence_level":0.95,"lower_bound":0.3798588386027413,"upper_bound":0.6994094643893467},"point_estimate":0.4829011819295731,"standard_error":0.08216442328416607},"slope":{"confidence_interval":{"confidence_level":0.95,"lower_bound":20.67730096656304,"upper_bound":20.982802330670918},"point_estimate":20.824384660967663,"standard_error":0.07784435708761757},"std_dev":{"confidence_interval":{"confidence_level":0.95,"lower_bound":0.5840767927660886,"upper_bound":1.0485819140572894},"point_estimate":0.8209258024254966,"standard_error":0.12025670899530669}}