{"mean":{"confidence_interval":{"confidence_level":0.95,"lower_bound":56.75743136678477,"upper_bound":58.27568086158532},"point_estimate":57.480411491992065,"standard_error":0.38851147206232556},"median":{"confidence_interval":{"confidence_level":0.95,"lower_bound":55.9630131112274,"upper_bound":57.566827286470144},"point_estimate":56.64895446092433,"standard_error":0.4862922616988572},"median_abs_dev":{"confidence_interval":{"confidence_level":0.95,"lower_bound":1.9792194216804,"upper_bound":3.506150270678483},"point_estimate":2.659112066017941,"standard_error":0.39419708797931247},"slope":{"confidence_interval":{"confidence_level":0.95,"lower_bound":55.585081796778184,"upper_bound":57.340016658602266},"point_estimate":56.42236266887426,"standard_error":0.44932386864943535},"std_dev":{"confidence_interval":{"confidence_level":0.95,"lower_bound":2.868965525415403,"upper_bound":4.782295592637488},"point_estimate":3.8734484611050544,"standard_error":0.49146905329797685}}