{"mean":{"confidence_interval":{"confidence_level":0.95,"lower_bound":34.40655493480959,"upper_bound":34.5073852595582},"point_estimate":34.45598571267942,"standard_error":0.025740727682391183},"median":{"confidence_interval":{"confidence_level":0.95,"lower_bound":34.40700164363266,"upper_bound":34.51517584870162},"point_estimate":34.45834377911464,"standard_error":0.025473547647029592},"median_abs_dev":{"confidence_interval":{"confidence_level":0.95,"lower_bound":0.14627043381050597,"upper_bound":0.24770102459351306},"point_estimate":0.1893037881561448,"standard_error":0.026398944497752607},"slope":{"confidence_interval":{"confidence_level":0.95,"lower_bound":34.396138233731314,"upper_bound":34.48480087063628},"point_estimate":34.440536782285,"standard_error":0.0227225425995153},"std_dev":{"confidence_interval":{"confidence_level":0.95,"lower_bound":0.19137325722732348,"upper_bound":0.3296045610731314},"point_estimate":0.2574033292291739,"standard_error":0.036243259661777154}}