{"mean":{"confidence_interval":{"confidence_level":0.95,"lower_bound":16.092181191694056,"upper_bound":16.259205415324857},"point_estimate":16.167180555477717,"standard_error":0.04296546172930385},"median":{"confidence_interval":{"confidence_level":0.95,"lower_bound":16.046824312268864,"upper_bound":16.05196960358139},"point_estimate":16.04920096298679,"standard_error":0.0013503230290246135},"median_abs_dev":{"confidence_interval":{"confidence_level":0.95,"lower_bound":0.009240893045596268,"upper_bound":0.01621170736157054},"point_estimate":0.012171025883674063,"standard_error":0.001760664551068484},"slope":{"confidence_interval":{"confidence_level":0.95,"lower_bound":16.11241213723963,"upper_bound":16.495382424093123},"point_estimate":16.290780867486276,"standard_error":0.09826593769373304},"std_dev":{"confidence_interval":{"confidence_level":0.95,"lower_bound":0.2194690953880155,"upper_bound":0.5922286021682907},"point_estimate":0.43111339736375054,"standard_error":0.09646625605173396}}