{"mean":{"confidence_interval":{"confidence_level":0.95,"lower_bound":6.439267734047419,"upper_bound":6.493890517087834},"point_estimate":6.461989405489394,"standard_error":0.014203077746690145},"median":{"confidence_interval":{"confidence_level":0.95,"lower_bound":6.43014323637366,"upper_bound":6.434453523955609},"point_estimate":6.4316164393442,"standard_error":0.0010793637853692953},"median_abs_dev":{"confidence_interval":{"confidence_level":0.95,"lower_bound":0.005470294577000138,"upper_bound":0.010314050698146324},"point_estimate":0.007129825564185389,"standard_error":0.0011368656522954246},"slope":{"confidence_interval":{"confidence_level":0.95,"lower_bound":6.436935886165086,"upper_bound":6.548380035222906},"point_estimate":6.482189321367008,"standard_error":0.02940620107541496},"std_dev":{"confidence_interval":{"confidence_level":0.95,"lower_bound":0.030658757750004286,"upper_bound":0.22735461204401655},"point_estimate":0.14301465869712418,"standard_error":0.0526420110014472}}