{"mean":{"confidence_interval":{"confidence_level":0.95,"lower_bound":6.690304641416559,"upper_bound":6.732032495178797},"point_estimate":6.710648860966888,"standard_error":0.010631044971367465},"median":{"confidence_interval":{"confidence_level":0.95,"lower_bound":6.671729308546022,"upper_bound":6.724428645914854},"point_estimate":6.69882688586302,"standard_error":0.013479671505735069},"median_abs_dev":{"confidence_interval":{"confidence_level":0.95,"lower_bound":0.06849474357147875,"upper_bound":0.11070026923188699},"point_estimate":0.09193055260885034,"standard_error":0.01043569781122572},"slope":{"confidence_interval":{"confidence_level":0.95,"lower_bound":6.691995161306192,"upper_bound":6.72151291660954},"point_estimate":6.706551985699612,"standard_error":0.0075215363960733405},"std_dev":{"confidence_interval":{"confidence_level":0.95,"lower_bound":0.08508613327285867,"upper_bound":0.1288842609090462},"point_estimate":0.10664758761844403,"standard_error":0.01127654843341366}}