{"mean":{"confidence_interval":{"confidence_level":0.95,"lower_bound":3017.453061265304,"upper_bound":3055.1695743083496},"point_estimate":3034.5185515845887,"standard_error":9.68090194725993},"median":{"confidence_interval":{"confidence_level":0.95,"lower_bound":3003.775864980762,"upper_bound":3029.9940529960854},"point_estimate":3014.2175272331156,"standard_error":6.174455033365608},"median_abs_dev":{"confidence_interval":{"confidence_level":0.95,"lower_bound":30.930863072481007,"upper_bound":47.72229019045171},"point_estimate":37.83149101703003,"standard_error":4.194897518320915},"slope":{"confidence_interval":{"confidence_level":0.95,"lower_bound":3026.544204309798,"upper_bound":3073.192925415207},"point_estimate":3048.049935808672,"standard_error":11.993553200003165},"std_dev":{"confidence_interval":{"confidence_level":0.95,"lower_bound":48.75120958243561,"upper_bound":138.81836161416626},"point_estimate":97.23289543304527,"standard_error":23.43689771660112}}