{"mean":{"confidence_interval":{"confidence_level":0.95,"lower_bound":1544.3146480608184,"upper_bound":1549.8938088037266},"point_estimate":1546.8390519907489,"standard_error":1.4330613247020414},"median":{"confidence_interval":{"confidence_level":0.95,"lower_bound":1541.461139060047,"upper_bound":1543.1327881619936},"point_estimate":1542.4845798973795,"standard_error":0.5154343495071902},"median_abs_dev":{"confidence_interval":{"confidence_level":0.95,"lower_bound":2.8028458975789694,"upper_bound":5.3106196793641125},"point_estimate":4.005566608222024,"standard_error":0.581067961889817},"slope":{"confidence_interval":{"confidence_level":0.95,"lower_bound":1541.982552891675,"upper_bound":1546.5306511824842},"point_estimate":1544.0340842378282,"standard_error":1.167035285001114},"std_dev":{"confidence_interval":{"confidence_level":0.95,"lower_bound":7.843919702470493,"upper_bound":20.78192535429489},"point_estimate":14.40469286678352,"standard_error":3.4707253253841484}}