{"mean":{"confidence_interval":{"confidence_level":0.95,"lower_bound":891.7310524829101,"upper_bound":893.3491662981901},"point_estimate":892.4616287917817,"standard_error":0.41531395601926746},"median":{"confidence_interval":{"confidence_level":0.95,"lower_bound":890.7608171237151,"upper_bound":891.3912223162646},"point_estimate":890.9283536742034,"standard_error":0.16402998481462167},"median_abs_dev":{"confidence_interval":{"confidence_level":0.95,"lower_bound":0.6197577368765259,"upper_bound":1.3531538862476442},"point_estimate":0.8365126485541997,"standard_error":0.19301958211926787},"slope":{"confidence_interval":{"confidence_level":0.95,"lower_bound":890.7520542704293,"upper_bound":891.0784286236425},"point_estimate":890.9050694467331,"standard_error":0.08326947250751165},"std_dev":{"confidence_interval":{"confidence_level":0.95,"lower_bound":2.3069644495686075,"upper_bound":5.9478417499438985},"point_estimate":4.177220190667051,"standard_error":0.9710368636309054}}