{"mean":{"confidence_interval":{"confidence_level":0.95,"lower_bound":834.3081414660423,"upper_bound":836.022238887799},"point_estimate":835.1276940474345,"standard_error":0.4376626414473497},"median":{"confidence_interval":{"confidence_level":0.95,"lower_bound":833.3760615497957,"upper_bound":834.5360445282341},"point_estimate":833.9474357262261,"standard_error":0.3127926971066233},"median_abs_dev":{"confidence_interval":{"confidence_level":0.95,"lower_bound":2.0196469577341816,"upper_bound":3.6413282946755863},"point_estimate":3.004527696031527,"standard_error":0.42863990604102625},"slope":{"confidence_interval":{"confidence_level":0.95,"lower_bound":833.9757026839522,"upper_bound":835.6292461102709},"point_estimate":834.7960850640892,"standard_error":0.4234915227730035},"std_dev":{"confidence_interval":{"confidence_level":0.95,"lower_bound":3.231052742653584,"upper_bound":5.42036746228504},"point_estimate":4.385686962955998,"standard_error":0.5604386155281496}}