{"mean":{"confidence_interval":{"confidence_level":0.95,"lower_bound":8427.474625080838,"upper_bound":8546.825648318105},"point_estimate":8491.621268963892,"standard_error":30.642080438148945},"median":{"confidence_interval":{"confidence_level":0.95,"lower_bound":8558.030444297083,"upper_bound":8571.643362504354},"point_estimate":8566.770760743322,"standard_error":3.1754738625999357},"median_abs_dev":{"confidence_interval":{"confidence_level":0.95,"lower_bound":23.051447349374936,"upper_bound":39.01466133201896},"point_estimate":31.86352991040643,"standard_error":4.472655004129882},"slope":{"confidence_interval":{"confidence_level":0.95,"lower_bound":8555.136972220454,"upper_bound":8574.184057511513},"point_estimate":8563.465925841941,"standard_error":4.9564174817116164},"std_dev":{"confidence_interval":{"confidence_level":0.95,"lower_bound":185.58590433691705,"upper_bound":397.5922052759663},"point_estimate":309.04477608700984,"standard_error":53.21256451291964}}