{"mean":{"confidence_interval":{"confidence_level":0.95,"lower_bound":9369.906243008418,"upper_bound":9529.405831575094},"point_estimate":9447.861466850958,"standard_error":40.697093813984836},"median":{"confidence_interval":{"confidence_level":0.95,"lower_bound":9309.95392628205,"upper_bound":9483.928321678322},"point_estimate":9406.734133126934,"standard_error":44.17922210907009},"median_abs_dev":{"confidence_interval":{"confidence_level":0.95,"lower_bound":272.5997495910542,"upper_bound":450.85535538491075},"point_estimate":357.5263358068758,"standard_error":45.84263861090894},"slope":{"confidence_interval":{"confidence_level":0.95,"lower_bound":9360.12327953291,"upper_bound":9542.806805470662},"point_estimate":9446.542526912277,"standard_error":46.6131840221967},"std_dev":{"confidence_interval":{"confidence_level":0.95,"lower_bound":322.61688150357713,"upper_bound":499.6539979695154},"point_estimate":408.6457532349746,"standard_error":45.95224074135931}}