{"mean":{"confidence_interval":{"confidence_level":0.95,"lower_bound":7868.117805984181,"upper_bound":7895.285554225983},"point_estimate":7882.139516162473,"standard_error":6.910098043363694},"median":{"confidence_interval":{"confidence_level":0.95,"lower_bound":7879.9114928571435,"upper_bound":7890.684307692308},"point_estimate":7885.525529711375,"standard_error":2.5491854256149415},"median_abs_dev":{"confidence_interval":{"confidence_level":0.95,"lower_bound":18.70195482580771,"upper_bound":36.11429488987737},"point_estimate":29.591784218055135,"standard_error":4.675993565983939},"slope":{"confidence_interval":{"confidence_level":0.95,"lower_bound":7871.142859729795,"upper_bound":7879.137058501196},"point_estimate":7874.87293718339,"standard_error":2.0354315528454587},"std_dev":{"confidence_interval":{"confidence_level":0.95,"lower_bound":47.52779194646973,"upper_bound":88.07567003389651},"point_estimate":69.50309017301619,"standard_error":10.388797478861797}}