{"mean":{"confidence_interval":{"confidence_level":0.95,"lower_bound":28997.2839986042,"upper_bound":29509.587153884033},"point_estimate":29244.62920532063,"standard_error":130.79809097557498},"median":{"confidence_interval":{"confidence_level":0.95,"lower_bound":28668.318757415032,"upper_bound":28811.01038961039},"point_estimate":28724.263492063492,"standard_error":40.20101528657486},"median_abs_dev":{"confidence_interval":{"confidence_level":0.95,"lower_bound":294.6506752335858,"upper_bound":925.3733623700763},"point_estimate":515.6278011734016,"standard_error":159.56830497174954},"slope":{"confidence_interval":{"confidence_level":0.95,"lower_bound":28523.51835029736,"upper_bound":28678.662540418205},"point_estimate":28600.001710739092,"standard_error":39.50020665871107},"std_dev":{"confidence_interval":{"confidence_level":0.95,"lower_bound":1064.9116372068345,"upper_bound":1573.0715071965408},"point_estimate":1314.3677785123857,"standard_error":131.50168210804708}}