{"mean":{"confidence_interval":{"confidence_level":0.95,"lower_bound":6.372593808960696,"upper_bound":6.3770087809252844},"point_estimate":6.374695194667237,"standard_error":0.0011311157153476264},"median":{"confidence_interval":{"confidence_level":0.95,"lower_bound":6.36896921157838,"upper_bound":6.374141778883368},"point_estimate":6.371652417731033,"standard_error":0.001392333335528087},"median_abs_dev":{"confidence_interval":{"confidence_level":0.95,"lower_bound":0.006346321109107377,"upper_bound":0.011704887188681918},"point_estimate":0.00931691847787922,"standard_error":0.001448134158976108},"slope":{"confidence_interval":{"confidence_level":0.95,"lower_bound":6.372539719721947,"upper_bound":6.376584646903995},"point_estimate":6.374523485005404,"standard_error":0.0010322842441246904},"std_dev":{"confidence_interval":{"confidence_level":0.95,"lower_bound":0.008604926951395229,"upper_bound":0.01398343666453785},"point_estimate":0.011341477131421168,"standard_error":0.0013847765439927748}}