{"mean":{"confidence_interval":{"confidence_level":0.95,"lower_bound":6.2465360411725195,"upper_bound":6.270673989430699},"point_estimate":6.258668495042507,"standard_error":0.006159956966006096},"median":{"confidence_interval":{"confidence_level":0.95,"lower_bound":6.246636271123742,"upper_bound":6.272212448070567},"point_estimate":6.258844464015581,"standard_error":0.006118590398471459},"median_abs_dev":{"confidence_interval":{"confidence_level":0.95,"lower_bound":0.040422762633626944,"upper_bound":0.05996960001365082},"point_estimate":0.05111499767584184,"standard_error":0.004988155848163321},"slope":{"confidence_interval":{"confidence_level":0.95,"lower_bound":6.252864323720753,"upper_bound":6.273367659408785},"point_estimate":6.262900029368593,"standard_error":0.005237612877222217},"std_dev":{"confidence_interval":{"confidence_level":0.95,"lower_bound":0.04942796148452212,"upper_bound":0.07320509568806273},"point_estimate":0.061879524630440795,"standard_error":0.006065787879216269}}