{"mean":{"confidence_interval":{"confidence_level":0.95,"lower_bound":8.22040206306057,"upper_bound":8.374999486749553},"point_estimate":8.296986076880632,"standard_error":0.03948477323096635},"median":{"confidence_interval":{"confidence_level":0.95,"lower_bound":8.107180723186119,"upper_bound":8.325991507814617},"point_estimate":8.201165637259624,"standard_error":0.06555264886134105},"median_abs_dev":{"confidence_interval":{"confidence_level":0.95,"lower_bound":0.2992878094525781,"upper_bound":0.5299871981284805},"point_estimate":0.4271635285711947,"standard_error":0.06301452793784848},"slope":{"confidence_interval":{"confidence_level":0.95,"lower_bound":8.152022965666333,"upper_bound":8.368537980254777},"point_estimate":8.260135636663275,"standard_error":0.055387445837055294},"std_dev":{"confidence_interval":{"confidence_level":0.95,"lower_bound":0.3492998479777459,"upper_bound":0.4387876831855684},"point_estimate":0.3981416762474755,"standard_error":0.022785370217994292}}