{"mean":{"confidence_interval":{"confidence_level":0.95,"lower_bound":6.349514898459939,"upper_bound":6.350480418368282},"point_estimate":6.349970524915145,"standard_error":0.00024638824993354435},"median":{"confidence_interval":{"confidence_level":0.95,"lower_bound":6.349103947250266,"upper_bound":6.349796982001091},"point_estimate":6.349469661868019,"standard_error":0.00014535406543533618},"median_abs_dev":{"confidence_interval":{"confidence_level":0.95,"lower_bound":0.0009619850814515842,"upper_bound":0.0016458167074337598},"point_estimate":0.0012743559621815569,"standard_error":0.00016306815398142878},"slope":{"confidence_interval":{"confidence_level":0.95,"lower_bound":6.349184169672013,"upper_bound":6.349677026191538},"point_estimate":6.349423028412325,"standard_error":0.0001254509940832448},"std_dev":{"confidence_interval":{"confidence_level":0.95,"lower_bound":0.0016132735828939938,"upper_bound":0.0032723760438226144},"point_estimate":0.0024835832155891816,"standard_error":0.0004274785263457348}}