{"mean":{"confidence_interval":{"confidence_level":0.95,"lower_bound":43.334961457568184,"upper_bound":44.345497138756336},"point_estimate":43.77060988505023,"standard_error":0.26006049718010665},"median":{"confidence_interval":{"confidence_level":0.95,"lower_bound":43.20672679816302,"upper_bound":43.695026761819804},"point_estimate":43.53028906519353,"standard_error":0.12575358158225775},"median_abs_dev":{"confidence_interval":{"confidence_level":0.95,"lower_bound":0.6243511195244612,"upper_bound":1.1609974915905468},"point_estimate":0.8465213690099873,"standard_error":0.13644828099814116},"slope":{"confidence_interval":{"confidence_level":0.95,"lower_bound":43.23512011359585,"upper_bound":43.512933328039445},"point_estimate":43.37556332635407,"standard_error":0.07089446483535013},"std_dev":{"confidence_interval":{"confidence_level":0.95,"lower_bound":1.158963008252369,"upper_bound":4.014005286431999},"point_estimate":2.6085821659541737,"standard_error":0.8311330127081802}}