{"mean":{"confidence_interval":{"confidence_level":0.95,"lower_bound":1371.0595305558872,"upper_bound":1380.9299698018901},"point_estimate":1374.6952990095506,"standard_error":2.8241865857587194},"median":{"confidence_interval":{"confidence_level":0.95,"lower_bound":1369.5445360120477,"upper_bound":1370.4067316080257},"point_estimate":1369.8586227308601,"standard_error":0.2564292391686921},"median_abs_dev":{"confidence_interval":{"confidence_level":0.95,"lower_bound":1.298745248832956,"upper_bound":2.750149918462142},"point_estimate":1.8499324051421666,"standard_error":0.3753298934615008},"slope":{"confidence_interval":{"confidence_level":0.95,"lower_bound":1369.2044083399435,"upper_bound":1369.7543325117392},"point_estimate":1369.4666859768768,"standard_error":0.14019416916024535},"std_dev":{"confidence_interval":{"confidence_level":0.95,"lower_bound":3.8586378771656262,"upper_bound":48.094200760193424},"point_estimate":28.41912155403381,"standard_error":15.041551760917987}}