{"mean":{"confidence_interval":{"confidence_level":0.95,"lower_bound":11763.749048113772,"upper_bound":12009.662436442504},"point_estimate":11885.447884197794,"standard_error":62.76706736602276},"median":{"confidence_interval":{"confidence_level":0.95,"lower_bound":11804.466889880952,"upper_bound":12005.34200680272},"point_estimate":11926.188321862235,"standard_error":54.179431016989916},"median_abs_dev":{"confidence_interval":{"confidence_level":0.95,"lower_bound":344.60287622885994,"upper_bound":610.9310048407425},"point_estimate":468.20487739725036,"standard_error":69.46464327814687},"slope":{"confidence_interval":{"confidence_level":0.95,"lower_bound":11875.261862152416,"upper_bound":12056.242268335072},"point_estimate":11963.01300189294,"standard_error":46.16494390522332},"std_dev":{"confidence_interval":{"confidence_level":0.95,"lower_bound":499.9294507872763,"upper_bound":751.8410095103965},"point_estimate":630.8231970252835,"standard_error":64.5995119248357}}