{"mean":{"confidence_interval":{"confidence_level":0.95,"lower_bound":304.4784024000603,"upper_bound":305.0765121231319},"point_estimate":304.741042952488,"standard_error":0.15383672595444045},"median":{"confidence_interval":{"confidence_level":0.95,"lower_bound":304.18852261178864,"upper_bound":304.3779240576497},"point_estimate":304.2759561790342,"standard_error":0.05617250171997422},"median_abs_dev":{"confidence_interval":{"confidence_level":0.95,"lower_bound":0.24317561569399537,"upper_bound":0.5262928618109568},"point_estimate":0.38066953102515716,"standard_error":0.07841563803689243},"slope":{"confidence_interval":{"confidence_level":0.95,"lower_bound":304.10325165786446,"upper_bound":304.19434931843443},"point_estimate":304.1430386082747,"standard_error":0.0232662260513879},"std_dev":{"confidence_interval":{"confidence_level":0.95,"lower_bound":0.6875488398609404,"upper_bound":2.294943310332317},"point_estimate":1.5520659676031892,"standard_error":0.4197414889935949}}