{"mean":{"confidence_interval":{"confidence_level":0.95,"lower_bound":309.19487873437294,"upper_bound":310.2863262852946},"point_estimate":309.6858489511446,"standard_error":0.2785485497400028},"median":{"confidence_interval":{"confidence_level":0.95,"lower_bound":308.7462463302111,"upper_bound":309.1583747442268},"point_estimate":308.9435668595357,"standard_error":0.09660506161468313},"median_abs_dev":{"confidence_interval":{"confidence_level":0.95,"lower_bound":0.6372423776661944,"upper_bound":1.2134014653672867},"point_estimate":0.7925562819130825,"standard_error":0.14943852709095892},"slope":{"confidence_interval":{"confidence_level":0.95,"lower_bound":308.68617685147285,"upper_bound":308.9913667552416},"point_estimate":308.8372327823174,"standard_error":0.07785081717603719},"std_dev":{"confidence_interval":{"confidence_level":0.95,"lower_bound":1.5313492929626207,"upper_bound":4.024204182027645},"point_estimate":2.802292968185664,"standard_error":0.6714159040460735}}