{"mean":{"confidence_interval":{"confidence_level":0.95,"lower_bound":122.23584585331608,"upper_bound":124.56871236576154},"point_estimate":123.37184196277272,"standard_error":0.5948953584987194},"median":{"confidence_interval":{"confidence_level":0.95,"lower_bound":121.73913945538135,"upper_bound":124.01029688610734},"point_estimate":122.590578473769,"standard_error":0.5655431352058597},"median_abs_dev":{"confidence_interval":{"confidence_level":0.95,"lower_bound":3.370655299570715,"upper_bound":5.945329123107134},"point_estimate":4.832171637800307,"standard_error":0.6464189462974808},"slope":{"confidence_interval":{"confidence_level":0.95,"lower_bound":123.32422658483446,"upper_bound":125.8241133221156},"point_estimate":124.53629218816286,"standard_error":0.6375570225565331},"std_dev":{"confidence_interval":{"confidence_level":0.95,"lower_bound":4.693965761503322,"upper_bound":7.183766427753891},"point_estimate":5.98321902866617,"standard_error":0.6390966382111736}}