{"mean":{"confidence_interval":{"confidence_level":0.95,"lower_bound":123.42891287233924,"upper_bound":123.8302133833536},"point_estimate":123.6069568730382,"standard_error":0.10309214215855263},"median":{"confidence_interval":{"confidence_level":0.95,"lower_bound":123.24622897979285,"upper_bound":123.39629314197435},"point_estimate":123.326197734828,"standard_error":0.037994164784806814},"median_abs_dev":{"confidence_interval":{"confidence_level":0.95,"lower_bound":0.24168842250948966,"upper_bound":0.43876852624532525},"point_estimate":0.3524568476720219,"standard_error":0.05285827470972152},"slope":{"confidence_interval":{"confidence_level":0.95,"lower_bound":123.1506360128442,"upper_bound":123.25145446156786},"point_estimate":123.20007381899815,"standard_error":0.02568751057489633},"std_dev":{"confidence_interval":{"confidence_level":0.95,"lower_bound":0.5336299938871812,"upper_bound":1.5287307108804502},"point_estimate":1.0362173149526164,"standard_error":0.27429248245026744}}