{"mean":{"confidence_interval":{"confidence_level":0.95,"lower_bound":5.6458082700798125,"upper_bound":5.64667354864788},"point_estimate":5.646228266916662,"standard_error":0.00022097122555939455},"median":{"confidence_interval":{"confidence_level":0.95,"lower_bound":5.645388185634319,"upper_bound":5.646290377510648},"point_estimate":5.64571237286436,"standard_error":0.00024888776161037496},"median_abs_dev":{"confidence_interval":{"confidence_level":0.95,"lower_bound":0.001230023974707501,"upper_bound":0.0020836492080766543},"point_estimate":0.0015985121822034653,"standard_error":0.00021725784783834795},"slope":{"confidence_interval":{"confidence_level":0.95,"lower_bound":5.645536438924015,"upper_bound":5.646229875701432},"point_estimate":5.645870987878409,"standard_error":0.00017712238193464793},"std_dev":{"confidence_interval":{"confidence_level":0.95,"lower_bound":0.0017750163277752585,"upper_bound":0.0026778173348633166},"point_estimate":0.0022320401541315376,"standard_error":0.00023192707930475557}}