{"mean":{"confidence_interval":{"confidence_level":0.95,"lower_bound":3.093964668782489,"upper_bound":3.103502296381869},"point_estimate":3.0980416984755648,"standard_error":0.0024690554063375846},"median":{"confidence_interval":{"confidence_level":0.95,"lower_bound":3.090942059575852,"upper_bound":3.094785213948626},"point_estimate":3.092688649570828,"standard_error":0.001021620876657683},"median_abs_dev":{"confidence_interval":{"confidence_level":0.95,"lower_bound":0.005209557513345477,"upper_bound":0.0087848651096376},"point_estimate":0.006677080412128298,"standard_error":0.0009253581412591044},"slope":{"confidence_interval":{"confidence_level":0.95,"lower_bound":3.092892089023419,"upper_bound":3.0973223570950923},"point_estimate":3.094972383373526,"standard_error":0.0011309445864384582},"std_dev":{"confidence_interval":{"confidence_level":0.95,"lower_bound":0.009961974880884348,"upper_bound":0.03870589221417455},"point_estimate":0.02494948728878798,"standard_error":0.0083287611145989}}