{"mean":{"confidence_interval":{"confidence_level":0.95,"lower_bound":17.408347349039975,"upper_bound":17.554012990328278},"point_estimate":17.469362130655437,"standard_error":0.038098717276170944},"median":{"confidence_interval":{"confidence_level":0.95,"lower_bound":17.391211173536767,"upper_bound":17.414887066300242},"point_estimate":17.403732994998606,"standard_error":0.005192615006962376},"median_abs_dev":{"confidence_interval":{"confidence_level":0.95,"lower_bound":0.03531366406365703,"upper_bound":0.06355399696970188},"point_estimate":0.04613871928673027,"standard_error":0.007555026736560241},"slope":{"confidence_interval":{"confidence_level":0.95,"lower_bound":17.40909395885804,"upper_bound":17.456205800045907},"point_estimate":17.428501418128988,"standard_error":0.012181700869545268},"std_dev":{"confidence_interval":{"confidence_level":0.95,"lower_bound":0.057453180514951234,"upper_bound":0.5930919550863902},"point_estimate":0.3833478409638237,"standard_error":0.14021155869270757}}