{"mean":{"confidence_interval":{"confidence_level":0.95,"lower_bound":49.106296663468974,"upper_bound":49.780162458293916},"point_estimate":49.434662714115454,"standard_error":0.17184737967649774},"median":{"confidence_interval":{"confidence_level":0.95,"lower_bound":48.86256883971733,"upper_bound":49.50575569655996},"point_estimate":49.155799731145,"standard_error":0.1647082227642152},"median_abs_dev":{"confidence_interval":{"confidence_level":0.95,"lower_bound":1.2053944091986761,"upper_bound":1.837719083198164},"point_estimate":1.523193775999316,"standard_error":0.1601946504434392},"slope":{"confidence_interval":{"confidence_level":0.95,"lower_bound":49.455000479432584,"upper_bound":50.25686666431116},"point_estimate":49.841260600988825,"standard_error":0.20481074986235984},"std_dev":{"confidence_interval":{"confidence_level":0.95,"lower_bound":1.3549930584901697,"upper_bound":2.0940476392432084},"point_estimate":1.723193135007344,"standard_error":0.191303589093989}}