{"mean":{"confidence_interval":{"confidence_level":0.95,"lower_bound":29599.490303214334,"upper_bound":29794.309409046924},"point_estimate":29692.10309396565,"standard_error":49.57571644066392},"median":{"confidence_interval":{"confidence_level":0.95,"lower_bound":29805.673247381143,"upper_bound":29862.195501730104},"point_estimate":29838.331195875064,"standard_error":12.117566293582163},"median_abs_dev":{"confidence_interval":{"confidence_level":0.95,"lower_bound":84.62640731137891,"upper_bound":195.19449132225387},"point_estimate":134.32908460359093,"standard_error":29.228023584187145},"slope":{"confidence_interval":{"confidence_level":0.95,"lower_bound":29819.880192542678,"upper_bound":29857.795189648998},"point_estimate":29839.56814332531,"standard_error":9.67940728628679},"std_dev":{"confidence_interval":{"confidence_level":0.95,"lower_bound":342.8158163478923,"upper_bound":692.9551693334096},"point_estimate":499.67173540492473,"standard_error":100.64979635973985}}