{"mean":{"confidence_interval":{"confidence_level":0.95,"lower_bound":22932.157086201725,"upper_bound":23341.940076287778},"point_estimate":23142.520231535393,"standard_error":104.27289294369655},"median":{"confidence_interval":{"confidence_level":0.95,"lower_bound":23669.204985119046,"upper_bound":23688.924292615597},"point_estimate":23680.14369844083,"standard_error":4.574106468596768},"median_abs_dev":{"confidence_interval":{"confidence_level":0.95,"lower_bound":34.97983048017613,"upper_bound":70.1342720594647},"point_estimate":49.77319262430498,"standard_error":8.805244917694909},"slope":{"confidence_interval":{"confidence_level":0.95,"lower_bound":23624.81009365906,"upper_bound":23666.147995575408},"point_estimate":23648.23749948982,"standard_error":10.539944651445534},"std_dev":{"confidence_interval":{"confidence_level":0.95,"lower_bound":875.3825496022506,"upper_bound":1160.8317359061243},"point_estimate":1043.683435840384,"standard_error":72.88047026704676}}