{"mean":{"confidence_interval":{"confidence_level":0.95,"lower_bound":18025.291624560763,"upper_bound":18192.67572130135},"point_estimate":18104.669401131254,"standard_error":42.57594105434918},"median":{"confidence_interval":{"confidence_level":0.95,"lower_bound":18122.172525252525,"upper_bound":18137.144077134988},"point_estimate":18128.86301037672,"standard_error":3.519928430784415},"median_abs_dev":{"confidence_interval":{"confidence_level":0.95,"lower_bound":20.78160664879061,"upper_bound":34.15474301026139},"point_estimate":25.340829395887464,"standard_error":3.715952085737573},"slope":{"confidence_interval":{"confidence_level":0.95,"lower_bound":18133.240615069586,"upper_bound":18178.356746765952},"point_estimate":18152.812758547498,"standard_error":11.622186099609243},"std_dev":{"confidence_interval":{"confidence_level":0.95,"lower_bound":292.57458835012073,"upper_bound":583.4706387179151},"point_estimate":426.7859943314597,"standard_error":80.3692626232078}}