{"mean":{"confidence_interval":{"confidence_level":0.95,"lower_bound":1011.4962401680754,"upper_bound":1016.6282646798777},"point_estimate":1014.5797573704833,"standard_error":1.3571144918220588},"median":{"confidence_interval":{"confidence_level":0.95,"lower_bound":1015.1606062798489,"upper_bound":1017.4029297212511},"point_estimate":1015.9076865738062,"standard_error":0.5512656379983062},"median_abs_dev":{"confidence_interval":{"confidence_level":0.95,"lower_bound":3.3255699311838813,"upper_bound":5.872962423881378},"point_estimate":4.53707033310594,"standard_error":0.6158060082759097},"slope":{"confidence_interval":{"confidence_level":0.95,"lower_bound":1013.1549961149077,"upper_bound":1015.8637190168305},"point_estimate":1014.5180562483447,"standard_error":0.6921360172866428},"std_dev":{"confidence_interval":{"confidence_level":0.95,"lower_bound":4.511922957285089,"upper_bound":22.308253284579788},"point_estimate":13.599190879729221,"standard_error":5.907977826261424}}