{"mean":{"confidence_interval":{"confidence_level":0.95,"lower_bound":37.39392859834796,"upper_bound":37.58134088826388},"point_estimate":37.48993197975554,"standard_error":0.0477415698242514},"median":{"confidence_interval":{"confidence_level":0.95,"lower_bound":37.51074378007297,"upper_bound":37.64039133689285},"point_estimate":37.56421389802799,"standard_error":0.032254651708182966},"median_abs_dev":{"confidence_interval":{"confidence_level":0.95,"lower_bound":0.22989761746848963,"upper_bound":0.4154399016169174},"point_estimate":0.31955139654087633,"standard_error":0.049247497525606594},"slope":{"confidence_interval":{"confidence_level":0.95,"lower_bound":37.59670788340204,"upper_bound":37.726816489623516},"point_estimate":37.65903225511076,"standard_error":0.03319640705084318},"std_dev":{"confidence_interval":{"confidence_level":0.95,"lower_bound":0.3408846539331258,"upper_bound":0.602049901062515},"point_estimate":0.4790820619334739,"standard_error":0.06676473240879058}}