{"mean":{"confidence_interval":{"confidence_level":0.95,"lower_bound":61.37531124529717,"upper_bound":62.736791209319684},"point_estimate":61.989890809610394,"standard_error":0.3506697933821086},"median":{"confidence_interval":{"confidence_level":0.95,"lower_bound":60.950769687865545,"upper_bound":61.101985933737105},"point_estimate":61.02322851101495,"standard_error":0.0344733887380523},"median_abs_dev":{"confidence_interval":{"confidence_level":0.95,"lower_bound":0.2807289196280393,"upper_bound":0.49107291392145175},"point_estimate":0.3698428287998279,"standard_error":0.056327179098604435},"slope":{"confidence_interval":{"confidence_level":0.95,"lower_bound":60.9029863427107,"upper_bound":61.02946755676218},"point_estimate":60.96564534590647,"standard_error":0.03214983839225189},"std_dev":{"confidence_interval":{"confidence_level":0.95,"lower_bound":1.754500062137066,"upper_bound":4.914267002298409},"point_estimate":3.532393949037758,"standard_error":0.8087208877761849}}