{"mean":{"confidence_interval":{"confidence_level":0.95,"lower_bound":17.1456992947838,"upper_bound":17.149372730226585},"point_estimate":17.147384973527302,"standard_error":0.0009311007367646696},"median":{"confidence_interval":{"confidence_level":0.95,"lower_bound":17.145563449710085,"upper_bound":17.14789095095615},"point_estimate":17.14725911755038,"standard_error":0.0005316250228976996},"median_abs_dev":{"confidence_interval":{"confidence_level":0.95,"lower_bound":0.003277700120911233,"upper_bound":0.00519814871553392},"point_estimate":0.004337315617087201,"standard_error":0.0005108356367532372},"slope":{"confidence_interval":{"confidence_level":0.95,"lower_bound":17.146802536801168,"upper_bound":17.14924220587131},"point_estimate":17.147918907343776,"standard_error":0.000627178470225166},"std_dev":{"confidence_interval":{"confidence_level":0.95,"lower_bound":0.00493352498233226,"upper_bound":0.013843475616843464},"point_estimate":0.009372530833689425,"standard_error":0.002436310786047708}}