{"mean":{"confidence_interval":{"confidence_level":0.95,"lower_bound":3753.3176948003447,"upper_bound":3765.88785011874},"point_estimate":3760.2713080522203,"standard_error":3.2349789865365173},"median":{"confidence_interval":{"confidence_level":0.95,"lower_bound":3761.2096850767525,"upper_bound":3767.3691843528923},"point_estimate":3763.6020364789015,"standard_error":1.7389685333828637},"median_abs_dev":{"confidence_interval":{"confidence_level":0.95,"lower_bound":8.923111818224239,"upper_bound":14.914953013241426},"point_estimate":10.919688184845068,"standard_error":1.555232356543334},"slope":{"confidence_interval":{"confidence_level":0.95,"lower_bound":3759.3631809959375,"upper_bound":3763.1329828656867},"point_estimate":3761.208169066781,"standard_error":0.9591308774175739},"std_dev":{"confidence_interval":{"confidence_level":0.95,"lower_bound":11.930111051515096,"upper_bound":46.452430907628965},"point_estimate":32.56736293964094,"standard_error":8.176623795278156}}