{"mean":{"confidence_interval":{"confidence_level":0.95,"lower_bound":2354.132228612747,"upper_bound":2374.875804693851},"point_estimate":2366.352618515495,"standard_error":5.496766423060217},"median":{"confidence_interval":{"confidence_level":0.95,"lower_bound":2370.8523189060184,"upper_bound":2372.8612478255736},"point_estimate":2371.943403894711,"standard_error":0.5470744181397211},"median_abs_dev":{"confidence_interval":{"confidence_level":0.95,"lower_bound":3.6851472346261045,"upper_bound":6.716423425997617},"point_estimate":5.460687492801522,"standard_error":0.8010910454457111},"slope":{"confidence_interval":{"confidence_level":0.95,"lower_bound":2370.331208511154,"upper_bound":2372.357125594046},"point_estimate":2371.3301568788306,"standard_error":0.5153858755665969},"std_dev":{"confidence_interval":{"confidence_level":0.95,"lower_bound":7.493901215962976,"upper_bound":86.12062053362543},"point_estimate":55.399190209845415,"standard_error":21.45212488402805}}