{"mean":{"confidence_interval":{"confidence_level":0.95,"lower_bound":3582.2478068216537,"upper_bound":3684.545167622399},"point_estimate":3631.367152681788,"standard_error":26.038528259079325},"median":{"confidence_interval":{"confidence_level":0.95,"lower_bound":3529.6679555386663,"upper_bound":3623.528106397177},"point_estimate":3574.649880927859,"standard_error":24.83699494454708},"median_abs_dev":{"confidence_interval":{"confidence_level":0.95,"lower_bound":147.43140713717753,"upper_bound":241.8920106529433},"point_estimate":195.68473093023368,"standard_error":23.98886292331479},"slope":{"confidence_interval":{"confidence_level":0.95,"lower_bound":3551.152352801668,"upper_bound":3669.1109265029145},"point_estimate":3605.9697361745443,"standard_error":30.162022147348573},"std_dev":{"confidence_interval":{"confidence_level":0.95,"lower_bound":207.2346171105801,"upper_bound":309.34650914751154},"point_estimate":261.5891500516643,"standard_error":26.107983889430287}}