{"mean":{"confidence_interval":{"confidence_level":0.95,"lower_bound":53.44668988218956,"upper_bound":53.72429356575844},"point_estimate":53.56381490208693,"standard_error":0.07186171025078342},"median":{"confidence_interval":{"confidence_level":0.95,"lower_bound":53.38457063691101,"upper_bound":53.53931110414596},"point_estimate":53.48102700391007,"standard_error":0.04152389015699973},"median_abs_dev":{"confidence_interval":{"confidence_level":0.95,"lower_bound":0.24918199963865192,"upper_bound":0.40468352925549717},"point_estimate":0.3121232210762411,"standard_error":0.03851778463106965},"slope":{"confidence_interval":{"confidence_level":0.95,"lower_bound":53.26827764846585,"upper_bound":53.47442416912846},"point_estimate":53.36392860384678,"standard_error":0.05254731672984632},"std_dev":{"confidence_interval":{"confidence_level":0.95,"lower_bound":0.3284720594261093,"upper_bound":1.1293766078158947},"point_estimate":0.7233097722243396,"standard_error":0.2546292143906337}}