{"mean":{"confidence_interval":{"confidence_level":0.95,"lower_bound":6156.654992138198,"upper_bound":6268.091132173966},"point_estimate":6211.4329994042355,"standard_error":28.35090968881177},"median":{"confidence_interval":{"confidence_level":0.95,"lower_bound":6179.401880310357,"upper_bound":6265.5665028535195},"point_estimate":6225.561846298237,"standard_error":22.471306065494705},"median_abs_dev":{"confidence_interval":{"confidence_level":0.95,"lower_bound":165.90882101048842,"upper_bound":296.6899995534446},"point_estimate":233.60214402193128,"standard_error":34.41929580870242},"slope":{"confidence_interval":{"confidence_level":0.95,"lower_bound":6280.548589285774,"upper_bound":6398.891820087856},"point_estimate":6337.339852954006,"standard_error":30.17121172585466},"std_dev":{"confidence_interval":{"confidence_level":0.95,"lower_bound":219.9565037503245,"upper_bound":347.8746612019757},"point_estimate":285.1246071672087,"standard_error":32.927661955925075}}