{"mean":{"confidence_interval":{"confidence_level":0.95,"lower_bound":8.452858943972645,"upper_bound":8.516769987978886},"point_estimate":8.480284446426559,"standard_error":0.01648521271728828},"median":{"confidence_interval":{"confidence_level":0.95,"lower_bound":8.435346960245965,"upper_bound":8.442881060034379},"point_estimate":8.438321411906632,"standard_error":0.0017404274878984058},"median_abs_dev":{"confidence_interval":{"confidence_level":0.95,"lower_bound":0.008237426676600724,"upper_bound":0.017200111567268712},"point_estimate":0.012042389102962646,"standard_error":0.0023556040561387498},"slope":{"confidence_interval":{"confidence_level":0.95,"lower_bound":8.45364215854177,"upper_bound":8.5697402988644},"point_estimate":8.501903143791642,"standard_error":0.03037233879568566},"std_dev":{"confidence_interval":{"confidence_level":0.95,"lower_bound":0.04745069698307184,"upper_bound":0.2550825968735615},"point_estimate":0.16549268386787566,"standard_error":0.05267898432815125}}