{"mean":{"confidence_interval":{"confidence_level":0.95,"lower_bound":1164.5750416666012,"upper_bound":1184.9707203430867},"point_estimate":1172.2741597029787,"standard_error":5.490997075825904},"median":{"confidence_interval":{"confidence_level":0.95,"lower_bound":1162.4920454545454,"upper_bound":1163.9636361574746},"point_estimate":1163.1350126827922,"standard_error":0.3217295130230308},"median_abs_dev":{"confidence_interval":{"confidence_level":0.95,"lower_bound":2.541178477880664,"upper_bound":4.904945814630067},"point_estimate":3.6473059649281185,"standard_error":0.6269927807591483},"slope":{"confidence_interval":{"confidence_level":0.95,"lower_bound":1161.8325416456946,"upper_bound":1164.1203654642145},"point_estimate":1162.865498890286,"standard_error":0.5850312291951223},"std_dev":{"confidence_interval":{"confidence_level":0.95,"lower_bound":6.414504049334565,"upper_bound":92.19101264762061},"point_estimate":55.28765600993932,"standard_error":26.266817309607394}}