{"mean":{"confidence_interval":{"confidence_level":0.95,"lower_bound":1250.2055251714157,"upper_bound":1253.4184757438825},"point_estimate":1251.885938502878,"standard_error":0.8133757831679139},"median":{"confidence_interval":{"confidence_level":0.95,"lower_bound":1250.17785946178,"upper_bound":1251.870888128265},"point_estimate":1251.1672359334655,"standard_error":0.438545910760768},"median_abs_dev":{"confidence_interval":{"confidence_level":0.95,"lower_bound":2.9867477922076895,"upper_bound":4.798837499732225},"point_estimate":3.9638060684161234,"standard_error":0.45868015353818664},"slope":{"confidence_interval":{"confidence_level":0.95,"lower_bound":1248.7029543200788,"upper_bound":1250.2668942392559},"point_estimate":1249.452068749929,"standard_error":0.39919226032548466},"std_dev":{"confidence_interval":{"confidence_level":0.95,"lower_bound":4.761681121418833,"upper_bound":11.653003598227961},"point_estimate":8.172628423054768,"standard_error":1.8324477198129483}}