{"mean":{"confidence_interval":{"confidence_level":0.95,"lower_bound":1567.9100801295986,"upper_bound":1598.6415885658382},"point_estimate":1582.4298312539652,"standard_error":7.854578119068367},"median":{"confidence_interval":{"confidence_level":0.95,"lower_bound":1559.463825530212,"upper_bound":1581.1346340734096},"point_estimate":1570.1865254977731,"standard_error":5.487263020098732},"median_abs_dev":{"confidence_interval":{"confidence_level":0.95,"lower_bound":32.61748133136639,"upper_bound":56.86028302715037},"point_estimate":43.51971870308155,"standard_error":6.323590664957196},"slope":{"confidence_interval":{"confidence_level":0.95,"lower_bound":1566.930491182265,"upper_bound":1593.5932399019623},"point_estimate":1579.9190657774745,"standard_error":6.807842396767985},"std_dev":{"confidence_interval":{"confidence_level":0.95,"lower_bound":55.42805295947725,"upper_bound":104.51200733314604},"point_estimate":78.97829435059012,"standard_error":13.037820336407227}}