{"mean":{"confidence_interval":{"confidence_level":0.95,"lower_bound":1688.9618272255216,"upper_bound":1692.1940409009492},"point_estimate":1690.478800507412,"standard_error":0.8334600506255178},"median":{"confidence_interval":{"confidence_level":0.95,"lower_bound":1687.0731661181098,"upper_bound":1689.3460543384786},"point_estimate":1688.1718295794383,"standard_error":0.6141882387508136},"median_abs_dev":{"confidence_interval":{"confidence_level":0.95,"lower_bound":3.133780496988905,"upper_bound":5.569657506318008},"point_estimate":4.118333260218209,"standard_error":0.6480098652894112},"slope":{"confidence_interval":{"confidence_level":0.95,"lower_bound":1686.0522902710463,"upper_bound":1687.1304982444003},"point_estimate":1686.568741933895,"standard_error":0.2753759561002317},"std_dev":{"confidence_interval":{"confidence_level":0.95,"lower_bound":5.651505070088347,"upper_bound":10.869625659107804},"point_estimate":8.340729505413192,"standard_error":1.343702446023367}}