{"mean":{"confidence_interval":{"confidence_level":0.95,"lower_bound":94.24886158820823,"upper_bound":94.532526655679},"point_estimate":94.36939526682903,"standard_error":0.0733755295531935},"median":{"confidence_interval":{"confidence_level":0.95,"lower_bound":94.12193732193732,"upper_bound":94.19955845504106},"point_estimate":94.16380974992086,"standard_error":0.01756019174977484},"median_abs_dev":{"confidence_interval":{"confidence_level":0.95,"lower_bound":0.12324997496832067,"upper_bound":0.2224599394695292},"point_estimate":0.1801952032976415,"standard_error":0.024520583122263465},"slope":{"confidence_interval":{"confidence_level":0.95,"lower_bound":94.07377104037839,"upper_bound":94.10869234153502},"point_estimate":94.08895322995751,"standard_error":0.00888452808114885},"std_dev":{"confidence_interval":{"confidence_level":0.95,"lower_bound":0.2962435645002781,"upper_bound":1.1403112982399024},"point_estimate":0.7349527632281997,"standard_error":0.24372562836693806}}