{"mean":{"confidence_interval":{"confidence_level":0.95,"lower_bound":30.559747980601216,"upper_bound":30.9854470335124},"point_estimate":30.720905051411087,"standard_error":0.11684854116685583},"median":{"confidence_interval":{"confidence_level":0.95,"lower_bound":30.546155203999845,"upper_bound":30.66720892698334},"point_estimate":30.58550751443572,"standard_error":0.030207204892709883},"median_abs_dev":{"confidence_interval":{"confidence_level":0.95,"lower_bound":0.17803479412097217,"upper_bound":0.32604444506526864},"point_estimate":0.2699643307499247,"standard_error":0.03781770869650524},"slope":{"confidence_interval":{"confidence_level":0.95,"lower_bound":30.62214006605352,"upper_bound":30.71460900595449},"point_estimate":30.66799000634888,"standard_error":0.023597288542504456},"std_dev":{"confidence_interval":{"confidence_level":0.95,"lower_bound":0.27142309129418934,"upper_bound":1.9731235900608264},"point_estimate":1.1750391890931944,"standard_error":0.582453199936543}}