{"mean":{"confidence_interval":{"confidence_level":0.95,"lower_bound":60.55322938796677,"upper_bound":60.70137500780414},"point_estimate":60.61726380081531,"standard_error":0.03800177708190042},"median":{"confidence_interval":{"confidence_level":0.95,"lower_bound":60.48673968540349,"upper_bound":60.52727713850305},"point_estimate":60.49790324917332,"standard_error":0.010430574169656912},"median_abs_dev":{"confidence_interval":{"confidence_level":0.95,"lower_bound":0.05899865075403467,"upper_bound":0.1182850867007759},"point_estimate":0.07922914335780828,"standard_error":0.015499624810793292},"slope":{"confidence_interval":{"confidence_level":0.95,"lower_bound":60.475639199025466,"upper_bound":60.50150154608532},"point_estimate":60.48795476994631,"standard_error":0.006620026406758616},"std_dev":{"confidence_interval":{"confidence_level":0.95,"lower_bound":0.17520365895138407,"upper_bound":0.5766791422506579},"point_estimate":0.38048653636488455,"standard_error":0.11320262024486444}}