{"mean":{"confidence_interval":{"confidence_level":0.95,"lower_bound":45.66697387843605,"upper_bound":45.90504150872289},"point_estimate":45.77259251180947,"standard_error":0.061014766598778226},"median":{"confidence_interval":{"confidence_level":0.95,"lower_bound":45.58200340104121,"upper_bound":45.63066740329098},"point_estimate":45.60084332457722,"standard_error":0.013312006734019347},"median_abs_dev":{"confidence_interval":{"confidence_level":0.95,"lower_bound":0.05501955015095331,"upper_bound":0.1081487742129612},"point_estimate":0.0736226261859759,"standard_error":0.014487160094104695},"slope":{"confidence_interval":{"confidence_level":0.95,"lower_bound":45.584552199943346,"upper_bound":45.69614603458853},"point_estimate":45.630833171444316,"standard_error":0.02878712434875848},"std_dev":{"confidence_interval":{"confidence_level":0.95,"lower_bound":0.2862065385177138,"upper_bound":0.8643712766591419},"point_estimate":0.6139141551724824,"standard_error":0.14969920967012115}}