{"mean":{"confidence_interval":{"confidence_level":0.95,"lower_bound":132.76020370240738,"upper_bound":135.92781078886753},"point_estimate":134.2462527681569,"standard_error":0.8111480664066879},"median":{"confidence_interval":{"confidence_level":0.95,"lower_bound":130.56485826050053,"upper_bound":133.9862035815928},"point_estimate":131.33668057002333,"standard_error":0.8869773009654826},"median_abs_dev":{"confidence_interval":{"confidence_level":0.95,"lower_bound":3.4518603891302417,"upper_bound":6.514953174707253},"point_estimate":5.316042673899031,"standard_error":0.742089943484046},"slope":{"confidence_interval":{"confidence_level":0.95,"lower_bound":131.52062631643594,"upper_bound":133.61352730460516},"point_estimate":132.53044415219082,"standard_error":0.5346507159720583},"std_dev":{"confidence_interval":{"confidence_level":0.95,"lower_bound":5.443539123089091,"upper_bound":10.729699439333848},"point_estimate":8.128545488079732,"standard_error":1.3682901251522348}}