{"mean":{"confidence_interval":{"confidence_level":0.95,"lower_bound":5.219527093170773,"upper_bound":5.225363147706869},"point_estimate":5.2229450341426915,"standard_error":0.0015148720530779084},"median":{"confidence_interval":{"confidence_level":0.95,"lower_bound":5.223675134013898,"upper_bound":5.227399864733178},"point_estimate":5.226390201054077,"standard_error":0.0009214673512626318},"median_abs_dev":{"confidence_interval":{"confidence_level":0.95,"lower_bound":0.004379150136569191,"upper_bound":0.007455508168308786},"point_estimate":0.005748219793605038,"standard_error":0.0007789670941504424},"slope":{"confidence_interval":{"confidence_level":0.95,"lower_bound":5.221032222064898,"upper_bound":5.224741125354453},"point_estimate":5.222928272404348,"standard_error":0.0009458288228154898},"std_dev":{"confidence_interval":{"confidence_level":0.95,"lower_bound":0.006383471174661177,"upper_bound":0.024132400460836437},"point_estimate":0.015179777233572393,"standard_error":0.005805768901835849}}