{"mean":{"confidence_interval":{"confidence_level":0.95,"lower_bound":12.34041516883365,"upper_bound":12.342482514700675},"point_estimate":12.341370112800996,"standard_error":0.0005264902901220221},"median":{"confidence_interval":{"confidence_level":0.95,"lower_bound":12.340169494499486,"upper_bound":12.341275532767987},"point_estimate":12.34087224778077,"standard_error":0.00032647783700615415},"median_abs_dev":{"confidence_interval":{"confidence_level":0.95,"lower_bound":0.00191552723449278,"upper_bound":0.0034600172144906827},"point_estimate":0.0025751723689590223,"standard_error":0.0004053365303319063},"slope":{"confidence_interval":{"confidence_level":0.95,"lower_bound":12.341082626556835,"upper_bound":12.343383394869047},"point_estimate":12.342107259119492,"standard_error":0.0005921639102358508},"std_dev":{"confidence_interval":{"confidence_level":0.95,"lower_bound":0.0030204599560993673,"upper_bound":0.007718021135463902},"point_estimate":0.0053024221708386195,"standard_error":0.0013034304654341586}}