{"mean":{"confidence_interval":{"confidence_level":0.95,"lower_bound":69.76666612643453,"upper_bound":72.30784702081468},"point_estimate":71.04195001929492,"standard_error":0.6513577484944806},"median":{"confidence_interval":{"confidence_level":0.95,"lower_bound":70.28978241140403,"upper_bound":71.10476664128188},"point_estimate":70.62421859982315,"standard_error":0.20716842012106226},"median_abs_dev":{"confidence_interval":{"confidence_level":0.95,"lower_bound":1.8373070311595803,"upper_bound":4.0958472632528915},"point_estimate":2.6905770730930914,"standard_error":0.5876269988420009},"slope":{"confidence_interval":{"confidence_level":0.95,"lower_bound":69.25552020570201,"upper_bound":70.36525039062366},"point_estimate":69.8491852697257,"standard_error":0.28377283954022287},"std_dev":{"confidence_interval":{"confidence_level":0.95,"lower_bound":5.147247662853496,"upper_bound":7.8094327876979515},"point_estimate":6.554344539114597,"standard_error":0.6806233932962555}}