{"mean":{"confidence_interval":{"confidence_level":0.95,"lower_bound":76.07106756149538,"upper_bound":79.00216176763938},"point_estimate":77.55249982759209,"standard_error":0.7480631012067219},"median":{"confidence_interval":{"confidence_level":0.95,"lower_bound":76.914307497077,"upper_bound":79.64669115278046},"point_estimate":77.68052250374588,"standard_error":0.7210178062050787},"median_abs_dev":{"confidence_interval":{"confidence_level":0.95,"lower_bound":4.4523907266241745,"upper_bound":6.732680716045961},"point_estimate":5.6388281859007225,"standard_error":0.5797230764328131},"slope":{"confidence_interval":{"confidence_level":0.95,"lower_bound":76.24839439970299,"upper_bound":78.40572709427686},"point_estimate":77.29456087240214,"standard_error":0.5504648353460498},"std_dev":{"confidence_interval":{"confidence_level":0.95,"lower_bound":6.035635826790334,"upper_bound":8.88819042819268},"point_estimate":7.541563638956998,"standard_error":0.7268908710386981}}