{"mean":{"confidence_interval":{"confidence_level":0.95,"lower_bound":75.86798187479656,"upper_bound":77.17226767364363},"point_estimate":76.51045567003278,"standard_error":0.33190707702145866},"median":{"confidence_interval":{"confidence_level":0.95,"lower_bound":76.00388619616189,"upper_bound":76.9733028298129},"point_estimate":76.47687880696381,"standard_error":0.24491592769443465},"median_abs_dev":{"confidence_interval":{"confidence_level":0.95,"lower_bound":1.551018770058016,"upper_bound":2.47394807082191},"point_estimate":2.059174162157188,"standard_error":0.22910334921455938},"slope":{"confidence_interval":{"confidence_level":0.95,"lower_bound":76.63034437745776,"upper_bound":77.58385593360963},"point_estimate":77.09570257353744,"standard_error":0.2436555598921321},"std_dev":{"confidence_interval":{"confidence_level":0.95,"lower_bound":2.478162965325712,"upper_bound":4.0967643634357955},"point_estimate":3.328664983152483,"standard_error":0.4138437079765974}}