{"mean":{"confidence_interval":{"confidence_level":0.95,"lower_bound":59.78960136789444,"upper_bound":60.430025636704},"point_estimate":60.14072144237753,"standard_error":0.1648505325011546},"median":{"confidence_interval":{"confidence_level":0.95,"lower_bound":60.605205845159475,"upper_bound":60.78672800747037},"point_estimate":60.712393839416634,"standard_error":0.05163801988733711},"median_abs_dev":{"confidence_interval":{"confidence_level":0.95,"lower_bound":0.309793075809379,"upper_bound":0.606460909916348},"point_estimate":0.431392410314666,"standard_error":0.08079540964166407},"slope":{"confidence_interval":{"confidence_level":0.95,"lower_bound":60.729486002571335,"upper_bound":60.82803980626347},"point_estimate":60.77874575086981,"standard_error":0.025102863899501948},"std_dev":{"confidence_interval":{"confidence_level":0.95,"lower_bound":0.832182295390052,"upper_bound":2.340230660044135},"point_estimate":1.6571975676321287,"standard_error":0.38186837292537074}}