{"mean":{"confidence_interval":{"confidence_level":0.95,"lower_bound":50.34986846240642,"upper_bound":51.08121909620833},"point_estimate":50.743304498927834,"standard_error":0.18702699046149474},"median":{"confidence_interval":{"confidence_level":0.95,"lower_bound":51.421863931782084,"upper_bound":51.49871085658584},"point_estimate":51.46065297177945,"standard_error":0.020597355831289205},"median_abs_dev":{"confidence_interval":{"confidence_level":0.95,"lower_bound":0.12222855240458967,"upper_bound":0.2346233068686022},"point_estimate":0.1717134966719243,"standard_error":0.029472975086864455},"slope":{"confidence_interval":{"confidence_level":0.95,"lower_bound":51.46547666518357,"upper_bound":51.5137835740356},"point_estimate":51.49056663991382,"standard_error":0.012305986602131995},"std_dev":{"confidence_interval":{"confidence_level":0.95,"lower_bound":1.187073822344238,"upper_bound":2.496494686720777},"point_estimate":1.882026296393077,"standard_error":0.33793583835241303}}