{"mean":{"confidence_interval":{"confidence_level":0.95,"lower_bound":58.58601814565173,"upper_bound":59.607188529685516},"point_estimate":59.127660348124735,"standard_error":0.26033021344437474},"median":{"confidence_interval":{"confidence_level":0.95,"lower_bound":58.888191192469606,"upper_bound":59.55001035464562},"point_estimate":59.20657918454853,"standard_error":0.14866288007881096},"median_abs_dev":{"confidence_interval":{"confidence_level":0.95,"lower_bound":0.8709641550871561,"upper_bound":1.5109802560944767},"point_estimate":1.0955176146391692,"standard_error":0.15173687725163518},"slope":{"confidence_interval":{"confidence_level":0.95,"lower_bound":59.60703049980374,"upper_bound":60.42178314788495},"point_estimate":59.99079924069112,"standard_error":0.2075724145059146},"std_dev":{"confidence_interval":{"confidence_level":0.95,"lower_bound":1.6453737704290605,"upper_bound":3.4860991248666298},"point_estimate":2.600099625737869,"standard_error":0.4762765426715254}}