{"mean":{"confidence_interval":{"confidence_level":0.95,"lower_bound":58.88202162890734,"upper_bound":59.560050327741266},"point_estimate":59.25383476583462,"standard_error":0.17411083438479377},"median":{"confidence_interval":{"confidence_level":0.95,"lower_bound":59.74353414339702,"upper_bound":59.823000866050805},"point_estimate":59.77305285582927,"standard_error":0.018619993746145615},"median_abs_dev":{"confidence_interval":{"confidence_level":0.95,"lower_bound":0.12621287555388624,"upper_bound":0.23508210232606805},"point_estimate":0.17073187505071244,"standard_error":0.02817133050394665},"slope":{"confidence_interval":{"confidence_level":0.95,"lower_bound":59.75374877422288,"upper_bound":59.80814941094734},"point_estimate":59.779506673126036,"standard_error":0.013886610297381818},"std_dev":{"confidence_interval":{"confidence_level":0.95,"lower_bound":0.9274767107932045,"upper_bound":2.437802168090423},"point_estimate":1.7547145375111317,"standard_error":0.38646288872039686}}