{"mean":{"confidence_interval":{"confidence_level":0.95,"lower_bound":970.7383819708724,"upper_bound":983.3442124862656},"point_estimate":976.4470627047049,"standard_error":3.224383184709756},"median":{"confidence_interval":{"confidence_level":0.95,"lower_bound":965.6078367192392,"upper_bound":973.2511595639247},"point_estimate":969.953925090849,"standard_error":2.0060934936163566},"median_abs_dev":{"confidence_interval":{"confidence_level":0.95,"lower_bound":11.92944785721092,"upper_bound":20.280415753238664},"point_estimate":16.200615597982566,"standard_error":2.171468276281456},"slope":{"confidence_interval":{"confidence_level":0.95,"lower_bound":971.4204204567309,"upper_bound":981.7273190336259},"point_estimate":976.2006276041121,"standard_error":2.634049720765569},"std_dev":{"confidence_interval":{"confidence_level":0.95,"lower_bound":18.183946439197264,"upper_bound":45.64896717970053},"point_estimate":32.30374624165716,"standard_error":7.267013382137903}}