{"mean":{"confidence_interval":{"confidence_level":0.95,"lower_bound":11.462409682884283,"upper_bound":11.46522023620268},"point_estimate":11.463811573939731,"standard_error":0.0007152134850857026},"median":{"confidence_interval":{"confidence_level":0.95,"lower_bound":11.462539409398296,"upper_bound":11.464456165698582},"point_estimate":11.463254217607922,"standard_error":0.0005322070954703923},"median_abs_dev":{"confidence_interval":{"confidence_level":0.95,"lower_bound":0.0032653745918069035,"upper_bound":0.005369271598888},"point_estimate":0.004422767273608444,"standard_error":0.0005234742221027396},"slope":{"confidence_interval":{"confidence_level":0.95,"lower_bound":11.463974549630983,"upper_bound":11.467025977302796},"point_estimate":11.46534294302703,"standard_error":0.0007862052303871372},"std_dev":{"confidence_interval":{"confidence_level":0.95,"lower_bound":0.005324636841958958,"upper_bound":0.008918912394799652},"point_estimate":0.007195452064781387,"standard_error":0.0009190684128038816}}