{"mean":{"confidence_interval":{"confidence_level":0.95,"lower_bound":124.88530293274668,"upper_bound":127.13422560649133},"point_estimate":125.98533669224075,"standard_error":0.5761032665669},"median":{"confidence_interval":{"confidence_level":0.95,"lower_bound":123.95201647164666,"upper_bound":126.33651949305289},"point_estimate":125.01967606875046,"standard_error":0.5727895892251474},"median_abs_dev":{"confidence_interval":{"confidence_level":0.95,"lower_bound":3.823489390472344,"upper_bound":6.75426460858125},"point_estimate":5.6673715777560085,"standard_error":0.7942967248377968},"slope":{"confidence_interval":{"confidence_level":0.95,"lower_bound":122.3433874908615,"upper_bound":124.45897278576324},"point_estimate":123.31346255976183,"standard_error":0.5388232633599598},"std_dev":{"confidence_interval":{"confidence_level":0.95,"lower_bound":4.741064860482807,"upper_bound":6.710963553564297},"point_estimate":5.781754380409936,"standard_error":0.5052693555976717}}