{"mean":{"confidence_interval":{"confidence_level":0.95,"lower_bound":14.457071436203012,"upper_bound":14.741782253608523},"point_estimate":14.59599272647385,"standard_error":0.07244521783189868},"median":{"confidence_interval":{"confidence_level":0.95,"lower_bound":14.443807609501732,"upper_bound":14.741228063818854},"point_estimate":14.525703008331341,"standard_error":0.09389816269127667},"median_abs_dev":{"confidence_interval":{"confidence_level":0.95,"lower_bound":0.4778472889108722,"upper_bound":0.868831077414518},"point_estimate":0.6338387720050769,"standard_error":0.09746796060669957},"slope":{"confidence_interval":{"confidence_level":0.95,"lower_bound":14.422801657072325,"upper_bound":14.795730929493436},"point_estimate":14.609207194958502,"standard_error":0.09484590001590397},"std_dev":{"confidence_interval":{"confidence_level":0.95,"lower_bound":0.5758122641226343,"upper_bound":0.8835612138697237},"point_estimate":0.724992520987059,"standard_error":0.07982529563753134}}