{"mean":{"confidence_interval":{"confidence_level":0.95,"lower_bound":11.394335858497904,"upper_bound":11.398430868655485},"point_estimate":11.396057658812605,"standard_error":0.0010633150283760318},"median":{"confidence_interval":{"confidence_level":0.95,"lower_bound":11.39365863785178,"upper_bound":11.395342494713114},"point_estimate":11.394357204402553,"standard_error":0.0004620266006353042},"median_abs_dev":{"confidence_interval":{"confidence_level":0.95,"lower_bound":0.0021704052212710634,"upper_bound":0.003615047903363014},"point_estimate":0.002715425341483038,"standard_error":0.0003916590512903476},"slope":{"confidence_interval":{"confidence_level":0.95,"lower_bound":11.394269355869447,"upper_bound":11.39569778101733},"point_estimate":11.394971829283268,"standard_error":0.00036557842282544954},"std_dev":{"confidence_interval":{"confidence_level":0.95,"lower_bound":0.0037315211530596602,"upper_bound":0.016926904975966467},"point_estimate":0.010696600903417022,"standard_error":0.0038144771266763796}}