{"mean":{"confidence_interval":{"confidence_level":0.95,"lower_bound":4.647156948184529,"upper_bound":4.655739402428947},"point_estimate":4.651609108955525,"standard_error":0.002192691636103179},"median":{"confidence_interval":{"confidence_level":0.95,"lower_bound":4.654075845930781,"upper_bound":4.660260923605669},"point_estimate":4.657121208149111,"standard_error":0.0016040172223775015},"median_abs_dev":{"confidence_interval":{"confidence_level":0.95,"lower_bound":0.005780415678306904,"upper_bound":0.0124247825424861},"point_estimate":0.008698028801656413,"standard_error":0.0015662282999232544},"slope":{"confidence_interval":{"confidence_level":0.95,"lower_bound":4.635822305954966,"upper_bound":4.65001733491488},"point_estimate":4.643267116508839,"standard_error":0.003624264863060797},"std_dev":{"confidence_interval":{"confidence_level":0.95,"lower_bound":0.015824505420372056,"upper_bound":0.02773266290015719},"point_estimate":0.02193852407919593,"standard_error":0.003060422118364055}}