{"mean":{"confidence_interval":{"confidence_level":0.95,"lower_bound":774.75576153547,"upper_bound":776.4085974942594},"point_estimate":775.4672439150542,"standard_error":0.42785910688310236},"median":{"confidence_interval":{"confidence_level":0.95,"lower_bound":774.1309647058823,"upper_bound":774.5854734422262},"point_estimate":774.3477102564102,"standard_error":0.12950026563389602},"median_abs_dev":{"confidence_interval":{"confidence_level":0.95,"lower_bound":0.6647257185133532,"upper_bound":1.393817970093453},"point_estimate":1.0129820514136445,"standard_error":0.1912469421639432},"slope":{"confidence_interval":{"confidence_level":0.95,"lower_bound":774.0210716339371,"upper_bound":774.568613398276},"point_estimate":774.2551301929955,"standard_error":0.14230610648748196},"std_dev":{"confidence_interval":{"confidence_level":0.95,"lower_bound":1.8405615472209558,"upper_bound":6.581661757246681},"point_estimate":4.303683549249287,"standard_error":1.3420652603986853}}