{"mean":{"confidence_interval":{"confidence_level":0.95,"lower_bound":7.489319128627713,"upper_bound":7.622544121665461},"point_estimate":7.5537060127417055,"standard_error":0.03391781707816338},"median":{"confidence_interval":{"confidence_level":0.95,"lower_bound":7.447518454159269,"upper_bound":7.568176720858332},"point_estimate":7.520103693479694,"standard_error":0.03242651137535885},"median_abs_dev":{"confidence_interval":{"confidence_level":0.95,"lower_bound":0.21435734481707305,"upper_bound":0.3567963006765021},"point_estimate":0.29481773230621455,"standard_error":0.03596230984162523},"slope":{"confidence_interval":{"confidence_level":0.95,"lower_bound":7.430040983665776,"upper_bound":7.600133058907465},"point_estimate":7.506217758220148,"standard_error":0.04350370761029409},"std_dev":{"confidence_interval":{"confidence_level":0.95,"lower_bound":0.27387766181566664,"upper_bound":0.40453530089495976},"point_estimate":0.3419118997472686,"standard_error":0.03352972551791651}}