{"mean":{"confidence_interval":{"confidence_level":0.95,"lower_bound":4.368414360757745,"upper_bound":4.3836098051600185},"point_estimate":4.375230784115278,"standard_error":0.0038932960814027596},"median":{"confidence_interval":{"confidence_level":0.95,"lower_bound":4.359905746914919,"upper_bound":4.368371217280018},"point_estimate":4.361921667757944,"standard_error":0.0019084357631004994},"median_abs_dev":{"confidence_interval":{"confidence_level":0.95,"lower_bound":0.005429707782954447,"upper_bound":0.014092539024254216},"point_estimate":0.009046748035862638,"standard_error":0.0022179067969916423},"slope":{"confidence_interval":{"confidence_level":0.95,"lower_bound":4.3647439026085095,"upper_bound":4.38006155300052},"point_estimate":4.371387543521809,"standard_error":0.003962045744858713},"std_dev":{"confidence_interval":{"confidence_level":0.95,"lower_bound":0.019092625910543327,"upper_bound":0.056248362877071245},"point_estimate":0.0392850202490443,"standard_error":0.009537716271142483}}