{"mean":{"confidence_interval":{"confidence_level":0.95,"lower_bound":189.99679412847658,"upper_bound":191.3818884719898},"point_estimate":190.70366869560792,"standard_error":0.3529932383991438},"median":{"confidence_interval":{"confidence_level":0.95,"lower_bound":190.799591002045,"upper_bound":191.60231829958758},"point_estimate":191.2524060582822,"standard_error":0.2379524136970861},"median_abs_dev":{"confidence_interval":{"confidence_level":0.95,"lower_bound":1.4551527345400528,"upper_bound":3.003120786493564},"point_estimate":1.9126821659310547,"standard_error":0.38599738686871754},"slope":{"confidence_interval":{"confidence_level":0.95,"lower_bound":189.8901288705457,"upper_bound":190.9944027724323},"point_estimate":190.47874133856018,"standard_error":0.2818598148961752},"std_dev":{"confidence_interval":{"confidence_level":0.95,"lower_bound":2.9532969472272415,"upper_bound":4.067627285525933},"point_estimate":3.5518816271711287,"standard_error":0.2832438880789542}}