{"mean":{"confidence_interval":{"confidence_level":0.95,"lower_bound":1433.9581013710088,"upper_bound":1436.421575583769},"point_estimate":1435.0876846980325,"standard_error":0.6332750576933905},"median":{"confidence_interval":{"confidence_level":0.95,"lower_bound":1432.5564171522485,"upper_bound":1433.4791196994095},"point_estimate":1432.8702337345194,"standard_error":0.25273049277008547},"median_abs_dev":{"confidence_interval":{"confidence_level":0.95,"lower_bound":1.1926725961862887,"upper_bound":2.2716824873553434},"point_estimate":1.6810784130030443,"standard_error":0.28346221923398984},"slope":{"confidence_interval":{"confidence_level":0.95,"lower_bound":1432.2068303064927,"upper_bound":1432.6766361794655},"point_estimate":1432.4193936901802,"standard_error":0.1198600850708704},"std_dev":{"confidence_interval":{"confidence_level":0.95,"lower_bound":3.6254765813346244,"upper_bound":8.660289220809013},"point_estimate":6.369303004580372,"standard_error":1.2832154494245491}}