{"mean":{"confidence_interval":{"confidence_level":0.95,"lower_bound":1990.3236920496024,"upper_bound":2040.133971918436},"point_estimate":2013.9983438078168,"standard_error":12.734579520157583},"median":{"confidence_interval":{"confidence_level":0.95,"lower_bound":1970.8835360301769,"upper_bound":2016.9669858870968},"point_estimate":1988.9593526271397,"standard_error":13.84772076414621},"median_abs_dev":{"confidence_interval":{"confidence_level":0.95,"lower_bound":73.3703804941404,"upper_bound":115.83884718096643},"point_estimate":97.58305834921411,"standard_error":11.063699911432193},"slope":{"confidence_interval":{"confidence_level":0.95,"lower_bound":1979.3347569635287,"upper_bound":2024.6266473399894},"point_estimate":2000.368313113449,"standard_error":11.57068731125179},"std_dev":{"confidence_interval":{"confidence_level":0.95,"lower_bound":89.59189127314835,"upper_bound":165.5688884794713},"point_estimate":128.60248990273587,"standard_error":19.65459411403696}}