{"mean":{"confidence_interval":{"confidence_level":0.95,"lower_bound":70.47252231183535,"upper_bound":71.65351571061468},"point_estimate":71.09198252871116,"standard_error":0.3019389447795157},"median":{"confidence_interval":{"confidence_level":0.95,"lower_bound":71.33580928809349,"upper_bound":71.72704280671454},"point_estimate":71.56857875038853,"standard_error":0.10363027514689276},"median_abs_dev":{"confidence_interval":{"confidence_level":0.95,"lower_bound":0.747830893155646,"upper_bound":1.3076445756085309},"point_estimate":1.0216249871767333,"standard_error":0.13758555678886109},"slope":{"confidence_interval":{"confidence_level":0.95,"lower_bound":71.12076474495836,"upper_bound":71.73088914177484},"point_estimate":71.39251536689623,"standard_error":0.1559355927757489},"std_dev":{"confidence_interval":{"confidence_level":0.95,"lower_bound":1.9457902151229107,"upper_bound":4.011290037380531},"point_estimate":3.02998800750211,"standard_error":0.532103271644023}}