{"mean":{"confidence_interval":{"confidence_level":0.95,"lower_bound":9381.78111071843,"upper_bound":9413.259149858422},"point_estimate":9394.646098196505,"standard_error":8.183702416108892},"median":{"confidence_interval":{"confidence_level":0.95,"lower_bound":9371.475555555555,"upper_bound":9382.553162393164},"point_estimate":9379.514942180478,"standard_error":3.0703157072515417},"median_abs_dev":{"confidence_interval":{"confidence_level":0.95,"lower_bound":16.590152981853198,"upper_bound":28.415490810900152},"point_estimate":22.507741666198473,"standard_error":2.999072283596548},"slope":{"confidence_interval":{"confidence_level":0.95,"lower_bound":9370.704483538917,"upper_bound":9396.141113345275},"point_estimate":9382.181858740245,"standard_error":6.541798394351661},"std_dev":{"confidence_interval":{"confidence_level":0.95,"lower_bound":27.65414038902983,"upper_bound":131.55348109558471},"point_estimate":82.10041326921073,"standard_error":31.580761883845643}}