{"mean":{"confidence_interval":{"confidence_level":0.95,"lower_bound":155.2802887251,"upper_bound":157.448181431599},"point_estimate":156.3458054356182,"standard_error":0.5529877873138882},"median":{"confidence_interval":{"confidence_level":0.95,"lower_bound":155.08229722064664,"upper_bound":157.14423255813952},"point_estimate":155.77589421547046,"standard_error":0.4543505732652731},"median_abs_dev":{"confidence_interval":{"confidence_level":0.95,"lower_bound":3.7057578808018303,"upper_bound":6.081620564506168},"point_estimate":4.886444014063218,"standard_error":0.6185222145079925},"slope":{"confidence_interval":{"confidence_level":0.95,"lower_bound":153.6948119006504,"upper_bound":155.76090984383285},"point_estimate":154.70429496221402,"standard_error":0.5276204257125214},"std_dev":{"confidence_interval":{"confidence_level":0.95,"lower_bound":4.549751880347527,"upper_bound":6.508664907616522},"point_estimate":5.546202134740198,"standard_error":0.5049046610563587}}