{"mean":{"confidence_interval":{"confidence_level":0.95,"lower_bound":2302.041524099129,"upper_bound":2307.447714934221},"point_estimate":2304.4607364806698,"standard_error":1.3837436868002417},"median":{"confidence_interval":{"confidence_level":0.95,"lower_bound":2299.556879983985,"upper_bound":2301.978500237304},"point_estimate":2300.3174035536636,"standard_error":0.7025241723292033},"median_abs_dev":{"confidence_interval":{"confidence_level":0.95,"lower_bound":3.6397878180379144,"upper_bound":6.695685419655258},"point_estimate":4.650618735458187,"standard_error":0.8328018265431195},"slope":{"confidence_interval":{"confidence_level":0.95,"lower_bound":2299.7248350863783,"upper_bound":2305.2064148407812},"point_estimate":2302.156972750798,"standard_error":1.4091542255683467},"std_dev":{"confidence_interval":{"confidence_level":0.95,"lower_bound":7.10080431872891,"upper_bound":20.09004215909418},"point_estimate":13.859816458683966,"standard_error":3.418425906598842}}