{"mean":{"confidence_interval":{"confidence_level":0.95,"lower_bound":18.152712912932074,"upper_bound":18.69181063619678},"point_estimate":18.419364481795846,"standard_error":0.13779692398785032},"median":{"confidence_interval":{"confidence_level":0.95,"lower_bound":17.9105004030541,"upper_bound":18.782320072769124},"point_estimate":18.33503836432717,"standard_error":0.20573404030759176},"median_abs_dev":{"confidence_interval":{"confidence_level":0.95,"lower_bound":1.2367864602784937,"upper_bound":1.8654396320978475},"point_estimate":1.532857549349369,"standard_error":0.16111688112905903},"slope":{"confidence_interval":{"confidence_level":0.95,"lower_bound":18.063965635318482,"upper_bound":18.70458009562992},"point_estimate":18.389478588769403,"standard_error":0.16353271282252818},"std_dev":{"confidence_interval":{"confidence_level":0.95,"lower_bound":1.1849520453001692,"upper_bound":1.5745664676309652},"point_estimate":1.3837393277284546,"standard_error":0.09983914526653136}}