{"mean":{"confidence_interval":{"confidence_level":0.95,"lower_bound":14.3142891452933,"upper_bound":14.345142070608587},"point_estimate":14.32960226697734,"standard_error":0.007890319128985994},"median":{"confidence_interval":{"confidence_level":0.95,"lower_bound":14.30287036831021,"upper_bound":14.342432147791724},"point_estimate":14.321014198416442,"standard_error":0.010550170443025393},"median_abs_dev":{"confidence_interval":{"confidence_level":0.95,"lower_bound":0.05545291934007474,"upper_bound":0.09071437521514852},"point_estimate":0.0762922992979755,"standard_error":0.009073150482221291},"slope":{"confidence_interval":{"confidence_level":0.95,"lower_bound":14.301926400145856,"upper_bound":14.34880444333615},"point_estimate":14.32476905443592,"standard_error":0.01195940759715901},"std_dev":{"confidence_interval":{"confidence_level":0.95,"lower_bound":0.06678115879674902,"upper_bound":0.09025474260166039},"point_estimate":0.07921038011672121,"standard_error":0.005999293476465331}}