{"mean":{"confidence_interval":{"confidence_level":0.95,"lower_bound":1199.6504446080726,"upper_bound":1202.2641755282184},"point_estimate":1201.1031040080638,"standard_error":0.6653811039933794},"median":{"confidence_interval":{"confidence_level":0.95,"lower_bound":1200.781615663659,"upper_bound":1201.8530969675367},"point_estimate":1201.2531067526177,"standard_error":0.3120970801980343},"median_abs_dev":{"confidence_interval":{"confidence_level":0.95,"lower_bound":2.0700468566150385,"upper_bound":3.787200907239289},"point_estimate":2.721298260068838,"standard_error":0.444872935359298},"slope":{"confidence_interval":{"confidence_level":0.95,"lower_bound":1200.5267184948568,"upper_bound":1201.6985368075962},"point_estimate":1201.1106139635963,"standard_error":0.29893662705512},"std_dev":{"confidence_interval":{"confidence_level":0.95,"lower_bound":3.25218555252523,"upper_bound":10.274813500171676},"point_estimate":6.686746494926417,"standard_error":2.0795481996716627}}