{"mean":{"confidence_interval":{"confidence_level":0.95,"lower_bound":58.4155762143948,"upper_bound":59.25760259706646},"point_estimate":58.87032879224709,"standard_error":0.2154983652210388},"median":{"confidence_interval":{"confidence_level":0.95,"lower_bound":59.54287034820233,"upper_bound":59.71942205416997},"point_estimate":59.60949794716591,"standard_error":0.05058460101359128},"median_abs_dev":{"confidence_interval":{"confidence_level":0.95,"lower_bound":0.34637064662321954,"upper_bound":0.6814887291125457},"point_estimate":0.5042252088002886,"standard_error":0.08741582697283515},"slope":{"confidence_interval":{"confidence_level":0.95,"lower_bound":59.524538001326746,"upper_bound":59.68936847294495},"point_estimate":59.609172754792695,"standard_error":0.04202249385969133},"std_dev":{"confidence_interval":{"confidence_level":0.95,"lower_bound":1.3283226820736613,"upper_bound":2.9079626150134845},"point_estimate":2.172455670126772,"standard_error":0.4065733638441475}}