{"mean":{"confidence_interval":{"confidence_level":0.95,"lower_bound":17.00525272533399,"upper_bound":17.02498887256234},"point_estimate":17.014646506022874,"standard_error":0.005042736611572543},"median":{"confidence_interval":{"confidence_level":0.95,"lower_bound":16.989196557872855,"upper_bound":16.991883701507177},"point_estimate":16.99020481346114,"standard_error":0.0007020670557814016},"median_abs_dev":{"confidence_interval":{"confidence_level":0.95,"lower_bound":0.002648341820211719,"upper_bound":0.006553613576599632},"point_estimate":0.003741886757465631,"standard_error":0.0010117608778025704},"slope":{"confidence_interval":{"confidence_level":0.95,"lower_bound":17.01039403137903,"upper_bound":17.041567291990287},"point_estimate":17.025919316041726,"standard_error":0.007971414890468162},"std_dev":{"confidence_interval":{"confidence_level":0.95,"lower_bound":0.04003628195945898,"upper_bound":0.058821414039873975},"point_estimate":0.05055394870530037,"standard_error":0.004799462614551076}}