{"mean":{"confidence_interval":{"confidence_level":0.95,"lower_bound":11.35682593851751,"upper_bound":11.382958766667572},"point_estimate":11.368214649077027,"standard_error":0.006703929853909314},"median":{"confidence_interval":{"confidence_level":0.95,"lower_bound":11.349109724568295,"upper_bound":11.359760753597037},"point_estimate":11.353507522663747,"standard_error":0.0027997568615384548},"median_abs_dev":{"confidence_interval":{"confidence_level":0.95,"lower_bound":0.0153757112647161,"upper_bound":0.026693500283506803},"point_estimate":0.01907740022443751,"standard_error":0.0029517718457994268},"slope":{"confidence_interval":{"confidence_level":0.95,"lower_bound":11.357802734940426,"upper_bound":11.373904829568172},"point_estimate":11.365125670364161,"standard_error":0.004138893109033373},"std_dev":{"confidence_interval":{"confidence_level":0.95,"lower_bound":0.026879379355147254,"upper_bound":0.10086973316606064},"point_estimate":0.06739531424194194,"standard_error":0.019566866243486372}}