{"mean":{"confidence_interval":{"confidence_level":0.95,"lower_bound":17.47265639078991,"upper_bound":17.61658435067428},"point_estimate":17.544944221108373,"standard_error":0.03667086977596676},"median":{"confidence_interval":{"confidence_level":0.95,"lower_bound":17.447103458674032,"upper_bound":17.67325771215284},"point_estimate":17.563525035029564,"standard_error":0.055033538365508644},"median_abs_dev":{"confidence_interval":{"confidence_level":0.95,"lower_bound":0.26421894942986407,"upper_bound":0.416177014644779},"point_estimate":0.3353710546714923,"standard_error":0.03925083975377591},"slope":{"confidence_interval":{"confidence_level":0.95,"lower_bound":17.496692783478693,"upper_bound":17.625600569664925},"point_estimate":17.561284096375882,"standard_error":0.03285720094052512},"std_dev":{"confidence_interval":{"confidence_level":0.95,"lower_bound":0.3129135267023518,"upper_bound":0.42096452596761713},"point_estimate":0.369911067649995,"standard_error":0.027475660527909028}}