{"mean":{"confidence_interval":{"confidence_level":0.95,"lower_bound":22.367659646404828,"upper_bound":22.750777457127047},"point_estimate":22.557256642334448,"standard_error":0.09773395658982971},"median":{"confidence_interval":{"confidence_level":0.95,"lower_bound":22.302060912805516,"upper_bound":22.66252946583655},"point_estimate":22.471152780515744,"standard_error":0.08604674993985167},"median_abs_dev":{"confidence_interval":{"confidence_level":0.95,"lower_bound":0.7302144201120451,"upper_bound":1.1904399441267919},"point_estimate":1.0218088108953833,"standard_error":0.11908391519074081},"slope":{"confidence_interval":{"confidence_level":0.95,"lower_bound":22.405298621454556,"upper_bound":22.82021444978249},"point_estimate":22.604131922237645,"standard_error":0.10599729263607643},"std_dev":{"confidence_interval":{"confidence_level":0.95,"lower_bound":0.8186118912148719,"upper_bound":1.129372369884897},"point_estimate":0.9800902280158468,"standard_error":0.07967646373151809}}