{"mean":{"confidence_interval":{"confidence_level":0.95,"lower_bound":126634.30722567893,"upper_bound":127039.17274334855},"point_estimate":126802.65160092128,"standard_error":105.62424180722955},"median":{"confidence_interval":{"confidence_level":0.95,"lower_bound":126562.73093220338,"upper_bound":126636.98464076247},"point_estimate":126609.99579326923,"standard_error":18.435305802054042},"median_abs_dev":{"confidence_interval":{"confidence_level":0.95,"lower_bound":149.40116156522026,"upper_bound":265.6979649599632},"point_estimate":209.97422841171152,"standard_error":29.782046902359845},"slope":{"confidence_interval":{"confidence_level":0.95,"lower_bound":126423.20386913368,"upper_bound":126503.04860375954},"point_estimate":126461.66828838481,"standard_error":20.37591912988048},"std_dev":{"confidence_interval":{"confidence_level":0.95,"lower_bound":340.66781755132774,"upper_bound":1693.498203490957},"point_estimate":1062.947353199233,"standard_error":398.05142825094777}}