{"mean":{"confidence_interval":{"confidence_level":0.95,"lower_bound":336.9774794361532,"upper_bound":343.973655009911},"point_estimate":340.23368021739174,"standard_error":1.781990760875511},"median":{"confidence_interval":{"confidence_level":0.95,"lower_bound":334.1283709379268,"upper_bound":338.5437045625301},"point_estimate":336.7814362427556,"standard_error":1.1348839746746775},"median_abs_dev":{"confidence_interval":{"confidence_level":0.95,"lower_bound":7.023765600583435,"upper_bound":12.376860331911203},"point_estimate":10.159790826140526,"standard_error":1.4061474576036277},"slope":{"confidence_interval":{"confidence_level":0.95,"lower_bound":340.97821408978734,"upper_bound":352.24827749452845},"point_estimate":346.2446863459974,"standard_error":2.88513707923414},"std_dev":{"confidence_interval":{"confidence_level":0.95,"lower_bound":11.644501736923619,"upper_bound":24.39271583447705},"point_estimate":17.91845112866641,"standard_error":3.364310988151682}}